Commodity_Code,Commodity_Description,Country_Code,Country_Name,Market_Year,Calendar_Year,Month,Attribute_ID,Attribute_Description,Unit_ID,Unit_Description,Value
577400,"Almonds, Shelled Basis",AF,Afghanistan,2010,2018,10,20,Beginning Stocks,21,(MT),0.0
577400,"Almonds, Shelled Basis",AF,Afghanistan,2010,2018,10,125,Domestic Consumption,21,(MT),0.0
577400,"Almonds, Shelled Basis",AF,Afghanistan,2010,2018,10,176,Ending Stocks,21,(MT),0.0
577400,"Almonds, Shelled Basis",AF,Afghanistan,2010,2018,10,88,Exports,21,(MT),0.0
577400,"Almonds, Shelled Basis",AF,Afghanistan,2010,2018,10,57,Imports,21,(MT),0.0
577400,"Almonds, Shelled Basis",AF,Afghanistan,2010,2018,10,28,Production,21,(MT),0.0
577400,"Almonds, Shelled Basis",AF,Afghanistan,2010,2018,10,178,Total Distribution,21,(MT),0.0
577400,"Almonds, Shelled Basis",AF,Afghanistan,2010,2018,10,86,Total Supply,21,(MT),0.0
577400,"Almonds, Shelled Basis",AG,Algeria,2001,2010,10,20,Beginning Stocks,21,(MT),0.0
577400,"Almonds, Shelled Basis",AG,Algeria,2001,2010,10,125,Domestic Consumption,21,(MT),300.0
577400,"Almonds, Shelled Basis",AG,Algeria,2001,2010,10,176,Ending Stocks,21,(MT),0.0
577400,"Almonds, Shelled Basis",AG,Algeria,2001,2010,10,88,Exports,21,(MT),0.0
577400,"Almonds, Shelled Basis",AG,Algeria,2001,2010,10,57,Imports,21,(MT),300.0
577400,"Almonds, Shelled Basis",AG,Algeria,2001,2010,10,28,Production,21,(MT),0.0
577400,"Almonds, Shelled Basis",AG,Algeria,2001,2010,10,178,Total Distribution,21,(MT),300.0
577400,"Almonds, Shelled Basis",AG,Algeria,2001,2010,10,86,Total Supply,21,(MT),300.0
577400,"Almonds, Shelled Basis",AG,Algeria,2002,2014,10,20,Beginning Stocks,21,(MT),0.0
577400,"Almonds, Shelled Basis",AG,Algeria,2002,2014,10,125,Domestic Consumption,21,(MT),1200.0
577400,"Almonds, Shelled Basis",AG,Algeria,2002,2014,10,176,Ending Stocks,21,(MT),0.0
577400,"Almonds, Shelled Basis",AG,Algeria,2002,2014,10,88,Exports,21,(MT),0.0
577400,"Almonds, Shelled Basis",AG,Algeria,2002,2014,10,57,Imports,21,(MT),1200.0
577400,"Almonds, Shelled Basis",AG,Algeria,2002,2014,10,28,Production,21,(MT),0.0
577400,"Almonds, Shelled Basis",AG,Algeria,2002,2014,10,178,Total Distribution,21,(MT),1200.0
577400,"Almonds, Shelled Basis",AG,Algeria,2002,2014,10,86,Total Supply,21,(MT),1200.0
577400,"Almonds, Shelled Basis",AG,Algeria,2003,2010,10,20,Beginning Stocks,21,(MT),0.0
577400,"Almonds, Shelled Basis",AG,Algeria,2003,2010,10,125,Domestic Consumption,21,(MT),1600.0
577400,"Almonds, Shelled Basis",AG,Algeria,2003,2010,10,176,Ending Stocks,21,(MT),0.0
577400,"Almonds, Shelled Basis",AG,Algeria,2003,2010,10,88,Exports,21,(MT),0.0
577400,"Almonds, Shelled Basis",AG,Algeria,2003,2010,10,57,Imports,21,(MT),1600.0
577400,"Almonds, Shelled Basis",AG,Algeria,2003,2010,10,28,Production,21,(MT),0.0
577400,"Almonds, Shelled Basis",AG,Algeria,2003,2010,10,178,Total Distribution,21,(MT),1600.0
577400,"Almonds, Shelled Basis",AG,Algeria,2003,2010,10,86,Total Supply,21,(MT),1600.0
577400,"Almonds, Shelled Basis",AG,Algeria,2004,2009,8,20,Beginning Stocks,21,(MT),0.0
577400,"Almonds, Shelled Basis",AG,Algeria,2004,2009,8,125,Domestic Consumption,21,(MT),800.0
577400,"Almonds, Shelled Basis",AG,Algeria,2004,2009,8,176,Ending Stocks,21,(MT),0.0
577400,"Almonds, Shelled Basis",AG,Algeria,2004,2009,8,88,Exports,21,(MT),0.0
577400,"Almonds, Shelled Basis",AG,Algeria,2004,2009,8,57,Imports,21,(MT),800.0
577400,"Almonds, Shelled Basis",AG,Algeria,2004,2009,8,28,Production,21,(MT),0.0
577400,"Almonds, Shelled Basis",AG,Algeria,2004,2009,8,178,Total Distribution,21,(MT),800.0
577400,"Almonds, Shelled Basis",AG,Algeria,2004,2009,8,86,Total Supply,21,(MT),800.0
577400,"Almonds, Shelled Basis",AG,Algeria,2005,2009,8,20,Beginning Stocks,21,(MT),0.0
577400,"Almonds, Shelled Basis",AG,Algeria,2005,2009,8,125,Domestic Consumption,21,(MT),1600.0
577400,"Almonds, Shelled Basis",AG,Algeria,2005,2009,8,176,Ending Stocks,21,(MT),0.0
577400,"Almonds, Shelled Basis",AG,Algeria,2005,2009,8,88,Exports,21,(MT),0.0
577400,"Almonds, Shelled Basis",AG,Algeria,2005,2009,8,57,Imports,21,(MT),1600.0
577400,"Almonds, Shelled Basis",AG,Algeria,2005,2009,8,28,Production,21,(MT),0.0
577400,"Almonds, Shelled Basis",AG,Algeria,2005,2009,8,178,Total Distribution,21,(MT),1600.0
577400,"Almonds, Shelled Basis",AG,Algeria,2005,2009,8,86,Total Supply,21,(MT),1600.0
577400,"Almonds, Shelled Basis",AG,Algeria,2006,2014,10,20,Beginning Stocks,21,(MT),0.0
577400,"Almonds, Shelled Basis",AG,Algeria,2006,2014,10,125,Domestic Consumption,21,(MT),2200.0
577400,"Almonds, Shelled Basis",AG,Algeria,2006,2014,10,176,Ending Stocks,21,(MT),0.0
577400,"Almonds, Shelled Basis",AG,Algeria,2006,2014,10,88,Exports,21,(MT),0.0
577400,"Almonds, Shelled Basis",AG,Algeria,2006,2014,10,57,Imports,21,(MT),2200.0
577400,"Almonds, Shelled Basis",AG,Algeria,2006,2014,10,28,Production,21,(MT),0.0
577400,"Almonds, Shelled Basis",AG,Algeria,2006,2014,10,178,Total Distribution,21,(MT),2200.0
577400,"Almonds, Shelled Basis",AG,Algeria,2006,2014,10,86,Total Supply,21,(MT),2200.0
577400,"Almonds, Shelled Basis",AG,Algeria,2007,2014,10,20,Beginning Stocks,21,(MT),0.0
577400,"Almonds, Shelled Basis",AG,Algeria,2007,2014,10,125,Domestic Consumption,21,(MT),2800.0
577400,"Almonds, Shelled Basis",AG,Algeria,2007,2014,10,176,Ending Stocks,21,(MT),0.0
577400,"Almonds, Shelled Basis",AG,Algeria,2007,2014,10,88,Exports,21,(MT),0.0
577400,"Almonds, Shelled Basis",AG,Algeria,2007,2014,10,57,Imports,21,(MT),2800.0
577400,"Almonds, Shelled Basis",AG,Algeria,2007,2014,10,28,Production,21,(MT),0.0
577400,"Almonds, Shelled Basis",AG,Algeria,2007,2014,10,178,Total Distribution,21,(MT),2800.0
577400,"Almonds, Shelled Basis",AG,Algeria,2007,2014,10,86,Total Supply,21,(MT),2800.0
577400,"Almonds, Shelled Basis",AG,Algeria,2008,2014,10,20,Beginning Stocks,21,(MT),0.0
577400,"Almonds, Shelled Basis",AG,Algeria,2008,2014,10,125,Domestic Consumption,21,(MT),7600.0
577400,"Almonds, Shelled Basis",AG,Algeria,2008,2014,10,176,Ending Stocks,21,(MT),0.0
577400,"Almonds, Shelled Basis",AG,Algeria,2008,2014,10,88,Exports,21,(MT),0.0
577400,"Almonds, Shelled Basis",AG,Algeria,2008,2014,10,57,Imports,21,(MT),7600.0
577400,"Almonds, Shelled Basis",AG,Algeria,2008,2014,10,28,Production,21,(MT),0.0
577400,"Almonds, Shelled Basis",AG,Algeria,2008,2014,10,178,Total Distribution,21,(MT),7600.0
577400,"Almonds, Shelled Basis",AG,Algeria,2008,2014,10,86,Total Supply,21,(MT),7600.0
577400,"Almonds, Shelled Basis",AG,Algeria,2009,2014,10,20,Beginning Stocks,21,(MT),0.0
577400,"Almonds, Shelled Basis",AG,Algeria,2009,2014,10,125,Domestic Consumption,21,(MT),3800.0
577400,"Almonds, Shelled Basis",AG,Algeria,2009,2014,10,176,Ending Stocks,21,(MT),0.0
577400,"Almonds, Shelled Basis",AG,Algeria,2009,2014,10,88,Exports,21,(MT),0.0
577400,"Almonds, Shelled Basis",AG,Algeria,2009,2014,10,57,Imports,21,(MT),3800.0
577400,"Almonds, Shelled Basis",AG,Algeria,2009,2014,10,28,Production,21,(MT),0.0
577400,"Almonds, Shelled Basis",AG,Algeria,2009,2014,10,178,Total Distribution,21,(MT),3800.0
577400,"Almonds, Shelled Basis",AG,Algeria,2009,2014,10,86,Total Supply,21,(MT),3800.0
577400,"Almonds, Shelled Basis",AG,Algeria,2010,2014,10,20,Beginning Stocks,21,(MT),0.0
577400,"Almonds, Shelled Basis",AG,Algeria,2010,2014,10,125,Domestic Consumption,21,(MT),6600.0
577400,"Almonds, Shelled Basis",AG,Algeria,2010,2014,10,176,Ending Stocks,21,(MT),0.0
577400,"Almonds, Shelled Basis",AG,Algeria,2010,2014,10,88,Exports,21,(MT),0.0
577400,"Almonds, Shelled Basis",AG,Algeria,2010,2014,10,57,Imports,21,(MT),6600.0
577400,"Almonds, Shelled Basis",AG,Algeria,2010,2014,10,28,Production,21,(MT),0.0
577400,"Almonds, Shelled Basis",AG,Algeria,2010,2014,10,178,Total Distribution,21,(MT),6600.0
577400,"Almonds, Shelled Basis",AG,Algeria,2010,2014,10,86,Total Supply,21,(MT),6600.0
577400,"Almonds, Shelled Basis",AG,Algeria,2011,2014,10,20,Beginning Stocks,21,(MT),0.0
577400,"Almonds, Shelled Basis",AG,Algeria,2011,2014,10,125,Domestic Consumption,21,(MT),7500.0
577400,"Almonds, Shelled Basis",AG,Algeria,2011,2014,10,176,Ending Stocks,21,(MT),0.0
577400,"Almonds, Shelled Basis",AG,Algeria,2011,2014,10,88,Exports,21,(MT),0.0
577400,"Almonds, Shelled Basis",AG,Algeria,2011,2014,10,57,Imports,21,(MT),7500.0
577400,"Almonds, Shelled Basis",AG,Algeria,2011,2014,10,28,Production,21,(MT),0.0
577400,"Almonds, Shelled Basis",AG,Algeria,2011,2014,10,178,Total Distribution,21,(MT),7500.0
577400,"Almonds, Shelled Basis",AG,Algeria,2011,2014,10,86,Total Supply,21,(MT),7500.0
577400,"Almonds, Shelled Basis",AG,Algeria,2012,2014,10,20,Beginning Stocks,21,(MT),0.0
577400,"Almonds, Shelled Basis",AG,Algeria,2012,2014,10,125,Domestic Consumption,21,(MT),6700.0
577400,"Almonds, Shelled Basis",AG,Algeria,2012,2014,10,176,Ending Stocks,21,(MT),0.0
577400,"Almonds, Shelled Basis",AG,Algeria,2012,2014,10,88,Exports,21,(MT),0.0
577400,"Almonds, Shelled Basis",AG,Algeria,2012,2014,10,57,Imports,21,(MT),6700.0
577400,"Almonds, Shelled Basis",AG,Algeria,2012,2014,10,28,Production,21,(MT),0.0
577400,"Almonds, Shelled Basis",AG,Algeria,2012,2014,10,178,Total Distribution,21,(MT),6700.0
577400,"Almonds, Shelled Basis",AG,Algeria,2012,2014,10,86,Total Supply,21,(MT),6700.0
577400,"Almonds, Shelled Basis",AG,Algeria,2013,2014,10,20,Beginning Stocks,21,(MT),0.0
577400,"Almonds, Shelled Basis",AG,Algeria,2013,2014,10,125,Domestic Consumption,21,(MT),4300.0
577400,"Almonds, Shelled Basis",AG,Algeria,2013,2014,10,176,Ending Stocks,21,(MT),0.0
577400,"Almonds, Shelled Basis",AG,Algeria,2013,2014,10,88,Exports,21,(MT),0.0
577400,"Almonds, Shelled Basis",AG,Algeria,2013,2014,10,57,Imports,21,(MT),4300.0
577400,"Almonds, Shelled Basis",AG,Algeria,2013,2014,10,28,Production,21,(MT),0.0
577400,"Almonds, Shelled Basis",AG,Algeria,2013,2014,10,178,Total Distribution,21,(MT),4300.0
577400,"Almonds, Shelled Basis",AG,Algeria,2013,2014,10,86,Total Supply,21,(MT),4300.0
577400,"Almonds, Shelled Basis",AG,Algeria,2014,2016,8,20,Beginning Stocks,21,(MT),0.0
577400,"Almonds, Shelled Basis",AG,Algeria,2014,2016,8,125,Domestic Consumption,21,(MT),2800.0
577400,"Almonds, Shelled Basis",AG,Algeria,2014,2016,8,176,Ending Stocks,21,(MT),0.0
577400,"Almonds, Shelled Basis",AG,Algeria,2014,2016,8,88,Exports,21,(MT),0.0
577400,"Almonds, Shelled Basis",AG,Algeria,2014,2016,8,57,Imports,21,(MT),2800.0
577400,"Almonds, Shelled Basis",AG,Algeria,2014,2016,8,28,Production,21,(MT),0.0
577400,"Almonds, Shelled Basis",AG,Algeria,2014,2016,8,178,Total Distribution,21,(MT),2800.0
577400,"Almonds, Shelled Basis",AG,Algeria,2014,2016,8,86,Total Supply,21,(MT),2800.0
577400,"Almonds, Shelled Basis",AG,Algeria,2015,2016,10,20,Beginning Stocks,21,(MT),0.0
577400,"Almonds, Shelled Basis",AG,Algeria,2015,2016,10,125,Domestic Consumption,21,(MT),4300.0
577400,"Almonds, Shelled Basis",AG,Algeria,2015,2016,10,176,Ending Stocks,21,(MT),0.0
577400,"Almonds, Shelled Basis",AG,Algeria,2015,2016,10,88,Exports,21,(MT),0.0
577400,"Almonds, Shelled Basis",AG,Algeria,2015,2016,10,57,Imports,21,(MT),4300.0
577400,"Almonds, Shelled Basis",AG,Algeria,2015,2016,10,28,Production,21,(MT),0.0
577400,"Almonds, Shelled Basis",AG,Algeria,2015,2016,10,178,Total Distribution,21,(MT),4300.0
577400,"Almonds, Shelled Basis",AG,Algeria,2015,2016,10,86,Total Supply,21,(MT),4300.0
577400,"Almonds, Shelled Basis",AG,Algeria,2016,2018,10,20,Beginning Stocks,21,(MT),0.0
577400,"Almonds, Shelled Basis",AG,Algeria,2016,2018,10,125,Domestic Consumption,21,(MT),5900.0
577400,"Almonds, Shelled Basis",AG,Algeria,2016,2018,10,176,Ending Stocks,21,(MT),0.0
577400,"Almonds, Shelled Basis",AG,Algeria,2016,2018,10,88,Exports,21,(MT),0.0
577400,"Almonds, Shelled Basis",AG,Algeria,2016,2018,10,57,Imports,21,(MT),5900.0
577400,"Almonds, Shelled Basis",AG,Algeria,2016,2018,10,28,Production,21,(MT),0.0
577400,"Almonds, Shelled Basis",AG,Algeria,2016,2018,10,178,Total Distribution,21,(MT),5900.0
577400,"Almonds, Shelled Basis",AG,Algeria,2016,2018,10,86,Total Supply,21,(MT),5900.0
577400,"Almonds, Shelled Basis",AG,Algeria,2017,2019,10,20,Beginning Stocks,21,(MT),0.0
577400,"Almonds, Shelled Basis",AG,Algeria,2017,2019,10,125,Domestic Consumption,21,(MT),3300.0
577400,"Almonds, Shelled Basis",AG,Algeria,2017,2019,10,176,Ending Stocks,21,(MT),0.0
577400,"Almonds, Shelled Basis",AG,Algeria,2017,2019,10,88,Exports,21,(MT),0.0
577400,"Almonds, Shelled Basis",AG,Algeria,2017,2019,10,57,Imports,21,(MT),3300.0
577400,"Almonds, Shelled Basis",AG,Algeria,2017,2019,10,28,Production,21,(MT),0.0
577400,"Almonds, Shelled Basis",AG,Algeria,2017,2019,10,178,Total Distribution,21,(MT),3300.0
577400,"Almonds, Shelled Basis",AG,Algeria,2017,2019,10,86,Total Supply,21,(MT),3300.0
577400,"Almonds, Shelled Basis",AG,Algeria,2018,2019,10,20,Beginning Stocks,21,(MT),0.0
577400,"Almonds, Shelled Basis",AG,Algeria,2018,2019,10,125,Domestic Consumption,21,(MT),3900.0
577400,"Almonds, Shelled Basis",AG,Algeria,2018,2019,10,176,Ending Stocks,21,(MT),0.0
577400,"Almonds, Shelled Basis",AG,Algeria,2018,2019,10,88,Exports,21,(MT),0.0
577400,"Almonds, Shelled Basis",AG,Algeria,2018,2019,10,57,Imports,21,(MT),3900.0
577400,"Almonds, Shelled Basis",AG,Algeria,2018,2019,10,28,Production,21,(MT),0.0
577400,"Almonds, Shelled Basis",AG,Algeria,2018,2019,10,178,Total Distribution,21,(MT),3900.0
577400,"Almonds, Shelled Basis",AG,Algeria,2018,2019,10,86,Total Supply,21,(MT),3900.0
577400,"Almonds, Shelled Basis",AG,Algeria,2019,2020,10,20,Beginning Stocks,21,(MT),0.0
577400,"Almonds, Shelled Basis",AG,Algeria,2019,2020,10,125,Domestic Consumption,21,(MT),5100.0
577400,"Almonds, Shelled Basis",AG,Algeria,2019,2020,10,176,Ending Stocks,21,(MT),0.0
577400,"Almonds, Shelled Basis",AG,Algeria,2019,2020,10,88,Exports,21,(MT),0.0
577400,"Almonds, Shelled Basis",AG,Algeria,2019,2020,10,57,Imports,21,(MT),5100.0
577400,"Almonds, Shelled Basis",AG,Algeria,2019,2020,10,28,Production,21,(MT),0.0
577400,"Almonds, Shelled Basis",AG,Algeria,2019,2020,10,178,Total Distribution,21,(MT),5100.0
577400,"Almonds, Shelled Basis",AG,Algeria,2019,2020,10,86,Total Supply,21,(MT),5100.0
577400,"Almonds, Shelled Basis",AG,Algeria,2020,2020,10,20,Beginning Stocks,21,(MT),0.0
577400,"Almonds, Shelled Basis",AG,Algeria,2020,2020,10,125,Domestic Consumption,21,(MT),6000.0
577400,"Almonds, Shelled Basis",AG,Algeria,2020,2020,10,176,Ending Stocks,21,(MT),0.0
577400,"Almonds, Shelled Basis",AG,Algeria,2020,2020,10,88,Exports,21,(MT),0.0
577400,"Almonds, Shelled Basis",AG,Algeria,2020,2020,10,57,Imports,21,(MT),6000.0
577400,"Almonds, Shelled Basis",AG,Algeria,2020,2020,10,28,Production,21,(MT),0.0
577400,"Almonds, Shelled Basis",AG,Algeria,2020,2020,10,178,Total Distribution,21,(MT),6000.0
577400,"Almonds, Shelled Basis",AG,Algeria,2020,2020,10,86,Total Supply,21,(MT),6000.0
577400,"Almonds, Shelled Basis",AR,Argentina,2001,2020,10,20,Beginning Stocks,21,(MT),0.0
577400,"Almonds, Shelled Basis",AR,Argentina,2001,2020,10,125,Domestic Consumption,21,(MT),100.0
577400,"Almonds, Shelled Basis",AR,Argentina,2001,2020,10,176,Ending Stocks,21,(MT),0.0
577400,"Almonds, Shelled Basis",AR,Argentina,2001,2020,10,88,Exports,21,(MT),0.0
577400,"Almonds, Shelled Basis",AR,Argentina,2001,2020,10,57,Imports,21,(MT),100.0
577400,"Almonds, Shelled Basis",AR,Argentina,2001,2020,10,28,Production,21,(MT),0.0
577400,"Almonds, Shelled Basis",AR,Argentina,2001,2020,10,178,Total Distribution,21,(MT),100.0
577400,"Almonds, Shelled Basis",AR,Argentina,2001,2020,10,86,Total Supply,21,(MT),100.0
577400,"Almonds, Shelled Basis",AR,Argentina,2002,2020,10,20,Beginning Stocks,21,(MT),0.0
577400,"Almonds, Shelled Basis",AR,Argentina,2002,2020,10,125,Domestic Consumption,21,(MT),400.0
577400,"Almonds, Shelled Basis",AR,Argentina,2002,2020,10,176,Ending Stocks,21,(MT),0.0
577400,"Almonds, Shelled Basis",AR,Argentina,2002,2020,10,88,Exports,21,(MT),0.0
577400,"Almonds, Shelled Basis",AR,Argentina,2002,2020,10,57,Imports,21,(MT),400.0
577400,"Almonds, Shelled Basis",AR,Argentina,2002,2020,10,28,Production,21,(MT),0.0
577400,"Almonds, Shelled Basis",AR,Argentina,2002,2020,10,178,Total Distribution,21,(MT),400.0
577400,"Almonds, Shelled Basis",AR,Argentina,2002,2020,10,86,Total Supply,21,(MT),400.0
577400,"Almonds, Shelled Basis",AR,Argentina,2003,2020,10,20,Beginning Stocks,21,(MT),0.0
577400,"Almonds, Shelled Basis",AR,Argentina,2003,2020,10,125,Domestic Consumption,21,(MT),900.0
577400,"Almonds, Shelled Basis",AR,Argentina,2003,2020,10,176,Ending Stocks,21,(MT),0.0
577400,"Almonds, Shelled Basis",AR,Argentina,2003,2020,10,88,Exports,21,(MT),0.0
577400,"Almonds, Shelled Basis",AR,Argentina,2003,2020,10,57,Imports,21,(MT),900.0
577400,"Almonds, Shelled Basis",AR,Argentina,2003,2020,10,28,Production,21,(MT),0.0
577400,"Almonds, Shelled Basis",AR,Argentina,2003,2020,10,178,Total Distribution,21,(MT),900.0
577400,"Almonds, Shelled Basis",AR,Argentina,2003,2020,10,86,Total Supply,21,(MT),900.0
577400,"Almonds, Shelled Basis",AR,Argentina,2004,2020,10,20,Beginning Stocks,21,(MT),0.0
577400,"Almonds, Shelled Basis",AR,Argentina,2004,2020,10,125,Domestic Consumption,21,(MT),700.0
577400,"Almonds, Shelled Basis",AR,Argentina,2004,2020,10,176,Ending Stocks,21,(MT),0.0
577400,"Almonds, Shelled Basis",AR,Argentina,2004,2020,10,88,Exports,21,(MT),0.0
577400,"Almonds, Shelled Basis",AR,Argentina,2004,2020,10,57,Imports,21,(MT),700.0
577400,"Almonds, Shelled Basis",AR,Argentina,2004,2020,10,28,Production,21,(MT),0.0
577400,"Almonds, Shelled Basis",AR,Argentina,2004,2020,10,178,Total Distribution,21,(MT),700.0
577400,"Almonds, Shelled Basis",AR,Argentina,2004,2020,10,86,Total Supply,21,(MT),700.0
577400,"Almonds, Shelled Basis",AR,Argentina,2005,2020,10,20,Beginning Stocks,21,(MT),0.0
577400,"Almonds, Shelled Basis",AR,Argentina,2005,2020,10,125,Domestic Consumption,21,(MT),600.0
577400,"Almonds, Shelled Basis",AR,Argentina,2005,2020,10,176,Ending Stocks,21,(MT),0.0
577400,"Almonds, Shelled Basis",AR,Argentina,2005,2020,10,88,Exports,21,(MT),0.0
577400,"Almonds, Shelled Basis",AR,Argentina,2005,2020,10,57,Imports,21,(MT),600.0
577400,"Almonds, Shelled Basis",AR,Argentina,2005,2020,10,28,Production,21,(MT),0.0
577400,"Almonds, Shelled Basis",AR,Argentina,2005,2020,10,178,Total Distribution,21,(MT),600.0
577400,"Almonds, Shelled Basis",AR,Argentina,2005,2020,10,86,Total Supply,21,(MT),600.0
577400,"Almonds, Shelled Basis",AR,Argentina,2006,2020,10,20,Beginning Stocks,21,(MT),0.0
577400,"Almonds, Shelled Basis",AR,Argentina,2006,2020,10,125,Domestic Consumption,21,(MT),800.0
577400,"Almonds, Shelled Basis",AR,Argentina,2006,2020,10,176,Ending Stocks,21,(MT),0.0
577400,"Almonds, Shelled Basis",AR,Argentina,2006,2020,10,88,Exports,21,(MT),0.0
577400,"Almonds, Shelled Basis",AR,Argentina,2006,2020,10,57,Imports,21,(MT),800.0
577400,"Almonds, Shelled Basis",AR,Argentina,2006,2020,10,28,Production,21,(MT),0.0
577400,"Almonds, Shelled Basis",AR,Argentina,2006,2020,10,178,Total Distribution,21,(MT),800.0
577400,"Almonds, Shelled Basis",AR,Argentina,2006,2020,10,86,Total Supply,21,(MT),800.0
577400,"Almonds, Shelled Basis",AR,Argentina,2007,2020,10,20,Beginning Stocks,21,(MT),0.0
577400,"Almonds, Shelled Basis",AR,Argentina,2007,2020,10,125,Domestic Consumption,21,(MT),1100.0
577400,"Almonds, Shelled Basis",AR,Argentina,2007,2020,10,176,Ending Stocks,21,(MT),0.0
577400,"Almonds, Shelled Basis",AR,Argentina,2007,2020,10,88,Exports,21,(MT),0.0
577400,"Almonds, Shelled Basis",AR,Argentina,2007,2020,10,57,Imports,21,(MT),1100.0
577400,"Almonds, Shelled Basis",AR,Argentina,2007,2020,10,28,Production,21,(MT),0.0
577400,"Almonds, Shelled Basis",AR,Argentina,2007,2020,10,178,Total Distribution,21,(MT),1100.0
577400,"Almonds, Shelled Basis",AR,Argentina,2007,2020,10,86,Total Supply,21,(MT),1100.0
577400,"Almonds, Shelled Basis",AR,Argentina,2008,2020,10,20,Beginning Stocks,21,(MT),0.0
577400,"Almonds, Shelled Basis",AR,Argentina,2008,2020,10,125,Domestic Consumption,21,(MT),1100.0
577400,"Almonds, Shelled Basis",AR,Argentina,2008,2020,10,176,Ending Stocks,21,(MT),0.0
577400,"Almonds, Shelled Basis",AR,Argentina,2008,2020,10,88,Exports,21,(MT),0.0
577400,"Almonds, Shelled Basis",AR,Argentina,2008,2020,10,57,Imports,21,(MT),1100.0
577400,"Almonds, Shelled Basis",AR,Argentina,2008,2020,10,28,Production,21,(MT),0.0
577400,"Almonds, Shelled Basis",AR,Argentina,2008,2020,10,178,Total Distribution,21,(MT),1100.0
577400,"Almonds, Shelled Basis",AR,Argentina,2008,2020,10,86,Total Supply,21,(MT),1100.0
577400,"Almonds, Shelled Basis",AR,Argentina,2009,2020,10,20,Beginning Stocks,21,(MT),0.0
577400,"Almonds, Shelled Basis",AR,Argentina,2009,2020,10,125,Domestic Consumption,21,(MT),1300.0
577400,"Almonds, Shelled Basis",AR,Argentina,2009,2020,10,176,Ending Stocks,21,(MT),0.0
577400,"Almonds, Shelled Basis",AR,Argentina,2009,2020,10,88,Exports,21,(MT),0.0
577400,"Almonds, Shelled Basis",AR,Argentina,2009,2020,10,57,Imports,21,(MT),1300.0
577400,"Almonds, Shelled Basis",AR,Argentina,2009,2020,10,28,Production,21,(MT),0.0
577400,"Almonds, Shelled Basis",AR,Argentina,2009,2020,10,178,Total Distribution,21,(MT),1300.0
577400,"Almonds, Shelled Basis",AR,Argentina,2009,2020,10,86,Total Supply,21,(MT),1300.0
577400,"Almonds, Shelled Basis",AR,Argentina,2010,2020,10,20,Beginning Stocks,21,(MT),0.0
577400,"Almonds, Shelled Basis",AR,Argentina,2010,2020,10,125,Domestic Consumption,21,(MT),1900.0
577400,"Almonds, Shelled Basis",AR,Argentina,2010,2020,10,176,Ending Stocks,21,(MT),0.0
577400,"Almonds, Shelled Basis",AR,Argentina,2010,2020,10,88,Exports,21,(MT),0.0
577400,"Almonds, Shelled Basis",AR,Argentina,2010,2020,10,57,Imports,21,(MT),1900.0
577400,"Almonds, Shelled Basis",AR,Argentina,2010,2020,10,28,Production,21,(MT),0.0
577400,"Almonds, Shelled Basis",AR,Argentina,2010,2020,10,178,Total Distribution,21,(MT),1900.0
577400,"Almonds, Shelled Basis",AR,Argentina,2010,2020,10,86,Total Supply,21,(MT),1900.0
577400,"Almonds, Shelled Basis",AR,Argentina,2011,2020,10,20,Beginning Stocks,21,(MT),0.0
577400,"Almonds, Shelled Basis",AR,Argentina,2011,2020,10,125,Domestic Consumption,21,(MT),2000.0
577400,"Almonds, Shelled Basis",AR,Argentina,2011,2020,10,176,Ending Stocks,21,(MT),0.0
577400,"Almonds, Shelled Basis",AR,Argentina,2011,2020,10,88,Exports,21,(MT),0.0
577400,"Almonds, Shelled Basis",AR,Argentina,2011,2020,10,57,Imports,21,(MT),2000.0
577400,"Almonds, Shelled Basis",AR,Argentina,2011,2020,10,28,Production,21,(MT),0.0
577400,"Almonds, Shelled Basis",AR,Argentina,2011,2020,10,178,Total Distribution,21,(MT),2000.0
577400,"Almonds, Shelled Basis",AR,Argentina,2011,2020,10,86,Total Supply,21,(MT),2000.0
577400,"Almonds, Shelled Basis",AR,Argentina,2012,2020,10,20,Beginning Stocks,21,(MT),0.0
577400,"Almonds, Shelled Basis",AR,Argentina,2012,2020,10,125,Domestic Consumption,21,(MT),2200.0
577400,"Almonds, Shelled Basis",AR,Argentina,2012,2020,10,176,Ending Stocks,21,(MT),0.0
577400,"Almonds, Shelled Basis",AR,Argentina,2012,2020,10,88,Exports,21,(MT),0.0
577400,"Almonds, Shelled Basis",AR,Argentina,2012,2020,10,57,Imports,21,(MT),2200.0
577400,"Almonds, Shelled Basis",AR,Argentina,2012,2020,10,28,Production,21,(MT),0.0
577400,"Almonds, Shelled Basis",AR,Argentina,2012,2020,10,178,Total Distribution,21,(MT),2200.0
577400,"Almonds, Shelled Basis",AR,Argentina,2012,2020,10,86,Total Supply,21,(MT),2200.0
577400,"Almonds, Shelled Basis",AR,Argentina,2013,2020,10,20,Beginning Stocks,21,(MT),0.0
577400,"Almonds, Shelled Basis",AR,Argentina,2013,2020,10,125,Domestic Consumption,21,(MT),1800.0
577400,"Almonds, Shelled Basis",AR,Argentina,2013,2020,10,176,Ending Stocks,21,(MT),0.0
577400,"Almonds, Shelled Basis",AR,Argentina,2013,2020,10,88,Exports,21,(MT),0.0
577400,"Almonds, Shelled Basis",AR,Argentina,2013,2020,10,57,Imports,21,(MT),1800.0
577400,"Almonds, Shelled Basis",AR,Argentina,2013,2020,10,28,Production,21,(MT),0.0
577400,"Almonds, Shelled Basis",AR,Argentina,2013,2020,10,178,Total Distribution,21,(MT),1800.0
577400,"Almonds, Shelled Basis",AR,Argentina,2013,2020,10,86,Total Supply,21,(MT),1800.0
577400,"Almonds, Shelled Basis",AR,Argentina,2014,2020,10,20,Beginning Stocks,21,(MT),0.0
577400,"Almonds, Shelled Basis",AR,Argentina,2014,2020,10,125,Domestic Consumption,21,(MT),1800.0
577400,"Almonds, Shelled Basis",AR,Argentina,2014,2020,10,176,Ending Stocks,21,(MT),0.0
577400,"Almonds, Shelled Basis",AR,Argentina,2014,2020,10,88,Exports,21,(MT),0.0
577400,"Almonds, Shelled Basis",AR,Argentina,2014,2020,10,57,Imports,21,(MT),1800.0
577400,"Almonds, Shelled Basis",AR,Argentina,2014,2020,10,28,Production,21,(MT),0.0
577400,"Almonds, Shelled Basis",AR,Argentina,2014,2020,10,178,Total Distribution,21,(MT),1800.0
577400,"Almonds, Shelled Basis",AR,Argentina,2014,2020,10,86,Total Supply,21,(MT),1800.0
577400,"Almonds, Shelled Basis",AR,Argentina,2015,2020,10,20,Beginning Stocks,21,(MT),0.0
577400,"Almonds, Shelled Basis",AR,Argentina,2015,2020,10,125,Domestic Consumption,21,(MT),1600.0
577400,"Almonds, Shelled Basis",AR,Argentina,2015,2020,10,176,Ending Stocks,21,(MT),0.0
577400,"Almonds, Shelled Basis",AR,Argentina,2015,2020,10,88,Exports,21,(MT),0.0
577400,"Almonds, Shelled Basis",AR,Argentina,2015,2020,10,57,Imports,21,(MT),1600.0
577400,"Almonds, Shelled Basis",AR,Argentina,2015,2020,10,28,Production,21,(MT),0.0
577400,"Almonds, Shelled Basis",AR,Argentina,2015,2020,10,178,Total Distribution,21,(MT),1600.0
577400,"Almonds, Shelled Basis",AR,Argentina,2015,2020,10,86,Total Supply,21,(MT),1600.0
577400,"Almonds, Shelled Basis",AR,Argentina,2016,2020,10,20,Beginning Stocks,21,(MT),0.0
577400,"Almonds, Shelled Basis",AR,Argentina,2016,2020,10,125,Domestic Consumption,21,(MT),2700.0
577400,"Almonds, Shelled Basis",AR,Argentina,2016,2020,10,176,Ending Stocks,21,(MT),0.0
577400,"Almonds, Shelled Basis",AR,Argentina,2016,2020,10,88,Exports,21,(MT),0.0
577400,"Almonds, Shelled Basis",AR,Argentina,2016,2020,10,57,Imports,21,(MT),2700.0
577400,"Almonds, Shelled Basis",AR,Argentina,2016,2020,10,28,Production,21,(MT),0.0
577400,"Almonds, Shelled Basis",AR,Argentina,2016,2020,10,178,Total Distribution,21,(MT),2700.0
577400,"Almonds, Shelled Basis",AR,Argentina,2016,2020,10,86,Total Supply,21,(MT),2700.0
577400,"Almonds, Shelled Basis",AR,Argentina,2017,2020,10,20,Beginning Stocks,21,(MT),0.0
577400,"Almonds, Shelled Basis",AR,Argentina,2017,2020,10,125,Domestic Consumption,21,(MT),3100.0
577400,"Almonds, Shelled Basis",AR,Argentina,2017,2020,10,176,Ending Stocks,21,(MT),0.0
577400,"Almonds, Shelled Basis",AR,Argentina,2017,2020,10,88,Exports,21,(MT),0.0
577400,"Almonds, Shelled Basis",AR,Argentina,2017,2020,10,57,Imports,21,(MT),3100.0
577400,"Almonds, Shelled Basis",AR,Argentina,2017,2020,10,28,Production,21,(MT),0.0
577400,"Almonds, Shelled Basis",AR,Argentina,2017,2020,10,178,Total Distribution,21,(MT),3100.0
577400,"Almonds, Shelled Basis",AR,Argentina,2017,2020,10,86,Total Supply,21,(MT),3100.0
577400,"Almonds, Shelled Basis",AR,Argentina,2018,2020,10,20,Beginning Stocks,21,(MT),0.0
577400,"Almonds, Shelled Basis",AR,Argentina,2018,2020,10,125,Domestic Consumption,21,(MT),1500.0
577400,"Almonds, Shelled Basis",AR,Argentina,2018,2020,10,176,Ending Stocks,21,(MT),0.0
577400,"Almonds, Shelled Basis",AR,Argentina,2018,2020,10,88,Exports,21,(MT),0.0
577400,"Almonds, Shelled Basis",AR,Argentina,2018,2020,10,57,Imports,21,(MT),1500.0
577400,"Almonds, Shelled Basis",AR,Argentina,2018,2020,10,28,Production,21,(MT),0.0
577400,"Almonds, Shelled Basis",AR,Argentina,2018,2020,10,178,Total Distribution,21,(MT),1500.0
577400,"Almonds, Shelled Basis",AR,Argentina,2018,2020,10,86,Total Supply,21,(MT),1500.0
577400,"Almonds, Shelled Basis",AR,Argentina,2019,2020,10,20,Beginning Stocks,21,(MT),0.0
577400,"Almonds, Shelled Basis",AR,Argentina,2019,2020,10,125,Domestic Consumption,21,(MT),2400.0
577400,"Almonds, Shelled Basis",AR,Argentina,2019,2020,10,176,Ending Stocks,21,(MT),0.0
577400,"Almonds, Shelled Basis",AR,Argentina,2019,2020,10,88,Exports,21,(MT),0.0
577400,"Almonds, Shelled Basis",AR,Argentina,2019,2020,10,57,Imports,21,(MT),2400.0
577400,"Almonds, Shelled Basis",AR,Argentina,2019,2020,10,28,Production,21,(MT),0.0
577400,"Almonds, Shelled Basis",AR,Argentina,2019,2020,10,178,Total Distribution,21,(MT),2400.0
577400,"Almonds, Shelled Basis",AR,Argentina,2019,2020,10,86,Total Supply,21,(MT),2400.0
577400,"Almonds, Shelled Basis",AR,Argentina,2020,2020,10,20,Beginning Stocks,21,(MT),0.0
577400,"Almonds, Shelled Basis",AR,Argentina,2020,2020,10,125,Domestic Consumption,21,(MT),2500.0
577400,"Almonds, Shelled Basis",AR,Argentina,2020,2020,10,176,Ending Stocks,21,(MT),0.0
577400,"Almonds, Shelled Basis",AR,Argentina,2020,2020,10,88,Exports,21,(MT),0.0
577400,"Almonds, Shelled Basis",AR,Argentina,2020,2020,10,57,Imports,21,(MT),2500.0
577400,"Almonds, Shelled Basis",AR,Argentina,2020,2020,10,28,Production,21,(MT),0.0
577400,"Almonds, Shelled Basis",AR,Argentina,2020,2020,10,178,Total Distribution,21,(MT),2500.0
577400,"Almonds, Shelled Basis",AR,Argentina,2020,2020,10,86,Total Supply,21,(MT),2500.0
577400,"Almonds, Shelled Basis",AS,Australia,2001,2014,10,20,Beginning Stocks,21,(MT),0.0
577400,"Almonds, Shelled Basis",AS,Australia,2001,2014,10,125,Domestic Consumption,21,(MT),8000.0
577400,"Almonds, Shelled Basis",AS,Australia,2001,2014,10,176,Ending Stocks,21,(MT),0.0
577400,"Almonds, Shelled Basis",AS,Australia,2001,2014,10,88,Exports,21,(MT),2500.0
577400,"Almonds, Shelled Basis",AS,Australia,2001,2014,10,57,Imports,21,(MT),1000.0
577400,"Almonds, Shelled Basis",AS,Australia,2001,2014,10,28,Production,21,(MT),9500.0
577400,"Almonds, Shelled Basis",AS,Australia,2001,2014,10,178,Total Distribution,21,(MT),10500.0
577400,"Almonds, Shelled Basis",AS,Australia,2001,2014,10,86,Total Supply,21,(MT),10500.0
577400,"Almonds, Shelled Basis",AS,Australia,2002,2014,10,20,Beginning Stocks,21,(MT),0.0
577400,"Almonds, Shelled Basis",AS,Australia,2002,2014,10,125,Domestic Consumption,21,(MT),11200.0
577400,"Almonds, Shelled Basis",AS,Australia,2002,2014,10,176,Ending Stocks,21,(MT),0.0
577400,"Almonds, Shelled Basis",AS,Australia,2002,2014,10,88,Exports,21,(MT),1700.0
577400,"Almonds, Shelled Basis",AS,Australia,2002,2014,10,57,Imports,21,(MT),2700.0
577400,"Almonds, Shelled Basis",AS,Australia,2002,2014,10,28,Production,21,(MT),10200.0
577400,"Almonds, Shelled Basis",AS,Australia,2002,2014,10,178,Total Distribution,21,(MT),12900.0
577400,"Almonds, Shelled Basis",AS,Australia,2002,2014,10,86,Total Supply,21,(MT),12900.0
577400,"Almonds, Shelled Basis",AS,Australia,2003,2014,10,20,Beginning Stocks,21,(MT),0.0
577400,"Almonds, Shelled Basis",AS,Australia,2003,2014,10,125,Domestic Consumption,21,(MT),11000.0
577400,"Almonds, Shelled Basis",AS,Australia,2003,2014,10,176,Ending Stocks,21,(MT),0.0
577400,"Almonds, Shelled Basis",AS,Australia,2003,2014,10,88,Exports,21,(MT),2600.0
577400,"Almonds, Shelled Basis",AS,Australia,2003,2014,10,57,Imports,21,(MT),1900.0
577400,"Almonds, Shelled Basis",AS,Australia,2003,2014,10,28,Production,21,(MT),11700.0
577400,"Almonds, Shelled Basis",AS,Australia,2003,2014,10,178,Total Distribution,21,(MT),13600.0
577400,"Almonds, Shelled Basis",AS,Australia,2003,2014,10,86,Total Supply,21,(MT),13600.0
577400,"Almonds, Shelled Basis",AS,Australia,2004,2014,10,20,Beginning Stocks,21,(MT),0.0
577400,"Almonds, Shelled Basis",AS,Australia,2004,2014,10,125,Domestic Consumption,21,(MT),13100.0
577400,"Almonds, Shelled Basis",AS,Australia,2004,2014,10,176,Ending Stocks,21,(MT),0.0
577400,"Almonds, Shelled Basis",AS,Australia,2004,2014,10,88,Exports,21,(MT),5300.0
577400,"Almonds, Shelled Basis",AS,Australia,2004,2014,10,57,Imports,21,(MT),2000.0
577400,"Almonds, Shelled Basis",AS,Australia,2004,2014,10,28,Production,21,(MT),16400.0
577400,"Almonds, Shelled Basis",AS,Australia,2004,2014,10,178,Total Distribution,21,(MT),18400.0
577400,"Almonds, Shelled Basis",AS,Australia,2004,2014,10,86,Total Supply,21,(MT),18400.0
577400,"Almonds, Shelled Basis",AS,Australia,2005,2014,10,20,Beginning Stocks,21,(MT),0.0
577400,"Almonds, Shelled Basis",AS,Australia,2005,2014,10,125,Domestic Consumption,21,(MT),12000.0
577400,"Almonds, Shelled Basis",AS,Australia,2005,2014,10,176,Ending Stocks,21,(MT),0.0
577400,"Almonds, Shelled Basis",AS,Australia,2005,2014,10,88,Exports,21,(MT),6200.0
577400,"Almonds, Shelled Basis",AS,Australia,2005,2014,10,57,Imports,21,(MT),2200.0
577400,"Almonds, Shelled Basis",AS,Australia,2005,2014,10,28,Production,21,(MT),16000.0
577400,"Almonds, Shelled Basis",AS,Australia,2005,2014,10,178,Total Distribution,21,(MT),18200.0
577400,"Almonds, Shelled Basis",AS,Australia,2005,2014,10,86,Total Supply,21,(MT),18200.0
577400,"Almonds, Shelled Basis",AS,Australia,2006,2014,10,20,Beginning Stocks,21,(MT),0.0
577400,"Almonds, Shelled Basis",AS,Australia,2006,2014,10,125,Domestic Consumption,21,(MT),17200.0
577400,"Almonds, Shelled Basis",AS,Australia,2006,2014,10,176,Ending Stocks,21,(MT),500.0
577400,"Almonds, Shelled Basis",AS,Australia,2006,2014,10,88,Exports,21,(MT),11300.0
577400,"Almonds, Shelled Basis",AS,Australia,2006,2014,10,57,Imports,21,(MT),2100.0
577400,"Almonds, Shelled Basis",AS,Australia,2006,2014,10,28,Production,21,(MT),26900.0
577400,"Almonds, Shelled Basis",AS,Australia,2006,2014,10,178,Total Distribution,21,(MT),29000.0
577400,"Almonds, Shelled Basis",AS,Australia,2006,2014,10,86,Total Supply,21,(MT),29000.0
577400,"Almonds, Shelled Basis",AS,Australia,2007,2012,10,20,Beginning Stocks,21,(MT),500.0
577400,"Almonds, Shelled Basis",AS,Australia,2007,2012,10,125,Domestic Consumption,21,(MT),13100.0
577400,"Almonds, Shelled Basis",AS,Australia,2007,2012,10,176,Ending Stocks,21,(MT),500.0
577400,"Almonds, Shelled Basis",AS,Australia,2007,2012,10,88,Exports,21,(MT),14100.0
577400,"Almonds, Shelled Basis",AS,Australia,2007,2012,10,57,Imports,21,(MT),1200.0
577400,"Almonds, Shelled Basis",AS,Australia,2007,2012,10,28,Production,21,(MT),26000.0
577400,"Almonds, Shelled Basis",AS,Australia,2007,2012,10,178,Total Distribution,21,(MT),27700.0
577400,"Almonds, Shelled Basis",AS,Australia,2007,2012,10,86,Total Supply,21,(MT),27700.0
577400,"Almonds, Shelled Basis",AS,Australia,2008,2012,10,20,Beginning Stocks,21,(MT),500.0
577400,"Almonds, Shelled Basis",AS,Australia,2008,2012,10,125,Domestic Consumption,21,(MT),14400.0
577400,"Almonds, Shelled Basis",AS,Australia,2008,2012,10,176,Ending Stocks,21,(MT),500.0
577400,"Almonds, Shelled Basis",AS,Australia,2008,2012,10,88,Exports,21,(MT),23000.0
577400,"Almonds, Shelled Basis",AS,Australia,2008,2012,10,57,Imports,21,(MT),1000.0
577400,"Almonds, Shelled Basis",AS,Australia,2008,2012,10,28,Production,21,(MT),36400.0
577400,"Almonds, Shelled Basis",AS,Australia,2008,2012,10,178,Total Distribution,21,(MT),37900.0
577400,"Almonds, Shelled Basis",AS,Australia,2008,2012,10,86,Total Supply,21,(MT),37900.0
577400,"Almonds, Shelled Basis",AS,Australia,2009,2015,10,20,Beginning Stocks,21,(MT),500.0
577400,"Almonds, Shelled Basis",AS,Australia,2009,2015,10,125,Domestic Consumption,21,(MT),20200.0
577400,"Almonds, Shelled Basis",AS,Australia,2009,2015,10,176,Ending Stocks,21,(MT),1000.0
577400,"Almonds, Shelled Basis",AS,Australia,2009,2015,10,88,Exports,21,(MT),19900.0
577400,"Almonds, Shelled Basis",AS,Australia,2009,2015,10,57,Imports,21,(MT),1500.0
577400,"Almonds, Shelled Basis",AS,Australia,2009,2015,10,28,Production,21,(MT),39100.0
577400,"Almonds, Shelled Basis",AS,Australia,2009,2015,10,178,Total Distribution,21,(MT),41100.0
577400,"Almonds, Shelled Basis",AS,Australia,2009,2015,10,86,Total Supply,21,(MT),41100.0
577400,"Almonds, Shelled Basis",AS,Australia,2010,2015,10,20,Beginning Stocks,21,(MT),1000.0
577400,"Almonds, Shelled Basis",AS,Australia,2010,2015,10,125,Domestic Consumption,21,(MT),16300.0
577400,"Almonds, Shelled Basis",AS,Australia,2010,2015,10,176,Ending Stocks,21,(MT),1000.0
577400,"Almonds, Shelled Basis",AS,Australia,2010,2015,10,88,Exports,21,(MT),23300.0
577400,"Almonds, Shelled Basis",AS,Australia,2010,2015,10,57,Imports,21,(MT),2000.0
577400,"Almonds, Shelled Basis",AS,Australia,2010,2015,10,28,Production,21,(MT),37600.0
577400,"Almonds, Shelled Basis",AS,Australia,2010,2015,10,178,Total Distribution,21,(MT),40600.0
577400,"Almonds, Shelled Basis",AS,Australia,2010,2015,10,86,Total Supply,21,(MT),40600.0
577400,"Almonds, Shelled Basis",AS,Australia,2011,2015,10,20,Beginning Stocks,21,(MT),1000.0
577400,"Almonds, Shelled Basis",AS,Australia,2011,2015,10,125,Domestic Consumption,21,(MT),23400.0
577400,"Almonds, Shelled Basis",AS,Australia,2011,2015,10,176,Ending Stocks,21,(MT),1000.0
577400,"Almonds, Shelled Basis",AS,Australia,2011,2015,10,88,Exports,21,(MT),29000.0
577400,"Almonds, Shelled Basis",AS,Australia,2011,2015,10,57,Imports,21,(MT),2800.0
577400,"Almonds, Shelled Basis",AS,Australia,2011,2015,10,28,Production,21,(MT),49600.0
577400,"Almonds, Shelled Basis",AS,Australia,2011,2015,10,178,Total Distribution,21,(MT),53400.0
577400,"Almonds, Shelled Basis",AS,Australia,2011,2015,10,86,Total Supply,21,(MT),53400.0
577400,"Almonds, Shelled Basis",AS,Australia,2012,2015,10,20,Beginning Stocks,21,(MT),1000.0
577400,"Almonds, Shelled Basis",AS,Australia,2012,2015,10,125,Domestic Consumption,21,(MT),24700.0
577400,"Almonds, Shelled Basis",AS,Australia,2012,2015,10,176,Ending Stocks,21,(MT),8700.0
577400,"Almonds, Shelled Basis",AS,Australia,2012,2015,10,88,Exports,21,(MT),44300.0
577400,"Almonds, Shelled Basis",AS,Australia,2012,2015,10,57,Imports,21,(MT),3300.0
577400,"Almonds, Shelled Basis",AS,Australia,2012,2015,10,28,Production,21,(MT),73400.0
577400,"Almonds, Shelled Basis",AS,Australia,2012,2015,10,178,Total Distribution,21,(MT),77700.0
577400,"Almonds, Shelled Basis",AS,Australia,2012,2015,10,86,Total Supply,21,(MT),77700.0
577400,"Almonds, Shelled Basis",AS,Australia,2013,2020,10,20,Beginning Stocks,21,(MT),8700.0
577400,"Almonds, Shelled Basis",AS,Australia,2013,2020,10,125,Domestic Consumption,21,(MT),23700.0
577400,"Almonds, Shelled Basis",AS,Australia,2013,2020,10,176,Ending Stocks,21,(MT),2600.0
577400,"Almonds, Shelled Basis",AS,Australia,2013,2020,10,88,Exports,21,(MT),49600.0
577400,"Almonds, Shelled Basis",AS,Australia,2013,2020,10,57,Imports,21,(MT),2100.0
577400,"Almonds, Shelled Basis",AS,Australia,2013,2020,10,28,Production,21,(MT),65100.0
577400,"Almonds, Shelled Basis",AS,Australia,2013,2020,10,178,Total Distribution,21,(MT),75900.0
577400,"Almonds, Shelled Basis",AS,Australia,2013,2020,10,86,Total Supply,21,(MT),75900.0
577400,"Almonds, Shelled Basis",AS,Australia,2014,2020,10,20,Beginning Stocks,21,(MT),2600.0
577400,"Almonds, Shelled Basis",AS,Australia,2014,2020,10,125,Domestic Consumption,21,(MT),25000.0
577400,"Almonds, Shelled Basis",AS,Australia,2014,2020,10,176,Ending Stocks,21,(MT),3850.0
577400,"Almonds, Shelled Basis",AS,Australia,2014,2020,10,88,Exports,21,(MT),58100.0
577400,"Almonds, Shelled Basis",AS,Australia,2014,2020,10,57,Imports,21,(MT),1850.0
577400,"Almonds, Shelled Basis",AS,Australia,2014,2020,10,28,Production,21,(MT),82500.0
577400,"Almonds, Shelled Basis",AS,Australia,2014,2020,10,178,Total Distribution,21,(MT),86950.0
577400,"Almonds, Shelled Basis",AS,Australia,2014,2020,10,86,Total Supply,21,(MT),86950.0
577400,"Almonds, Shelled Basis",AS,Australia,2015,2020,10,20,Beginning Stocks,21,(MT),3850.0
577400,"Almonds, Shelled Basis",AS,Australia,2015,2020,10,125,Domestic Consumption,21,(MT),26900.0
577400,"Almonds, Shelled Basis",AS,Australia,2015,2020,10,176,Ending Stocks,21,(MT),7350.0
577400,"Almonds, Shelled Basis",AS,Australia,2015,2020,10,88,Exports,21,(MT),54300.0
577400,"Almonds, Shelled Basis",AS,Australia,2015,2020,10,57,Imports,21,(MT),2400.0
577400,"Almonds, Shelled Basis",AS,Australia,2015,2020,10,28,Production,21,(MT),82300.0
577400,"Almonds, Shelled Basis",AS,Australia,2015,2020,10,178,Total Distribution,21,(MT),88550.0
577400,"Almonds, Shelled Basis",AS,Australia,2015,2020,10,86,Total Supply,21,(MT),88550.0
577400,"Almonds, Shelled Basis",AS,Australia,2016,2020,10,20,Beginning Stocks,21,(MT),7350.0
577400,"Almonds, Shelled Basis",AS,Australia,2016,2020,10,125,Domestic Consumption,21,(MT),31300.0
577400,"Almonds, Shelled Basis",AS,Australia,2016,2020,10,176,Ending Stocks,21,(MT),5450.0
577400,"Almonds, Shelled Basis",AS,Australia,2016,2020,10,88,Exports,21,(MT),53200.0
577400,"Almonds, Shelled Basis",AS,Australia,2016,2020,10,57,Imports,21,(MT),3100.0
577400,"Almonds, Shelled Basis",AS,Australia,2016,2020,10,28,Production,21,(MT),79500.0
577400,"Almonds, Shelled Basis",AS,Australia,2016,2020,10,178,Total Distribution,21,(MT),89950.0
577400,"Almonds, Shelled Basis",AS,Australia,2016,2020,10,86,Total Supply,21,(MT),89950.0
577400,"Almonds, Shelled Basis",AS,Australia,2017,2020,10,20,Beginning Stocks,21,(MT),5450.0
577400,"Almonds, Shelled Basis",AS,Australia,2017,2020,10,125,Domestic Consumption,21,(MT),27000.0
577400,"Almonds, Shelled Basis",AS,Australia,2017,2020,10,176,Ending Stocks,21,(MT),5250.0
577400,"Almonds, Shelled Basis",AS,Australia,2017,2020,10,88,Exports,21,(MT),56900.0
577400,"Almonds, Shelled Basis",AS,Australia,2017,2020,10,57,Imports,21,(MT),3700.0
577400,"Almonds, Shelled Basis",AS,Australia,2017,2020,10,28,Production,21,(MT),80000.0
577400,"Almonds, Shelled Basis",AS,Australia,2017,2020,10,178,Total Distribution,21,(MT),89150.0
577400,"Almonds, Shelled Basis",AS,Australia,2017,2020,10,86,Total Supply,21,(MT),89150.0
577400,"Almonds, Shelled Basis",AS,Australia,2018,2020,10,20,Beginning Stocks,21,(MT),5250.0
577400,"Almonds, Shelled Basis",AS,Australia,2018,2020,10,125,Domestic Consumption,21,(MT),33750.0
577400,"Almonds, Shelled Basis",AS,Australia,2018,2020,10,176,Ending Stocks,21,(MT),7300.0
577400,"Almonds, Shelled Basis",AS,Australia,2018,2020,10,88,Exports,21,(MT),71300.0
577400,"Almonds, Shelled Basis",AS,Australia,2018,2020,10,57,Imports,21,(MT),3100.0
577400,"Almonds, Shelled Basis",AS,Australia,2018,2020,10,28,Production,21,(MT),104000.0
577400,"Almonds, Shelled Basis",AS,Australia,2018,2020,10,178,Total Distribution,21,(MT),112350.0
577400,"Almonds, Shelled Basis",AS,Australia,2018,2020,10,86,Total Supply,21,(MT),112350.0
577400,"Almonds, Shelled Basis",AS,Australia,2019,2020,10,20,Beginning Stocks,21,(MT),7300.0
577400,"Almonds, Shelled Basis",AS,Australia,2019,2020,10,125,Domestic Consumption,21,(MT),34200.0
577400,"Almonds, Shelled Basis",AS,Australia,2019,2020,10,176,Ending Stocks,21,(MT),21300.0
577400,"Almonds, Shelled Basis",AS,Australia,2019,2020,10,88,Exports,21,(MT),65000.0
577400,"Almonds, Shelled Basis",AS,Australia,2019,2020,10,57,Imports,21,(MT),2200.0
577400,"Almonds, Shelled Basis",AS,Australia,2019,2020,10,28,Production,21,(MT),111000.0
577400,"Almonds, Shelled Basis",AS,Australia,2019,2020,10,178,Total Distribution,21,(MT),120500.0
577400,"Almonds, Shelled Basis",AS,Australia,2019,2020,10,86,Total Supply,21,(MT),120500.0
577400,"Almonds, Shelled Basis",AS,Australia,2020,2020,10,20,Beginning Stocks,21,(MT),21300.0
577400,"Almonds, Shelled Basis",AS,Australia,2020,2020,10,125,Domestic Consumption,21,(MT),35000.0
577400,"Almonds, Shelled Basis",AS,Australia,2020,2020,10,176,Ending Stocks,21,(MT),24300.0
577400,"Almonds, Shelled Basis",AS,Australia,2020,2020,10,88,Exports,21,(MT),85000.0
577400,"Almonds, Shelled Basis",AS,Australia,2020,2020,10,57,Imports,21,(MT),3000.0
577400,"Almonds, Shelled Basis",AS,Australia,2020,2020,10,28,Production,21,(MT),120000.0
577400,"Almonds, Shelled Basis",AS,Australia,2020,2020,10,178,Total Distribution,21,(MT),144300.0
577400,"Almonds, Shelled Basis",AS,Australia,2020,2020,10,86,Total Supply,21,(MT),144300.0
577400,"Almonds, Shelled Basis",BR,Brazil,2001,2018,10,20,Beginning Stocks,21,(MT),0.0
577400,"Almonds, Shelled Basis",BR,Brazil,2001,2018,10,125,Domestic Consumption,21,(MT),1000.0
577400,"Almonds, Shelled Basis",BR,Brazil,2001,2018,10,176,Ending Stocks,21,(MT),0.0
577400,"Almonds, Shelled Basis",BR,Brazil,2001,2018,10,88,Exports,21,(MT),0.0
577400,"Almonds, Shelled Basis",BR,Brazil,2001,2018,10,57,Imports,21,(MT),1000.0
577400,"Almonds, Shelled Basis",BR,Brazil,2001,2018,10,28,Production,21,(MT),0.0
577400,"Almonds, Shelled Basis",BR,Brazil,2001,2018,10,178,Total Distribution,21,(MT),1000.0
577400,"Almonds, Shelled Basis",BR,Brazil,2001,2018,10,86,Total Supply,21,(MT),1000.0
577400,"Almonds, Shelled Basis",BR,Brazil,2002,2018,10,20,Beginning Stocks,21,(MT),0.0
577400,"Almonds, Shelled Basis",BR,Brazil,2002,2018,10,125,Domestic Consumption,21,(MT),1000.0
577400,"Almonds, Shelled Basis",BR,Brazil,2002,2018,10,176,Ending Stocks,21,(MT),0.0
577400,"Almonds, Shelled Basis",BR,Brazil,2002,2018,10,88,Exports,21,(MT),0.0
577400,"Almonds, Shelled Basis",BR,Brazil,2002,2018,10,57,Imports,21,(MT),1000.0
577400,"Almonds, Shelled Basis",BR,Brazil,2002,2018,10,28,Production,21,(MT),0.0
577400,"Almonds, Shelled Basis",BR,Brazil,2002,2018,10,178,Total Distribution,21,(MT),1000.0
577400,"Almonds, Shelled Basis",BR,Brazil,2002,2018,10,86,Total Supply,21,(MT),1000.0
577400,"Almonds, Shelled Basis",BR,Brazil,2003,2018,10,20,Beginning Stocks,21,(MT),0.0
577400,"Almonds, Shelled Basis",BR,Brazil,2003,2018,10,125,Domestic Consumption,21,(MT),1000.0
577400,"Almonds, Shelled Basis",BR,Brazil,2003,2018,10,176,Ending Stocks,21,(MT),0.0
577400,"Almonds, Shelled Basis",BR,Brazil,2003,2018,10,88,Exports,21,(MT),0.0
577400,"Almonds, Shelled Basis",BR,Brazil,2003,2018,10,57,Imports,21,(MT),1000.0
577400,"Almonds, Shelled Basis",BR,Brazil,2003,2018,10,28,Production,21,(MT),0.0
577400,"Almonds, Shelled Basis",BR,Brazil,2003,2018,10,178,Total Distribution,21,(MT),1000.0
577400,"Almonds, Shelled Basis",BR,Brazil,2003,2018,10,86,Total Supply,21,(MT),1000.0
577400,"Almonds, Shelled Basis",BR,Brazil,2004,2018,10,20,Beginning Stocks,21,(MT),0.0
577400,"Almonds, Shelled Basis",BR,Brazil,2004,2018,10,125,Domestic Consumption,21,(MT),1000.0
577400,"Almonds, Shelled Basis",BR,Brazil,2004,2018,10,176,Ending Stocks,21,(MT),0.0
577400,"Almonds, Shelled Basis",BR,Brazil,2004,2018,10,88,Exports,21,(MT),0.0
577400,"Almonds, Shelled Basis",BR,Brazil,2004,2018,10,57,Imports,21,(MT),1000.0
577400,"Almonds, Shelled Basis",BR,Brazil,2004,2018,10,28,Production,21,(MT),0.0
577400,"Almonds, Shelled Basis",BR,Brazil,2004,2018,10,178,Total Distribution,21,(MT),1000.0
577400,"Almonds, Shelled Basis",BR,Brazil,2004,2018,10,86,Total Supply,21,(MT),1000.0
577400,"Almonds, Shelled Basis",BR,Brazil,2005,2018,10,20,Beginning Stocks,21,(MT),0.0
577400,"Almonds, Shelled Basis",BR,Brazil,2005,2018,10,125,Domestic Consumption,21,(MT),1000.0
577400,"Almonds, Shelled Basis",BR,Brazil,2005,2018,10,176,Ending Stocks,21,(MT),0.0
577400,"Almonds, Shelled Basis",BR,Brazil,2005,2018,10,88,Exports,21,(MT),0.0
577400,"Almonds, Shelled Basis",BR,Brazil,2005,2018,10,57,Imports,21,(MT),1000.0
577400,"Almonds, Shelled Basis",BR,Brazil,2005,2018,10,28,Production,21,(MT),0.0
577400,"Almonds, Shelled Basis",BR,Brazil,2005,2018,10,178,Total Distribution,21,(MT),1000.0
577400,"Almonds, Shelled Basis",BR,Brazil,2005,2018,10,86,Total Supply,21,(MT),1000.0
577400,"Almonds, Shelled Basis",BR,Brazil,2006,2018,10,20,Beginning Stocks,21,(MT),0.0
577400,"Almonds, Shelled Basis",BR,Brazil,2006,2018,10,125,Domestic Consumption,21,(MT),1300.0
577400,"Almonds, Shelled Basis",BR,Brazil,2006,2018,10,176,Ending Stocks,21,(MT),0.0
577400,"Almonds, Shelled Basis",BR,Brazil,2006,2018,10,88,Exports,21,(MT),0.0
577400,"Almonds, Shelled Basis",BR,Brazil,2006,2018,10,57,Imports,21,(MT),1300.0
577400,"Almonds, Shelled Basis",BR,Brazil,2006,2018,10,28,Production,21,(MT),0.0
577400,"Almonds, Shelled Basis",BR,Brazil,2006,2018,10,178,Total Distribution,21,(MT),1300.0
577400,"Almonds, Shelled Basis",BR,Brazil,2006,2018,10,86,Total Supply,21,(MT),1300.0
577400,"Almonds, Shelled Basis",BR,Brazil,2007,2018,10,20,Beginning Stocks,21,(MT),0.0
577400,"Almonds, Shelled Basis",BR,Brazil,2007,2018,10,125,Domestic Consumption,21,(MT),1300.0
577400,"Almonds, Shelled Basis",BR,Brazil,2007,2018,10,176,Ending Stocks,21,(MT),0.0
577400,"Almonds, Shelled Basis",BR,Brazil,2007,2018,10,88,Exports,21,(MT),0.0
577400,"Almonds, Shelled Basis",BR,Brazil,2007,2018,10,57,Imports,21,(MT),1300.0
577400,"Almonds, Shelled Basis",BR,Brazil,2007,2018,10,28,Production,21,(MT),0.0
577400,"Almonds, Shelled Basis",BR,Brazil,2007,2018,10,178,Total Distribution,21,(MT),1300.0
577400,"Almonds, Shelled Basis",BR,Brazil,2007,2018,10,86,Total Supply,21,(MT),1300.0
577400,"Almonds, Shelled Basis",BR,Brazil,2008,2018,10,20,Beginning Stocks,21,(MT),0.0
577400,"Almonds, Shelled Basis",BR,Brazil,2008,2018,10,125,Domestic Consumption,21,(MT),1800.0
577400,"Almonds, Shelled Basis",BR,Brazil,2008,2018,10,176,Ending Stocks,21,(MT),0.0
577400,"Almonds, Shelled Basis",BR,Brazil,2008,2018,10,88,Exports,21,(MT),0.0
577400,"Almonds, Shelled Basis",BR,Brazil,2008,2018,10,57,Imports,21,(MT),1800.0
577400,"Almonds, Shelled Basis",BR,Brazil,2008,2018,10,28,Production,21,(MT),0.0
577400,"Almonds, Shelled Basis",BR,Brazil,2008,2018,10,178,Total Distribution,21,(MT),1800.0
577400,"Almonds, Shelled Basis",BR,Brazil,2008,2018,10,86,Total Supply,21,(MT),1800.0
577400,"Almonds, Shelled Basis",BR,Brazil,2009,2018,10,20,Beginning Stocks,21,(MT),0.0
577400,"Almonds, Shelled Basis",BR,Brazil,2009,2018,10,125,Domestic Consumption,21,(MT),2300.0
577400,"Almonds, Shelled Basis",BR,Brazil,2009,2018,10,176,Ending Stocks,21,(MT),0.0
577400,"Almonds, Shelled Basis",BR,Brazil,2009,2018,10,88,Exports,21,(MT),0.0
577400,"Almonds, Shelled Basis",BR,Brazil,2009,2018,10,57,Imports,21,(MT),2300.0
577400,"Almonds, Shelled Basis",BR,Brazil,2009,2018,10,28,Production,21,(MT),0.0
577400,"Almonds, Shelled Basis",BR,Brazil,2009,2018,10,178,Total Distribution,21,(MT),2300.0
577400,"Almonds, Shelled Basis",BR,Brazil,2009,2018,10,86,Total Supply,21,(MT),2300.0
577400,"Almonds, Shelled Basis",BR,Brazil,2010,2018,10,20,Beginning Stocks,21,(MT),0.0
577400,"Almonds, Shelled Basis",BR,Brazil,2010,2018,10,125,Domestic Consumption,21,(MT),2100.0
577400,"Almonds, Shelled Basis",BR,Brazil,2010,2018,10,176,Ending Stocks,21,(MT),0.0
577400,"Almonds, Shelled Basis",BR,Brazil,2010,2018,10,88,Exports,21,(MT),0.0
577400,"Almonds, Shelled Basis",BR,Brazil,2010,2018,10,57,Imports,21,(MT),2100.0
577400,"Almonds, Shelled Basis",BR,Brazil,2010,2018,10,28,Production,21,(MT),0.0
577400,"Almonds, Shelled Basis",BR,Brazil,2010,2018,10,178,Total Distribution,21,(MT),2100.0
577400,"Almonds, Shelled Basis",BR,Brazil,2010,2018,10,86,Total Supply,21,(MT),2100.0
577400,"Almonds, Shelled Basis",BR,Brazil,2011,2018,10,20,Beginning Stocks,21,(MT),0.0
577400,"Almonds, Shelled Basis",BR,Brazil,2011,2018,10,125,Domestic Consumption,21,(MT),3000.0
577400,"Almonds, Shelled Basis",BR,Brazil,2011,2018,10,176,Ending Stocks,21,(MT),0.0
577400,"Almonds, Shelled Basis",BR,Brazil,2011,2018,10,88,Exports,21,(MT),0.0
577400,"Almonds, Shelled Basis",BR,Brazil,2011,2018,10,57,Imports,21,(MT),3000.0
577400,"Almonds, Shelled Basis",BR,Brazil,2011,2018,10,28,Production,21,(MT),0.0
577400,"Almonds, Shelled Basis",BR,Brazil,2011,2018,10,178,Total Distribution,21,(MT),3000.0
577400,"Almonds, Shelled Basis",BR,Brazil,2011,2018,10,86,Total Supply,21,(MT),3000.0
577400,"Almonds, Shelled Basis",BR,Brazil,2012,2018,10,20,Beginning Stocks,21,(MT),0.0
577400,"Almonds, Shelled Basis",BR,Brazil,2012,2018,10,125,Domestic Consumption,21,(MT),3100.0
577400,"Almonds, Shelled Basis",BR,Brazil,2012,2018,10,176,Ending Stocks,21,(MT),0.0
577400,"Almonds, Shelled Basis",BR,Brazil,2012,2018,10,88,Exports,21,(MT),0.0
577400,"Almonds, Shelled Basis",BR,Brazil,2012,2018,10,57,Imports,21,(MT),3100.0
577400,"Almonds, Shelled Basis",BR,Brazil,2012,2018,10,28,Production,21,(MT),0.0
577400,"Almonds, Shelled Basis",BR,Brazil,2012,2018,10,178,Total Distribution,21,(MT),3100.0
577400,"Almonds, Shelled Basis",BR,Brazil,2012,2018,10,86,Total Supply,21,(MT),3100.0
577400,"Almonds, Shelled Basis",BR,Brazil,2013,2018,10,20,Beginning Stocks,21,(MT),0.0
577400,"Almonds, Shelled Basis",BR,Brazil,2013,2018,10,125,Domestic Consumption,21,(MT),3700.0
577400,"Almonds, Shelled Basis",BR,Brazil,2013,2018,10,176,Ending Stocks,21,(MT),0.0
577400,"Almonds, Shelled Basis",BR,Brazil,2013,2018,10,88,Exports,21,(MT),0.0
577400,"Almonds, Shelled Basis",BR,Brazil,2013,2018,10,57,Imports,21,(MT),3700.0
577400,"Almonds, Shelled Basis",BR,Brazil,2013,2018,10,28,Production,21,(MT),0.0
577400,"Almonds, Shelled Basis",BR,Brazil,2013,2018,10,178,Total Distribution,21,(MT),3700.0
577400,"Almonds, Shelled Basis",BR,Brazil,2013,2018,10,86,Total Supply,21,(MT),3700.0
577400,"Almonds, Shelled Basis",BR,Brazil,2014,2018,10,20,Beginning Stocks,21,(MT),0.0
577400,"Almonds, Shelled Basis",BR,Brazil,2014,2018,10,125,Domestic Consumption,21,(MT),2400.0
577400,"Almonds, Shelled Basis",BR,Brazil,2014,2018,10,176,Ending Stocks,21,(MT),0.0
577400,"Almonds, Shelled Basis",BR,Brazil,2014,2018,10,88,Exports,21,(MT),0.0
577400,"Almonds, Shelled Basis",BR,Brazil,2014,2018,10,57,Imports,21,(MT),2400.0
577400,"Almonds, Shelled Basis",BR,Brazil,2014,2018,10,28,Production,21,(MT),0.0
577400,"Almonds, Shelled Basis",BR,Brazil,2014,2018,10,178,Total Distribution,21,(MT),2400.0
577400,"Almonds, Shelled Basis",BR,Brazil,2014,2018,10,86,Total Supply,21,(MT),2400.0
577400,"Almonds, Shelled Basis",BR,Brazil,2015,2018,10,20,Beginning Stocks,21,(MT),0.0
577400,"Almonds, Shelled Basis",BR,Brazil,2015,2018,10,125,Domestic Consumption,21,(MT),2600.0
577400,"Almonds, Shelled Basis",BR,Brazil,2015,2018,10,176,Ending Stocks,21,(MT),0.0
577400,"Almonds, Shelled Basis",BR,Brazil,2015,2018,10,88,Exports,21,(MT),0.0
577400,"Almonds, Shelled Basis",BR,Brazil,2015,2018,10,57,Imports,21,(MT),2600.0
577400,"Almonds, Shelled Basis",BR,Brazil,2015,2018,10,28,Production,21,(MT),0.0
577400,"Almonds, Shelled Basis",BR,Brazil,2015,2018,10,178,Total Distribution,21,(MT),2600.0
577400,"Almonds, Shelled Basis",BR,Brazil,2015,2018,10,86,Total Supply,21,(MT),2600.0
577400,"Almonds, Shelled Basis",BR,Brazil,2016,2018,10,20,Beginning Stocks,21,(MT),0.0
577400,"Almonds, Shelled Basis",BR,Brazil,2016,2018,10,125,Domestic Consumption,21,(MT),3100.0
577400,"Almonds, Shelled Basis",BR,Brazil,2016,2018,10,176,Ending Stocks,21,(MT),0.0
577400,"Almonds, Shelled Basis",BR,Brazil,2016,2018,10,88,Exports,21,(MT),0.0
577400,"Almonds, Shelled Basis",BR,Brazil,2016,2018,10,57,Imports,21,(MT),3100.0
577400,"Almonds, Shelled Basis",BR,Brazil,2016,2018,10,28,Production,21,(MT),0.0
577400,"Almonds, Shelled Basis",BR,Brazil,2016,2018,10,178,Total Distribution,21,(MT),3100.0
577400,"Almonds, Shelled Basis",BR,Brazil,2016,2018,10,86,Total Supply,21,(MT),3100.0
577400,"Almonds, Shelled Basis",BR,Brazil,2017,2019,10,20,Beginning Stocks,21,(MT),0.0
577400,"Almonds, Shelled Basis",BR,Brazil,2017,2019,10,125,Domestic Consumption,21,(MT),3800.0
577400,"Almonds, Shelled Basis",BR,Brazil,2017,2019,10,176,Ending Stocks,21,(MT),0.0
577400,"Almonds, Shelled Basis",BR,Brazil,2017,2019,10,88,Exports,21,(MT),0.0
577400,"Almonds, Shelled Basis",BR,Brazil,2017,2019,10,57,Imports,21,(MT),3800.0
577400,"Almonds, Shelled Basis",BR,Brazil,2017,2019,10,28,Production,21,(MT),0.0
577400,"Almonds, Shelled Basis",BR,Brazil,2017,2019,10,178,Total Distribution,21,(MT),3800.0
577400,"Almonds, Shelled Basis",BR,Brazil,2017,2019,10,86,Total Supply,21,(MT),3800.0
577400,"Almonds, Shelled Basis",BR,Brazil,2018,2019,10,20,Beginning Stocks,21,(MT),0.0
577400,"Almonds, Shelled Basis",BR,Brazil,2018,2019,10,125,Domestic Consumption,21,(MT),3400.0
577400,"Almonds, Shelled Basis",BR,Brazil,2018,2019,10,176,Ending Stocks,21,(MT),0.0
577400,"Almonds, Shelled Basis",BR,Brazil,2018,2019,10,88,Exports,21,(MT),0.0
577400,"Almonds, Shelled Basis",BR,Brazil,2018,2019,10,57,Imports,21,(MT),3400.0
577400,"Almonds, Shelled Basis",BR,Brazil,2018,2019,10,28,Production,21,(MT),0.0
577400,"Almonds, Shelled Basis",BR,Brazil,2018,2019,10,178,Total Distribution,21,(MT),3400.0
577400,"Almonds, Shelled Basis",BR,Brazil,2018,2019,10,86,Total Supply,21,(MT),3400.0
577400,"Almonds, Shelled Basis",BR,Brazil,2019,2019,10,20,Beginning Stocks,21,(MT),0.0
577400,"Almonds, Shelled Basis",BR,Brazil,2019,2019,10,125,Domestic Consumption,21,(MT),3500.0
577400,"Almonds, Shelled Basis",BR,Brazil,2019,2019,10,176,Ending Stocks,21,(MT),0.0
577400,"Almonds, Shelled Basis",BR,Brazil,2019,2019,10,88,Exports,21,(MT),0.0
577400,"Almonds, Shelled Basis",BR,Brazil,2019,2019,10,57,Imports,21,(MT),3500.0
577400,"Almonds, Shelled Basis",BR,Brazil,2019,2019,10,28,Production,21,(MT),0.0
577400,"Almonds, Shelled Basis",BR,Brazil,2019,2019,10,178,Total Distribution,21,(MT),3500.0
577400,"Almonds, Shelled Basis",BR,Brazil,2019,2019,10,86,Total Supply,21,(MT),3500.0
577400,"Almonds, Shelled Basis",BR,Brazil,2020,2020,10,20,Beginning Stocks,21,(MT),0.0
577400,"Almonds, Shelled Basis",BR,Brazil,2020,2020,10,125,Domestic Consumption,21,(MT),4000.0
577400,"Almonds, Shelled Basis",BR,Brazil,2020,2020,10,176,Ending Stocks,21,(MT),0.0
577400,"Almonds, Shelled Basis",BR,Brazil,2020,2020,10,88,Exports,21,(MT),0.0
577400,"Almonds, Shelled Basis",BR,Brazil,2020,2020,10,57,Imports,21,(MT),4000.0
577400,"Almonds, Shelled Basis",BR,Brazil,2020,2020,10,28,Production,21,(MT),0.0
577400,"Almonds, Shelled Basis",BR,Brazil,2020,2020,10,178,Total Distribution,21,(MT),4000.0
577400,"Almonds, Shelled Basis",BR,Brazil,2020,2020,10,86,Total Supply,21,(MT),4000.0
577400,"Almonds, Shelled Basis",CA,Canada,2001,2010,10,20,Beginning Stocks,21,(MT),0.0
577400,"Almonds, Shelled Basis",CA,Canada,2001,2010,10,125,Domestic Consumption,21,(MT),11300.0
577400,"Almonds, Shelled Basis",CA,Canada,2001,2010,10,176,Ending Stocks,21,(MT),0.0
577400,"Almonds, Shelled Basis",CA,Canada,2001,2010,10,88,Exports,21,(MT),0.0
577400,"Almonds, Shelled Basis",CA,Canada,2001,2010,10,57,Imports,21,(MT),11300.0
577400,"Almonds, Shelled Basis",CA,Canada,2001,2010,10,28,Production,21,(MT),0.0
577400,"Almonds, Shelled Basis",CA,Canada,2001,2010,10,178,Total Distribution,21,(MT),11300.0
577400,"Almonds, Shelled Basis",CA,Canada,2001,2010,10,86,Total Supply,21,(MT),11300.0
577400,"Almonds, Shelled Basis",CA,Canada,2002,2014,10,20,Beginning Stocks,21,(MT),0.0
577400,"Almonds, Shelled Basis",CA,Canada,2002,2014,10,125,Domestic Consumption,21,(MT),15600.0
577400,"Almonds, Shelled Basis",CA,Canada,2002,2014,10,176,Ending Stocks,21,(MT),0.0
577400,"Almonds, Shelled Basis",CA,Canada,2002,2014,10,88,Exports,21,(MT),0.0
577400,"Almonds, Shelled Basis",CA,Canada,2002,2014,10,57,Imports,21,(MT),15600.0
577400,"Almonds, Shelled Basis",CA,Canada,2002,2014,10,28,Production,21,(MT),0.0
577400,"Almonds, Shelled Basis",CA,Canada,2002,2014,10,178,Total Distribution,21,(MT),15600.0
577400,"Almonds, Shelled Basis",CA,Canada,2002,2014,10,86,Total Supply,21,(MT),15600.0
577400,"Almonds, Shelled Basis",CA,Canada,2003,2014,10,20,Beginning Stocks,21,(MT),0.0
577400,"Almonds, Shelled Basis",CA,Canada,2003,2014,10,125,Domestic Consumption,21,(MT),17500.0
577400,"Almonds, Shelled Basis",CA,Canada,2003,2014,10,176,Ending Stocks,21,(MT),0.0
577400,"Almonds, Shelled Basis",CA,Canada,2003,2014,10,88,Exports,21,(MT),0.0
577400,"Almonds, Shelled Basis",CA,Canada,2003,2014,10,57,Imports,21,(MT),17500.0
577400,"Almonds, Shelled Basis",CA,Canada,2003,2014,10,28,Production,21,(MT),0.0
577400,"Almonds, Shelled Basis",CA,Canada,2003,2014,10,178,Total Distribution,21,(MT),17500.0
577400,"Almonds, Shelled Basis",CA,Canada,2003,2014,10,86,Total Supply,21,(MT),17500.0
577400,"Almonds, Shelled Basis",CA,Canada,2004,2014,10,20,Beginning Stocks,21,(MT),0.0
577400,"Almonds, Shelled Basis",CA,Canada,2004,2014,10,125,Domestic Consumption,21,(MT),22200.0
577400,"Almonds, Shelled Basis",CA,Canada,2004,2014,10,176,Ending Stocks,21,(MT),0.0
577400,"Almonds, Shelled Basis",CA,Canada,2004,2014,10,88,Exports,21,(MT),0.0
577400,"Almonds, Shelled Basis",CA,Canada,2004,2014,10,57,Imports,21,(MT),22200.0
577400,"Almonds, Shelled Basis",CA,Canada,2004,2014,10,28,Production,21,(MT),0.0
577400,"Almonds, Shelled Basis",CA,Canada,2004,2014,10,178,Total Distribution,21,(MT),22200.0
577400,"Almonds, Shelled Basis",CA,Canada,2004,2014,10,86,Total Supply,21,(MT),22200.0
577400,"Almonds, Shelled Basis",CA,Canada,2005,2014,10,20,Beginning Stocks,21,(MT),0.0
577400,"Almonds, Shelled Basis",CA,Canada,2005,2014,10,125,Domestic Consumption,21,(MT),17600.0
577400,"Almonds, Shelled Basis",CA,Canada,2005,2014,10,176,Ending Stocks,21,(MT),0.0
577400,"Almonds, Shelled Basis",CA,Canada,2005,2014,10,88,Exports,21,(MT),0.0
577400,"Almonds, Shelled Basis",CA,Canada,2005,2014,10,57,Imports,21,(MT),17600.0
577400,"Almonds, Shelled Basis",CA,Canada,2005,2014,10,28,Production,21,(MT),0.0
577400,"Almonds, Shelled Basis",CA,Canada,2005,2014,10,178,Total Distribution,21,(MT),17600.0
577400,"Almonds, Shelled Basis",CA,Canada,2005,2014,10,86,Total Supply,21,(MT),17600.0
577400,"Almonds, Shelled Basis",CA,Canada,2006,2014,10,20,Beginning Stocks,21,(MT),0.0
577400,"Almonds, Shelled Basis",CA,Canada,2006,2014,10,125,Domestic Consumption,21,(MT),20500.0
577400,"Almonds, Shelled Basis",CA,Canada,2006,2014,10,176,Ending Stocks,21,(MT),0.0
577400,"Almonds, Shelled Basis",CA,Canada,2006,2014,10,88,Exports,21,(MT),0.0
577400,"Almonds, Shelled Basis",CA,Canada,2006,2014,10,57,Imports,21,(MT),20500.0
577400,"Almonds, Shelled Basis",CA,Canada,2006,2014,10,28,Production,21,(MT),0.0
577400,"Almonds, Shelled Basis",CA,Canada,2006,2014,10,178,Total Distribution,21,(MT),20500.0
577400,"Almonds, Shelled Basis",CA,Canada,2006,2014,10,86,Total Supply,21,(MT),20500.0
577400,"Almonds, Shelled Basis",CA,Canada,2007,2014,10,20,Beginning Stocks,21,(MT),0.0
577400,"Almonds, Shelled Basis",CA,Canada,2007,2014,10,125,Domestic Consumption,21,(MT),24000.0
577400,"Almonds, Shelled Basis",CA,Canada,2007,2014,10,176,Ending Stocks,21,(MT),0.0
577400,"Almonds, Shelled Basis",CA,Canada,2007,2014,10,88,Exports,21,(MT),0.0
577400,"Almonds, Shelled Basis",CA,Canada,2007,2014,10,57,Imports,21,(MT),24000.0
577400,"Almonds, Shelled Basis",CA,Canada,2007,2014,10,28,Production,21,(MT),0.0
577400,"Almonds, Shelled Basis",CA,Canada,2007,2014,10,178,Total Distribution,21,(MT),24000.0
577400,"Almonds, Shelled Basis",CA,Canada,2007,2014,10,86,Total Supply,21,(MT),24000.0
577400,"Almonds, Shelled Basis",CA,Canada,2008,2014,10,20,Beginning Stocks,21,(MT),0.0
577400,"Almonds, Shelled Basis",CA,Canada,2008,2014,10,125,Domestic Consumption,21,(MT),23300.0
577400,"Almonds, Shelled Basis",CA,Canada,2008,2014,10,176,Ending Stocks,21,(MT),0.0
577400,"Almonds, Shelled Basis",CA,Canada,2008,2014,10,88,Exports,21,(MT),0.0
577400,"Almonds, Shelled Basis",CA,Canada,2008,2014,10,57,Imports,21,(MT),23300.0
577400,"Almonds, Shelled Basis",CA,Canada,2008,2014,10,28,Production,21,(MT),0.0
577400,"Almonds, Shelled Basis",CA,Canada,2008,2014,10,178,Total Distribution,21,(MT),23300.0
577400,"Almonds, Shelled Basis",CA,Canada,2008,2014,10,86,Total Supply,21,(MT),23300.0
577400,"Almonds, Shelled Basis",CA,Canada,2009,2014,10,20,Beginning Stocks,21,(MT),0.0
577400,"Almonds, Shelled Basis",CA,Canada,2009,2014,10,125,Domestic Consumption,21,(MT),23000.0
577400,"Almonds, Shelled Basis",CA,Canada,2009,2014,10,176,Ending Stocks,21,(MT),0.0
577400,"Almonds, Shelled Basis",CA,Canada,2009,2014,10,88,Exports,21,(MT),0.0
577400,"Almonds, Shelled Basis",CA,Canada,2009,2014,10,57,Imports,21,(MT),23000.0
577400,"Almonds, Shelled Basis",CA,Canada,2009,2014,10,28,Production,21,(MT),0.0
577400,"Almonds, Shelled Basis",CA,Canada,2009,2014,10,178,Total Distribution,21,(MT),23000.0
577400,"Almonds, Shelled Basis",CA,Canada,2009,2014,10,86,Total Supply,21,(MT),23000.0
577400,"Almonds, Shelled Basis",CA,Canada,2010,2014,10,20,Beginning Stocks,21,(MT),0.0
577400,"Almonds, Shelled Basis",CA,Canada,2010,2014,10,125,Domestic Consumption,21,(MT),27600.0
577400,"Almonds, Shelled Basis",CA,Canada,2010,2014,10,176,Ending Stocks,21,(MT),0.0
577400,"Almonds, Shelled Basis",CA,Canada,2010,2014,10,88,Exports,21,(MT),0.0
577400,"Almonds, Shelled Basis",CA,Canada,2010,2014,10,57,Imports,21,(MT),27600.0
577400,"Almonds, Shelled Basis",CA,Canada,2010,2014,10,28,Production,21,(MT),0.0
577400,"Almonds, Shelled Basis",CA,Canada,2010,2014,10,178,Total Distribution,21,(MT),27600.0
577400,"Almonds, Shelled Basis",CA,Canada,2010,2014,10,86,Total Supply,21,(MT),27600.0
577400,"Almonds, Shelled Basis",CA,Canada,2011,2014,10,20,Beginning Stocks,21,(MT),0.0
577400,"Almonds, Shelled Basis",CA,Canada,2011,2014,10,125,Domestic Consumption,21,(MT),28400.0
577400,"Almonds, Shelled Basis",CA,Canada,2011,2014,10,176,Ending Stocks,21,(MT),0.0
577400,"Almonds, Shelled Basis",CA,Canada,2011,2014,10,88,Exports,21,(MT),0.0
577400,"Almonds, Shelled Basis",CA,Canada,2011,2014,10,57,Imports,21,(MT),28400.0
577400,"Almonds, Shelled Basis",CA,Canada,2011,2014,10,28,Production,21,(MT),0.0
577400,"Almonds, Shelled Basis",CA,Canada,2011,2014,10,178,Total Distribution,21,(MT),28400.0
577400,"Almonds, Shelled Basis",CA,Canada,2011,2014,10,86,Total Supply,21,(MT),28400.0
577400,"Almonds, Shelled Basis",CA,Canada,2012,2014,10,20,Beginning Stocks,21,(MT),0.0
577400,"Almonds, Shelled Basis",CA,Canada,2012,2014,10,125,Domestic Consumption,21,(MT),31200.0
577400,"Almonds, Shelled Basis",CA,Canada,2012,2014,10,176,Ending Stocks,21,(MT),0.0
577400,"Almonds, Shelled Basis",CA,Canada,2012,2014,10,88,Exports,21,(MT),0.0
577400,"Almonds, Shelled Basis",CA,Canada,2012,2014,10,57,Imports,21,(MT),31200.0
577400,"Almonds, Shelled Basis",CA,Canada,2012,2014,10,28,Production,21,(MT),0.0
577400,"Almonds, Shelled Basis",CA,Canada,2012,2014,10,178,Total Distribution,21,(MT),31200.0
577400,"Almonds, Shelled Basis",CA,Canada,2012,2014,10,86,Total Supply,21,(MT),31200.0
577400,"Almonds, Shelled Basis",CA,Canada,2013,2020,10,20,Beginning Stocks,21,(MT),0.0
577400,"Almonds, Shelled Basis",CA,Canada,2013,2020,10,125,Domestic Consumption,21,(MT),25500.0
577400,"Almonds, Shelled Basis",CA,Canada,2013,2020,10,176,Ending Stocks,21,(MT),0.0
577400,"Almonds, Shelled Basis",CA,Canada,2013,2020,10,88,Exports,21,(MT),0.0
577400,"Almonds, Shelled Basis",CA,Canada,2013,2020,10,57,Imports,21,(MT),25500.0
577400,"Almonds, Shelled Basis",CA,Canada,2013,2020,10,28,Production,21,(MT),0.0
577400,"Almonds, Shelled Basis",CA,Canada,2013,2020,10,178,Total Distribution,21,(MT),25500.0
577400,"Almonds, Shelled Basis",CA,Canada,2013,2020,10,86,Total Supply,21,(MT),25500.0
577400,"Almonds, Shelled Basis",CA,Canada,2014,2015,10,20,Beginning Stocks,21,(MT),0.0
577400,"Almonds, Shelled Basis",CA,Canada,2014,2015,10,125,Domestic Consumption,21,(MT),35000.0
577400,"Almonds, Shelled Basis",CA,Canada,2014,2015,10,176,Ending Stocks,21,(MT),0.0
577400,"Almonds, Shelled Basis",CA,Canada,2014,2015,10,88,Exports,21,(MT),0.0
577400,"Almonds, Shelled Basis",CA,Canada,2014,2015,10,57,Imports,21,(MT),35000.0
577400,"Almonds, Shelled Basis",CA,Canada,2014,2015,10,28,Production,21,(MT),0.0
577400,"Almonds, Shelled Basis",CA,Canada,2014,2015,10,178,Total Distribution,21,(MT),35000.0
577400,"Almonds, Shelled Basis",CA,Canada,2014,2015,10,86,Total Supply,21,(MT),35000.0
577400,"Almonds, Shelled Basis",CA,Canada,2015,2018,10,20,Beginning Stocks,21,(MT),0.0
577400,"Almonds, Shelled Basis",CA,Canada,2015,2018,10,125,Domestic Consumption,21,(MT),32800.0
577400,"Almonds, Shelled Basis",CA,Canada,2015,2018,10,176,Ending Stocks,21,(MT),0.0
577400,"Almonds, Shelled Basis",CA,Canada,2015,2018,10,88,Exports,21,(MT),0.0
577400,"Almonds, Shelled Basis",CA,Canada,2015,2018,10,57,Imports,21,(MT),32800.0
577400,"Almonds, Shelled Basis",CA,Canada,2015,2018,10,28,Production,21,(MT),0.0
577400,"Almonds, Shelled Basis",CA,Canada,2015,2018,10,178,Total Distribution,21,(MT),32800.0
577400,"Almonds, Shelled Basis",CA,Canada,2015,2018,10,86,Total Supply,21,(MT),32800.0
577400,"Almonds, Shelled Basis",CA,Canada,2016,2018,10,20,Beginning Stocks,21,(MT),0.0
577400,"Almonds, Shelled Basis",CA,Canada,2016,2018,10,125,Domestic Consumption,21,(MT),35500.0
577400,"Almonds, Shelled Basis",CA,Canada,2016,2018,10,176,Ending Stocks,21,(MT),0.0
577400,"Almonds, Shelled Basis",CA,Canada,2016,2018,10,88,Exports,21,(MT),0.0
577400,"Almonds, Shelled Basis",CA,Canada,2016,2018,10,57,Imports,21,(MT),35500.0
577400,"Almonds, Shelled Basis",CA,Canada,2016,2018,10,28,Production,21,(MT),0.0
577400,"Almonds, Shelled Basis",CA,Canada,2016,2018,10,178,Total Distribution,21,(MT),35500.0
577400,"Almonds, Shelled Basis",CA,Canada,2016,2018,10,86,Total Supply,21,(MT),35500.0
577400,"Almonds, Shelled Basis",CA,Canada,2017,2018,10,20,Beginning Stocks,21,(MT),0.0
577400,"Almonds, Shelled Basis",CA,Canada,2017,2018,10,125,Domestic Consumption,21,(MT),35600.0
577400,"Almonds, Shelled Basis",CA,Canada,2017,2018,10,176,Ending Stocks,21,(MT),0.0
577400,"Almonds, Shelled Basis",CA,Canada,2017,2018,10,88,Exports,21,(MT),0.0
577400,"Almonds, Shelled Basis",CA,Canada,2017,2018,10,57,Imports,21,(MT),35600.0
577400,"Almonds, Shelled Basis",CA,Canada,2017,2018,10,28,Production,21,(MT),0.0
577400,"Almonds, Shelled Basis",CA,Canada,2017,2018,10,178,Total Distribution,21,(MT),35600.0
577400,"Almonds, Shelled Basis",CA,Canada,2017,2018,10,86,Total Supply,21,(MT),35600.0
577400,"Almonds, Shelled Basis",CA,Canada,2018,2020,10,20,Beginning Stocks,21,(MT),0.0
577400,"Almonds, Shelled Basis",CA,Canada,2018,2020,10,125,Domestic Consumption,21,(MT),29600.0
577400,"Almonds, Shelled Basis",CA,Canada,2018,2020,10,176,Ending Stocks,21,(MT),0.0
577400,"Almonds, Shelled Basis",CA,Canada,2018,2020,10,88,Exports,21,(MT),0.0
577400,"Almonds, Shelled Basis",CA,Canada,2018,2020,10,57,Imports,21,(MT),29600.0
577400,"Almonds, Shelled Basis",CA,Canada,2018,2020,10,28,Production,21,(MT),0.0
577400,"Almonds, Shelled Basis",CA,Canada,2018,2020,10,178,Total Distribution,21,(MT),29600.0
577400,"Almonds, Shelled Basis",CA,Canada,2018,2020,10,86,Total Supply,21,(MT),29600.0
577400,"Almonds, Shelled Basis",CA,Canada,2019,2020,10,20,Beginning Stocks,21,(MT),0.0
577400,"Almonds, Shelled Basis",CA,Canada,2019,2020,10,125,Domestic Consumption,21,(MT),29700.0
577400,"Almonds, Shelled Basis",CA,Canada,2019,2020,10,176,Ending Stocks,21,(MT),0.0
577400,"Almonds, Shelled Basis",CA,Canada,2019,2020,10,88,Exports,21,(MT),0.0
577400,"Almonds, Shelled Basis",CA,Canada,2019,2020,10,57,Imports,21,(MT),29700.0
577400,"Almonds, Shelled Basis",CA,Canada,2019,2020,10,28,Production,21,(MT),0.0
577400,"Almonds, Shelled Basis",CA,Canada,2019,2020,10,178,Total Distribution,21,(MT),29700.0
577400,"Almonds, Shelled Basis",CA,Canada,2019,2020,10,86,Total Supply,21,(MT),29700.0
577400,"Almonds, Shelled Basis",CA,Canada,2020,2020,10,20,Beginning Stocks,21,(MT),0.0
577400,"Almonds, Shelled Basis",CA,Canada,2020,2020,10,125,Domestic Consumption,21,(MT),35000.0
577400,"Almonds, Shelled Basis",CA,Canada,2020,2020,10,176,Ending Stocks,21,(MT),0.0
577400,"Almonds, Shelled Basis",CA,Canada,2020,2020,10,88,Exports,21,(MT),0.0
577400,"Almonds, Shelled Basis",CA,Canada,2020,2020,10,57,Imports,21,(MT),35000.0
577400,"Almonds, Shelled Basis",CA,Canada,2020,2020,10,28,Production,21,(MT),0.0
577400,"Almonds, Shelled Basis",CA,Canada,2020,2020,10,178,Total Distribution,21,(MT),35000.0
577400,"Almonds, Shelled Basis",CA,Canada,2020,2020,10,86,Total Supply,21,(MT),35000.0
577400,"Almonds, Shelled Basis",CI,Chile,2001,2010,10,20,Beginning Stocks,21,(MT),0.0
577400,"Almonds, Shelled Basis",CI,Chile,2001,2010,10,125,Domestic Consumption,21,(MT),1900.0
577400,"Almonds, Shelled Basis",CI,Chile,2001,2010,10,176,Ending Stocks,21,(MT),200.0
577400,"Almonds, Shelled Basis",CI,Chile,2001,2010,10,88,Exports,21,(MT),2900.0
577400,"Almonds, Shelled Basis",CI,Chile,2001,2010,10,57,Imports,21,(MT),1000.0
577400,"Almonds, Shelled Basis",CI,Chile,2001,2010,10,28,Production,21,(MT),4000.0
577400,"Almonds, Shelled Basis",CI,Chile,2001,2010,10,178,Total Distribution,21,(MT),5000.0
577400,"Almonds, Shelled Basis",CI,Chile,2001,2010,10,86,Total Supply,21,(MT),5000.0
577400,"Almonds, Shelled Basis",CI,Chile,2002,2014,10,20,Beginning Stocks,21,(MT),200.0
577400,"Almonds, Shelled Basis",CI,Chile,2002,2014,10,125,Domestic Consumption,21,(MT),3800.0
577400,"Almonds, Shelled Basis",CI,Chile,2002,2014,10,176,Ending Stocks,21,(MT),200.0
577400,"Almonds, Shelled Basis",CI,Chile,2002,2014,10,88,Exports,21,(MT),2900.0
577400,"Almonds, Shelled Basis",CI,Chile,2002,2014,10,57,Imports,21,(MT),700.0
577400,"Almonds, Shelled Basis",CI,Chile,2002,2014,10,28,Production,21,(MT),6000.0
577400,"Almonds, Shelled Basis",CI,Chile,2002,2014,10,178,Total Distribution,21,(MT),6900.0
577400,"Almonds, Shelled Basis",CI,Chile,2002,2014,10,86,Total Supply,21,(MT),6900.0
577400,"Almonds, Shelled Basis",CI,Chile,2003,2014,10,20,Beginning Stocks,21,(MT),200.0
577400,"Almonds, Shelled Basis",CI,Chile,2003,2014,10,125,Domestic Consumption,21,(MT),2300.0
577400,"Almonds, Shelled Basis",CI,Chile,2003,2014,10,176,Ending Stocks,21,(MT),300.0
577400,"Almonds, Shelled Basis",CI,Chile,2003,2014,10,88,Exports,21,(MT),3500.0
577400,"Almonds, Shelled Basis",CI,Chile,2003,2014,10,57,Imports,21,(MT),1400.0
577400,"Almonds, Shelled Basis",CI,Chile,2003,2014,10,28,Production,21,(MT),4500.0
577400,"Almonds, Shelled Basis",CI,Chile,2003,2014,10,178,Total Distribution,21,(MT),6100.0
577400,"Almonds, Shelled Basis",CI,Chile,2003,2014,10,86,Total Supply,21,(MT),6100.0
577400,"Almonds, Shelled Basis",CI,Chile,2004,2014,10,20,Beginning Stocks,21,(MT),300.0
577400,"Almonds, Shelled Basis",CI,Chile,2004,2014,10,125,Domestic Consumption,21,(MT),2300.0
577400,"Almonds, Shelled Basis",CI,Chile,2004,2014,10,176,Ending Stocks,21,(MT),500.0
577400,"Almonds, Shelled Basis",CI,Chile,2004,2014,10,88,Exports,21,(MT),6000.0
577400,"Almonds, Shelled Basis",CI,Chile,2004,2014,10,57,Imports,21,(MT),1000.0
577400,"Almonds, Shelled Basis",CI,Chile,2004,2014,10,28,Production,21,(MT),7500.0
577400,"Almonds, Shelled Basis",CI,Chile,2004,2014,10,178,Total Distribution,21,(MT),8800.0
577400,"Almonds, Shelled Basis",CI,Chile,2004,2014,10,86,Total Supply,21,(MT),8800.0
577400,"Almonds, Shelled Basis",CI,Chile,2005,2014,10,20,Beginning Stocks,21,(MT),500.0
577400,"Almonds, Shelled Basis",CI,Chile,2005,2014,10,125,Domestic Consumption,21,(MT),2100.0
577400,"Almonds, Shelled Basis",CI,Chile,2005,2014,10,176,Ending Stocks,21,(MT),100.0
577400,"Almonds, Shelled Basis",CI,Chile,2005,2014,10,88,Exports,21,(MT),3900.0
577400,"Almonds, Shelled Basis",CI,Chile,2005,2014,10,57,Imports,21,(MT),1400.0
577400,"Almonds, Shelled Basis",CI,Chile,2005,2014,10,28,Production,21,(MT),4200.0
577400,"Almonds, Shelled Basis",CI,Chile,2005,2014,10,178,Total Distribution,21,(MT),6100.0
577400,"Almonds, Shelled Basis",CI,Chile,2005,2014,10,86,Total Supply,21,(MT),6100.0
577400,"Almonds, Shelled Basis",CI,Chile,2006,2014,10,20,Beginning Stocks,21,(MT),100.0
577400,"Almonds, Shelled Basis",CI,Chile,2006,2014,10,125,Domestic Consumption,21,(MT),2700.0
577400,"Almonds, Shelled Basis",CI,Chile,2006,2014,10,176,Ending Stocks,21,(MT),1200.0
577400,"Almonds, Shelled Basis",CI,Chile,2006,2014,10,88,Exports,21,(MT),5100.0
577400,"Almonds, Shelled Basis",CI,Chile,2006,2014,10,57,Imports,21,(MT),2000.0
577400,"Almonds, Shelled Basis",CI,Chile,2006,2014,10,28,Production,21,(MT),6900.0
577400,"Almonds, Shelled Basis",CI,Chile,2006,2014,10,178,Total Distribution,21,(MT),9000.0
577400,"Almonds, Shelled Basis",CI,Chile,2006,2014,10,86,Total Supply,21,(MT),9000.0
577400,"Almonds, Shelled Basis",CI,Chile,2007,2014,10,20,Beginning Stocks,21,(MT),1200.0
577400,"Almonds, Shelled Basis",CI,Chile,2007,2014,10,125,Domestic Consumption,21,(MT),2700.0
577400,"Almonds, Shelled Basis",CI,Chile,2007,2014,10,176,Ending Stocks,21,(MT),3100.0
577400,"Almonds, Shelled Basis",CI,Chile,2007,2014,10,88,Exports,21,(MT),6000.0
577400,"Almonds, Shelled Basis",CI,Chile,2007,2014,10,57,Imports,21,(MT),1800.0
577400,"Almonds, Shelled Basis",CI,Chile,2007,2014,10,28,Production,21,(MT),8800.0
577400,"Almonds, Shelled Basis",CI,Chile,2007,2014,10,178,Total Distribution,21,(MT),11800.0
577400,"Almonds, Shelled Basis",CI,Chile,2007,2014,10,86,Total Supply,21,(MT),11800.0
577400,"Almonds, Shelled Basis",CI,Chile,2008,2014,10,20,Beginning Stocks,21,(MT),3100.0
577400,"Almonds, Shelled Basis",CI,Chile,2008,2014,10,125,Domestic Consumption,21,(MT),3200.0
577400,"Almonds, Shelled Basis",CI,Chile,2008,2014,10,176,Ending Stocks,21,(MT),1400.0
577400,"Almonds, Shelled Basis",CI,Chile,2008,2014,10,88,Exports,21,(MT),8100.0
577400,"Almonds, Shelled Basis",CI,Chile,2008,2014,10,57,Imports,21,(MT),1600.0
577400,"Almonds, Shelled Basis",CI,Chile,2008,2014,10,28,Production,21,(MT),8000.0
577400,"Almonds, Shelled Basis",CI,Chile,2008,2014,10,178,Total Distribution,21,(MT),12700.0
577400,"Almonds, Shelled Basis",CI,Chile,2008,2014,10,86,Total Supply,21,(MT),12700.0
577400,"Almonds, Shelled Basis",CI,Chile,2009,2015,10,20,Beginning Stocks,21,(MT),1400.0
577400,"Almonds, Shelled Basis",CI,Chile,2009,2015,10,125,Domestic Consumption,21,(MT),3700.0
577400,"Almonds, Shelled Basis",CI,Chile,2009,2015,10,176,Ending Stocks,21,(MT),800.0
577400,"Almonds, Shelled Basis",CI,Chile,2009,2015,10,88,Exports,21,(MT),6500.0
577400,"Almonds, Shelled Basis",CI,Chile,2009,2015,10,57,Imports,21,(MT),3600.0
577400,"Almonds, Shelled Basis",CI,Chile,2009,2015,10,28,Production,21,(MT),6000.0
577400,"Almonds, Shelled Basis",CI,Chile,2009,2015,10,178,Total Distribution,21,(MT),11000.0
577400,"Almonds, Shelled Basis",CI,Chile,2009,2015,10,86,Total Supply,21,(MT),11000.0
577400,"Almonds, Shelled Basis",CI,Chile,2010,2015,10,20,Beginning Stocks,21,(MT),800.0
577400,"Almonds, Shelled Basis",CI,Chile,2010,2015,10,125,Domestic Consumption,21,(MT),2700.0
577400,"Almonds, Shelled Basis",CI,Chile,2010,2015,10,176,Ending Stocks,21,(MT),400.0
577400,"Almonds, Shelled Basis",CI,Chile,2010,2015,10,88,Exports,21,(MT),9100.0
577400,"Almonds, Shelled Basis",CI,Chile,2010,2015,10,57,Imports,21,(MT),2400.0
577400,"Almonds, Shelled Basis",CI,Chile,2010,2015,10,28,Production,21,(MT),9000.0
577400,"Almonds, Shelled Basis",CI,Chile,2010,2015,10,178,Total Distribution,21,(MT),12200.0
577400,"Almonds, Shelled Basis",CI,Chile,2010,2015,10,86,Total Supply,21,(MT),12200.0
577400,"Almonds, Shelled Basis",CI,Chile,2011,2015,10,20,Beginning Stocks,21,(MT),400.0
577400,"Almonds, Shelled Basis",CI,Chile,2011,2015,10,125,Domestic Consumption,21,(MT),3400.0
577400,"Almonds, Shelled Basis",CI,Chile,2011,2015,10,176,Ending Stocks,21,(MT),800.0
577400,"Almonds, Shelled Basis",CI,Chile,2011,2015,10,88,Exports,21,(MT),8300.0
577400,"Almonds, Shelled Basis",CI,Chile,2011,2015,10,57,Imports,21,(MT),3000.0
577400,"Almonds, Shelled Basis",CI,Chile,2011,2015,10,28,Production,21,(MT),9100.0
577400,"Almonds, Shelled Basis",CI,Chile,2011,2015,10,178,Total Distribution,21,(MT),12500.0
577400,"Almonds, Shelled Basis",CI,Chile,2011,2015,10,86,Total Supply,21,(MT),12500.0
577400,"Almonds, Shelled Basis",CI,Chile,2012,2015,10,20,Beginning Stocks,21,(MT),800.0
577400,"Almonds, Shelled Basis",CI,Chile,2012,2015,10,125,Domestic Consumption,21,(MT),5100.0
577400,"Almonds, Shelled Basis",CI,Chile,2012,2015,10,176,Ending Stocks,21,(MT),500.0
577400,"Almonds, Shelled Basis",CI,Chile,2012,2015,10,88,Exports,21,(MT),7300.0
577400,"Almonds, Shelled Basis",CI,Chile,2012,2015,10,57,Imports,21,(MT),3800.0
577400,"Almonds, Shelled Basis",CI,Chile,2012,2015,10,28,Production,21,(MT),8300.0
577400,"Almonds, Shelled Basis",CI,Chile,2012,2015,10,178,Total Distribution,21,(MT),12900.0
577400,"Almonds, Shelled Basis",CI,Chile,2012,2015,10,86,Total Supply,21,(MT),12900.0
577400,"Almonds, Shelled Basis",CI,Chile,2013,2015,10,20,Beginning Stocks,21,(MT),500.0
577400,"Almonds, Shelled Basis",CI,Chile,2013,2015,10,125,Domestic Consumption,21,(MT),4300.0
577400,"Almonds, Shelled Basis",CI,Chile,2013,2015,10,176,Ending Stocks,21,(MT),500.0
577400,"Almonds, Shelled Basis",CI,Chile,2013,2015,10,88,Exports,21,(MT),4000.0
577400,"Almonds, Shelled Basis",CI,Chile,2013,2015,10,57,Imports,21,(MT),4400.0
577400,"Almonds, Shelled Basis",CI,Chile,2013,2015,10,28,Production,21,(MT),3900.0
577400,"Almonds, Shelled Basis",CI,Chile,2013,2015,10,178,Total Distribution,21,(MT),8800.0
577400,"Almonds, Shelled Basis",CI,Chile,2013,2015,10,86,Total Supply,21,(MT),8800.0
577400,"Almonds, Shelled Basis",CI,Chile,2014,2016,10,20,Beginning Stocks,21,(MT),500.0
577400,"Almonds, Shelled Basis",CI,Chile,2014,2016,10,125,Domestic Consumption,21,(MT),3000.0
577400,"Almonds, Shelled Basis",CI,Chile,2014,2016,10,176,Ending Stocks,21,(MT),500.0
577400,"Almonds, Shelled Basis",CI,Chile,2014,2016,10,88,Exports,21,(MT),8000.0
577400,"Almonds, Shelled Basis",CI,Chile,2014,2016,10,57,Imports,21,(MT),2600.0
577400,"Almonds, Shelled Basis",CI,Chile,2014,2016,10,28,Production,21,(MT),8400.0
577400,"Almonds, Shelled Basis",CI,Chile,2014,2016,10,178,Total Distribution,21,(MT),11500.0
577400,"Almonds, Shelled Basis",CI,Chile,2014,2016,10,86,Total Supply,21,(MT),11500.0
577400,"Almonds, Shelled Basis",CI,Chile,2015,2017,10,20,Beginning Stocks,21,(MT),500.0
577400,"Almonds, Shelled Basis",CI,Chile,2015,2017,10,125,Domestic Consumption,21,(MT),3600.0
577400,"Almonds, Shelled Basis",CI,Chile,2015,2017,10,176,Ending Stocks,21,(MT),500.0
577400,"Almonds, Shelled Basis",CI,Chile,2015,2017,10,88,Exports,21,(MT),6600.0
577400,"Almonds, Shelled Basis",CI,Chile,2015,2017,10,57,Imports,21,(MT),2500.0
577400,"Almonds, Shelled Basis",CI,Chile,2015,2017,10,28,Production,21,(MT),7700.0
577400,"Almonds, Shelled Basis",CI,Chile,2015,2017,10,178,Total Distribution,21,(MT),10700.0
577400,"Almonds, Shelled Basis",CI,Chile,2015,2017,10,86,Total Supply,21,(MT),10700.0
577400,"Almonds, Shelled Basis",CI,Chile,2016,2018,10,20,Beginning Stocks,21,(MT),500.0
577400,"Almonds, Shelled Basis",CI,Chile,2016,2018,10,125,Domestic Consumption,21,(MT),5200.0
577400,"Almonds, Shelled Basis",CI,Chile,2016,2018,10,176,Ending Stocks,21,(MT),500.0
577400,"Almonds, Shelled Basis",CI,Chile,2016,2018,10,88,Exports,21,(MT),5500.0
577400,"Almonds, Shelled Basis",CI,Chile,2016,2018,10,57,Imports,21,(MT),3100.0
577400,"Almonds, Shelled Basis",CI,Chile,2016,2018,10,28,Production,21,(MT),7600.0
577400,"Almonds, Shelled Basis",CI,Chile,2016,2018,10,178,Total Distribution,21,(MT),11200.0
577400,"Almonds, Shelled Basis",CI,Chile,2016,2018,10,86,Total Supply,21,(MT),11200.0
577400,"Almonds, Shelled Basis",CI,Chile,2017,2020,10,20,Beginning Stocks,21,(MT),500.0
577400,"Almonds, Shelled Basis",CI,Chile,2017,2020,10,125,Domestic Consumption,21,(MT),5000.0
577400,"Almonds, Shelled Basis",CI,Chile,2017,2020,10,176,Ending Stocks,21,(MT),500.0
577400,"Almonds, Shelled Basis",CI,Chile,2017,2020,10,88,Exports,21,(MT),7700.0
577400,"Almonds, Shelled Basis",CI,Chile,2017,2020,10,57,Imports,21,(MT),3200.0
577400,"Almonds, Shelled Basis",CI,Chile,2017,2020,10,28,Production,21,(MT),9500.0
577400,"Almonds, Shelled Basis",CI,Chile,2017,2020,10,178,Total Distribution,21,(MT),13200.0
577400,"Almonds, Shelled Basis",CI,Chile,2017,2020,10,86,Total Supply,21,(MT),13200.0
577400,"Almonds, Shelled Basis",CI,Chile,2018,2020,10,20,Beginning Stocks,21,(MT),500.0
577400,"Almonds, Shelled Basis",CI,Chile,2018,2020,10,125,Domestic Consumption,21,(MT),3400.0
577400,"Almonds, Shelled Basis",CI,Chile,2018,2020,10,176,Ending Stocks,21,(MT),500.0
577400,"Almonds, Shelled Basis",CI,Chile,2018,2020,10,88,Exports,21,(MT),10200.0
577400,"Almonds, Shelled Basis",CI,Chile,2018,2020,10,57,Imports,21,(MT),2600.0
577400,"Almonds, Shelled Basis",CI,Chile,2018,2020,10,28,Production,21,(MT),11000.0
577400,"Almonds, Shelled Basis",CI,Chile,2018,2020,10,178,Total Distribution,21,(MT),14100.0
577400,"Almonds, Shelled Basis",CI,Chile,2018,2020,10,86,Total Supply,21,(MT),14100.0
577400,"Almonds, Shelled Basis",CI,Chile,2019,2020,10,20,Beginning Stocks,21,(MT),500.0
577400,"Almonds, Shelled Basis",CI,Chile,2019,2020,10,125,Domestic Consumption,21,(MT),7700.0
577400,"Almonds, Shelled Basis",CI,Chile,2019,2020,10,176,Ending Stocks,21,(MT),400.0
577400,"Almonds, Shelled Basis",CI,Chile,2019,2020,10,88,Exports,21,(MT),7000.0
577400,"Almonds, Shelled Basis",CI,Chile,2019,2020,10,57,Imports,21,(MT),3100.0
577400,"Almonds, Shelled Basis",CI,Chile,2019,2020,10,28,Production,21,(MT),11500.0
577400,"Almonds, Shelled Basis",CI,Chile,2019,2020,10,178,Total Distribution,21,(MT),15100.0
577400,"Almonds, Shelled Basis",CI,Chile,2019,2020,10,86,Total Supply,21,(MT),15100.0
577400,"Almonds, Shelled Basis",CI,Chile,2020,2020,10,20,Beginning Stocks,21,(MT),400.0
577400,"Almonds, Shelled Basis",CI,Chile,2020,2020,10,125,Domestic Consumption,21,(MT),5100.0
577400,"Almonds, Shelled Basis",CI,Chile,2020,2020,10,176,Ending Stocks,21,(MT),500.0
577400,"Almonds, Shelled Basis",CI,Chile,2020,2020,10,88,Exports,21,(MT),9000.0
577400,"Almonds, Shelled Basis",CI,Chile,2020,2020,10,57,Imports,21,(MT),3200.0
577400,"Almonds, Shelled Basis",CI,Chile,2020,2020,10,28,Production,21,(MT),11000.0
577400,"Almonds, Shelled Basis",CI,Chile,2020,2020,10,178,Total Distribution,21,(MT),14600.0
577400,"Almonds, Shelled Basis",CI,Chile,2020,2020,10,86,Total Supply,21,(MT),14600.0
577400,"Almonds, Shelled Basis",CH,China,2001,2012,10,20,Beginning Stocks,21,(MT),0.0
577400,"Almonds, Shelled Basis",CH,China,2001,2012,10,125,Domestic Consumption,21,(MT),14100.0
577400,"Almonds, Shelled Basis",CH,China,2001,2012,10,176,Ending Stocks,21,(MT),0.0
577400,"Almonds, Shelled Basis",CH,China,2001,2012,10,88,Exports,21,(MT),0.0
577400,"Almonds, Shelled Basis",CH,China,2001,2012,10,57,Imports,21,(MT),14100.0
577400,"Almonds, Shelled Basis",CH,China,2001,2012,10,28,Production,21,(MT),0.0
577400,"Almonds, Shelled Basis",CH,China,2001,2012,10,178,Total Distribution,21,(MT),14100.0
577400,"Almonds, Shelled Basis",CH,China,2001,2012,10,86,Total Supply,21,(MT),14100.0
577400,"Almonds, Shelled Basis",CH,China,2002,2014,10,20,Beginning Stocks,21,(MT),0.0
577400,"Almonds, Shelled Basis",CH,China,2002,2014,10,125,Domestic Consumption,21,(MT),7200.0
577400,"Almonds, Shelled Basis",CH,China,2002,2014,10,176,Ending Stocks,21,(MT),0.0
577400,"Almonds, Shelled Basis",CH,China,2002,2014,10,88,Exports,21,(MT),0.0
577400,"Almonds, Shelled Basis",CH,China,2002,2014,10,57,Imports,21,(MT),7200.0
577400,"Almonds, Shelled Basis",CH,China,2002,2014,10,28,Production,21,(MT),0.0
577400,"Almonds, Shelled Basis",CH,China,2002,2014,10,178,Total Distribution,21,(MT),7200.0
577400,"Almonds, Shelled Basis",CH,China,2002,2014,10,86,Total Supply,21,(MT),7200.0
577400,"Almonds, Shelled Basis",CH,China,2003,2014,10,20,Beginning Stocks,21,(MT),0.0
577400,"Almonds, Shelled Basis",CH,China,2003,2014,10,125,Domestic Consumption,21,(MT),2100.0
577400,"Almonds, Shelled Basis",CH,China,2003,2014,10,176,Ending Stocks,21,(MT),0.0
577400,"Almonds, Shelled Basis",CH,China,2003,2014,10,88,Exports,21,(MT),0.0
577400,"Almonds, Shelled Basis",CH,China,2003,2014,10,57,Imports,21,(MT),2100.0
577400,"Almonds, Shelled Basis",CH,China,2003,2014,10,28,Production,21,(MT),0.0
577400,"Almonds, Shelled Basis",CH,China,2003,2014,10,178,Total Distribution,21,(MT),2100.0
577400,"Almonds, Shelled Basis",CH,China,2003,2014,10,86,Total Supply,21,(MT),2100.0
577400,"Almonds, Shelled Basis",CH,China,2004,2014,10,20,Beginning Stocks,21,(MT),0.0
577400,"Almonds, Shelled Basis",CH,China,2004,2014,10,125,Domestic Consumption,21,(MT),5600.0
577400,"Almonds, Shelled Basis",CH,China,2004,2014,10,176,Ending Stocks,21,(MT),0.0
577400,"Almonds, Shelled Basis",CH,China,2004,2014,10,88,Exports,21,(MT),0.0
577400,"Almonds, Shelled Basis",CH,China,2004,2014,10,57,Imports,21,(MT),5500.0
577400,"Almonds, Shelled Basis",CH,China,2004,2014,10,28,Production,21,(MT),100.0
577400,"Almonds, Shelled Basis",CH,China,2004,2014,10,178,Total Distribution,21,(MT),5600.0
577400,"Almonds, Shelled Basis",CH,China,2004,2014,10,86,Total Supply,21,(MT),5600.0
577400,"Almonds, Shelled Basis",CH,China,2005,2014,10,20,Beginning Stocks,21,(MT),0.0
577400,"Almonds, Shelled Basis",CH,China,2005,2014,10,125,Domestic Consumption,21,(MT),6200.0
577400,"Almonds, Shelled Basis",CH,China,2005,2014,10,176,Ending Stocks,21,(MT),0.0
577400,"Almonds, Shelled Basis",CH,China,2005,2014,10,88,Exports,21,(MT),0.0
577400,"Almonds, Shelled Basis",CH,China,2005,2014,10,57,Imports,21,(MT),5200.0
577400,"Almonds, Shelled Basis",CH,China,2005,2014,10,28,Production,21,(MT),1000.0
577400,"Almonds, Shelled Basis",CH,China,2005,2014,10,178,Total Distribution,21,(MT),6200.0
577400,"Almonds, Shelled Basis",CH,China,2005,2014,10,86,Total Supply,21,(MT),6200.0
577400,"Almonds, Shelled Basis",CH,China,2006,2014,10,20,Beginning Stocks,21,(MT),0.0
577400,"Almonds, Shelled Basis",CH,China,2006,2014,10,125,Domestic Consumption,21,(MT),11200.0
577400,"Almonds, Shelled Basis",CH,China,2006,2014,10,176,Ending Stocks,21,(MT),0.0
577400,"Almonds, Shelled Basis",CH,China,2006,2014,10,88,Exports,21,(MT),0.0
577400,"Almonds, Shelled Basis",CH,China,2006,2014,10,57,Imports,21,(MT),11000.0
577400,"Almonds, Shelled Basis",CH,China,2006,2014,10,28,Production,21,(MT),200.0
577400,"Almonds, Shelled Basis",CH,China,2006,2014,10,178,Total Distribution,21,(MT),11200.0
577400,"Almonds, Shelled Basis",CH,China,2006,2014,10,86,Total Supply,21,(MT),11200.0
577400,"Almonds, Shelled Basis",CH,China,2007,2014,10,20,Beginning Stocks,21,(MT),0.0
577400,"Almonds, Shelled Basis",CH,China,2007,2014,10,125,Domestic Consumption,21,(MT),14300.0
577400,"Almonds, Shelled Basis",CH,China,2007,2014,10,176,Ending Stocks,21,(MT),0.0
577400,"Almonds, Shelled Basis",CH,China,2007,2014,10,88,Exports,21,(MT),0.0
577400,"Almonds, Shelled Basis",CH,China,2007,2014,10,57,Imports,21,(MT),13000.0
577400,"Almonds, Shelled Basis",CH,China,2007,2014,10,28,Production,21,(MT),1300.0
577400,"Almonds, Shelled Basis",CH,China,2007,2014,10,178,Total Distribution,21,(MT),14300.0
577400,"Almonds, Shelled Basis",CH,China,2007,2014,10,86,Total Supply,21,(MT),14300.0
577400,"Almonds, Shelled Basis",CH,China,2008,2014,10,20,Beginning Stocks,21,(MT),0.0
577400,"Almonds, Shelled Basis",CH,China,2008,2014,10,125,Domestic Consumption,21,(MT),21800.0
577400,"Almonds, Shelled Basis",CH,China,2008,2014,10,176,Ending Stocks,21,(MT),0.0
577400,"Almonds, Shelled Basis",CH,China,2008,2014,10,88,Exports,21,(MT),0.0
577400,"Almonds, Shelled Basis",CH,China,2008,2014,10,57,Imports,21,(MT),21400.0
577400,"Almonds, Shelled Basis",CH,China,2008,2014,10,28,Production,21,(MT),400.0
577400,"Almonds, Shelled Basis",CH,China,2008,2014,10,178,Total Distribution,21,(MT),21800.0
577400,"Almonds, Shelled Basis",CH,China,2008,2014,10,86,Total Supply,21,(MT),21800.0
577400,"Almonds, Shelled Basis",CH,China,2009,2014,10,20,Beginning Stocks,21,(MT),0.0
577400,"Almonds, Shelled Basis",CH,China,2009,2014,10,125,Domestic Consumption,21,(MT),37200.0
577400,"Almonds, Shelled Basis",CH,China,2009,2014,10,176,Ending Stocks,21,(MT),0.0
577400,"Almonds, Shelled Basis",CH,China,2009,2014,10,88,Exports,21,(MT),0.0
577400,"Almonds, Shelled Basis",CH,China,2009,2014,10,57,Imports,21,(MT),36200.0
577400,"Almonds, Shelled Basis",CH,China,2009,2014,10,28,Production,21,(MT),1000.0
577400,"Almonds, Shelled Basis",CH,China,2009,2014,10,178,Total Distribution,21,(MT),37200.0
577400,"Almonds, Shelled Basis",CH,China,2009,2014,10,86,Total Supply,21,(MT),37200.0
577400,"Almonds, Shelled Basis",CH,China,2010,2014,10,20,Beginning Stocks,21,(MT),0.0
577400,"Almonds, Shelled Basis",CH,China,2010,2014,10,125,Domestic Consumption,21,(MT),48200.0
577400,"Almonds, Shelled Basis",CH,China,2010,2014,10,176,Ending Stocks,21,(MT),0.0
577400,"Almonds, Shelled Basis",CH,China,2010,2014,10,88,Exports,21,(MT),0.0
577400,"Almonds, Shelled Basis",CH,China,2010,2014,10,57,Imports,21,(MT),45700.0
577400,"Almonds, Shelled Basis",CH,China,2010,2014,10,28,Production,21,(MT),2500.0
577400,"Almonds, Shelled Basis",CH,China,2010,2014,10,178,Total Distribution,21,(MT),48200.0
577400,"Almonds, Shelled Basis",CH,China,2010,2014,10,86,Total Supply,21,(MT),48200.0
577400,"Almonds, Shelled Basis",CH,China,2011,2014,10,20,Beginning Stocks,21,(MT),0.0
577400,"Almonds, Shelled Basis",CH,China,2011,2014,10,125,Domestic Consumption,21,(MT),96700.0
577400,"Almonds, Shelled Basis",CH,China,2011,2014,10,176,Ending Stocks,21,(MT),0.0
577400,"Almonds, Shelled Basis",CH,China,2011,2014,10,88,Exports,21,(MT),0.0
577400,"Almonds, Shelled Basis",CH,China,2011,2014,10,57,Imports,21,(MT),92700.0
577400,"Almonds, Shelled Basis",CH,China,2011,2014,10,28,Production,21,(MT),4000.0
577400,"Almonds, Shelled Basis",CH,China,2011,2014,10,178,Total Distribution,21,(MT),96700.0
577400,"Almonds, Shelled Basis",CH,China,2011,2014,10,86,Total Supply,21,(MT),96700.0
577400,"Almonds, Shelled Basis",CH,China,2012,2014,10,20,Beginning Stocks,21,(MT),0.0
577400,"Almonds, Shelled Basis",CH,China,2012,2014,10,125,Domestic Consumption,21,(MT),93100.0
577400,"Almonds, Shelled Basis",CH,China,2012,2014,10,176,Ending Stocks,21,(MT),0.0
577400,"Almonds, Shelled Basis",CH,China,2012,2014,10,88,Exports,21,(MT),0.0
577400,"Almonds, Shelled Basis",CH,China,2012,2014,10,57,Imports,21,(MT),88100.0
577400,"Almonds, Shelled Basis",CH,China,2012,2014,10,28,Production,21,(MT),5000.0
577400,"Almonds, Shelled Basis",CH,China,2012,2014,10,178,Total Distribution,21,(MT),93100.0
577400,"Almonds, Shelled Basis",CH,China,2012,2014,10,86,Total Supply,21,(MT),93100.0
577400,"Almonds, Shelled Basis",CH,China,2013,2015,10,20,Beginning Stocks,21,(MT),0.0
577400,"Almonds, Shelled Basis",CH,China,2013,2015,10,125,Domestic Consumption,21,(MT),67700.0
577400,"Almonds, Shelled Basis",CH,China,2013,2015,10,176,Ending Stocks,21,(MT),0.0
577400,"Almonds, Shelled Basis",CH,China,2013,2015,10,88,Exports,21,(MT),0.0
577400,"Almonds, Shelled Basis",CH,China,2013,2015,10,57,Imports,21,(MT),60700.0
577400,"Almonds, Shelled Basis",CH,China,2013,2015,10,28,Production,21,(MT),7000.0
577400,"Almonds, Shelled Basis",CH,China,2013,2015,10,178,Total Distribution,21,(MT),67700.0
577400,"Almonds, Shelled Basis",CH,China,2013,2015,10,86,Total Supply,21,(MT),67700.0
577400,"Almonds, Shelled Basis",CH,China,2014,2015,10,20,Beginning Stocks,21,(MT),0.0
577400,"Almonds, Shelled Basis",CH,China,2014,2015,10,125,Domestic Consumption,21,(MT),57800.0
577400,"Almonds, Shelled Basis",CH,China,2014,2015,10,176,Ending Stocks,21,(MT),0.0
577400,"Almonds, Shelled Basis",CH,China,2014,2015,10,88,Exports,21,(MT),0.0
577400,"Almonds, Shelled Basis",CH,China,2014,2015,10,57,Imports,21,(MT),48300.0
577400,"Almonds, Shelled Basis",CH,China,2014,2015,10,28,Production,21,(MT),9500.0
577400,"Almonds, Shelled Basis",CH,China,2014,2015,10,178,Total Distribution,21,(MT),57800.0
577400,"Almonds, Shelled Basis",CH,China,2014,2015,10,86,Total Supply,21,(MT),57800.0
577400,"Almonds, Shelled Basis",CH,China,2015,2016,10,20,Beginning Stocks,21,(MT),0.0
577400,"Almonds, Shelled Basis",CH,China,2015,2016,10,125,Domestic Consumption,21,(MT),87500.0
577400,"Almonds, Shelled Basis",CH,China,2015,2016,10,176,Ending Stocks,21,(MT),0.0
577400,"Almonds, Shelled Basis",CH,China,2015,2016,10,88,Exports,21,(MT),0.0
577400,"Almonds, Shelled Basis",CH,China,2015,2016,10,57,Imports,21,(MT),57500.0
577400,"Almonds, Shelled Basis",CH,China,2015,2016,10,28,Production,21,(MT),30000.0
577400,"Almonds, Shelled Basis",CH,China,2015,2016,10,178,Total Distribution,21,(MT),87500.0
577400,"Almonds, Shelled Basis",CH,China,2015,2016,10,86,Total Supply,21,(MT),87500.0
577400,"Almonds, Shelled Basis",CH,China,2016,2018,10,20,Beginning Stocks,21,(MT),0.0
577400,"Almonds, Shelled Basis",CH,China,2016,2018,10,125,Domestic Consumption,21,(MT),107200.0
577400,"Almonds, Shelled Basis",CH,China,2016,2018,10,176,Ending Stocks,21,(MT),0.0
577400,"Almonds, Shelled Basis",CH,China,2016,2018,10,88,Exports,21,(MT),0.0
577400,"Almonds, Shelled Basis",CH,China,2016,2018,10,57,Imports,21,(MT),67200.0
577400,"Almonds, Shelled Basis",CH,China,2016,2018,10,28,Production,21,(MT),40000.0
577400,"Almonds, Shelled Basis",CH,China,2016,2018,10,178,Total Distribution,21,(MT),107200.0
577400,"Almonds, Shelled Basis",CH,China,2016,2018,10,86,Total Supply,21,(MT),107200.0
577400,"Almonds, Shelled Basis",CH,China,2017,2020,10,20,Beginning Stocks,21,(MT),0.0
577400,"Almonds, Shelled Basis",CH,China,2017,2020,10,125,Domestic Consumption,21,(MT),121800.0
577400,"Almonds, Shelled Basis",CH,China,2017,2020,10,176,Ending Stocks,21,(MT),0.0
577400,"Almonds, Shelled Basis",CH,China,2017,2020,10,88,Exports,21,(MT),0.0
577400,"Almonds, Shelled Basis",CH,China,2017,2020,10,57,Imports,21,(MT),78800.0
577400,"Almonds, Shelled Basis",CH,China,2017,2020,10,28,Production,21,(MT),43000.0
577400,"Almonds, Shelled Basis",CH,China,2017,2020,10,178,Total Distribution,21,(MT),121800.0
577400,"Almonds, Shelled Basis",CH,China,2017,2020,10,86,Total Supply,21,(MT),121800.0
577400,"Almonds, Shelled Basis",CH,China,2018,2020,10,20,Beginning Stocks,21,(MT),0.0
577400,"Almonds, Shelled Basis",CH,China,2018,2020,10,125,Domestic Consumption,21,(MT),138400.0
577400,"Almonds, Shelled Basis",CH,China,2018,2020,10,176,Ending Stocks,21,(MT),0.0
577400,"Almonds, Shelled Basis",CH,China,2018,2020,10,88,Exports,21,(MT),0.0
577400,"Almonds, Shelled Basis",CH,China,2018,2020,10,57,Imports,21,(MT),95400.0
577400,"Almonds, Shelled Basis",CH,China,2018,2020,10,28,Production,21,(MT),43000.0
577400,"Almonds, Shelled Basis",CH,China,2018,2020,10,178,Total Distribution,21,(MT),138400.0
577400,"Almonds, Shelled Basis",CH,China,2018,2020,10,86,Total Supply,21,(MT),138400.0
577400,"Almonds, Shelled Basis",CH,China,2019,2020,10,20,Beginning Stocks,21,(MT),0.0
577400,"Almonds, Shelled Basis",CH,China,2019,2020,10,125,Domestic Consumption,21,(MT),111800.0
577400,"Almonds, Shelled Basis",CH,China,2019,2020,10,176,Ending Stocks,21,(MT),0.0
577400,"Almonds, Shelled Basis",CH,China,2019,2020,10,88,Exports,21,(MT),0.0
577400,"Almonds, Shelled Basis",CH,China,2019,2020,10,57,Imports,21,(MT),66800.0
577400,"Almonds, Shelled Basis",CH,China,2019,2020,10,28,Production,21,(MT),45000.0
577400,"Almonds, Shelled Basis",CH,China,2019,2020,10,178,Total Distribution,21,(MT),111800.0
577400,"Almonds, Shelled Basis",CH,China,2019,2020,10,86,Total Supply,21,(MT),111800.0
577400,"Almonds, Shelled Basis",CH,China,2020,2020,10,20,Beginning Stocks,21,(MT),0.0
577400,"Almonds, Shelled Basis",CH,China,2020,2020,10,125,Domestic Consumption,21,(MT),145000.0
577400,"Almonds, Shelled Basis",CH,China,2020,2020,10,176,Ending Stocks,21,(MT),0.0
577400,"Almonds, Shelled Basis",CH,China,2020,2020,10,88,Exports,21,(MT),0.0
577400,"Almonds, Shelled Basis",CH,China,2020,2020,10,57,Imports,21,(MT),100000.0
577400,"Almonds, Shelled Basis",CH,China,2020,2020,10,28,Production,21,(MT),45000.0
577400,"Almonds, Shelled Basis",CH,China,2020,2020,10,178,Total Distribution,21,(MT),145000.0
577400,"Almonds, Shelled Basis",CH,China,2020,2020,10,86,Total Supply,21,(MT),145000.0
577400,"Almonds, Shelled Basis",CO,Colombia,2001,2020,10,20,Beginning Stocks,21,(MT),0.0
577400,"Almonds, Shelled Basis",CO,Colombia,2001,2020,10,125,Domestic Consumption,21,(MT),200.0
577400,"Almonds, Shelled Basis",CO,Colombia,2001,2020,10,176,Ending Stocks,21,(MT),0.0
577400,"Almonds, Shelled Basis",CO,Colombia,2001,2020,10,88,Exports,21,(MT),0.0
577400,"Almonds, Shelled Basis",CO,Colombia,2001,2020,10,57,Imports,21,(MT),200.0
577400,"Almonds, Shelled Basis",CO,Colombia,2001,2020,10,28,Production,21,(MT),0.0
577400,"Almonds, Shelled Basis",CO,Colombia,2001,2020,10,178,Total Distribution,21,(MT),200.0
577400,"Almonds, Shelled Basis",CO,Colombia,2001,2020,10,86,Total Supply,21,(MT),200.0
577400,"Almonds, Shelled Basis",CO,Colombia,2002,2020,10,20,Beginning Stocks,21,(MT),0.0
577400,"Almonds, Shelled Basis",CO,Colombia,2002,2020,10,125,Domestic Consumption,21,(MT),300.0
577400,"Almonds, Shelled Basis",CO,Colombia,2002,2020,10,176,Ending Stocks,21,(MT),0.0
577400,"Almonds, Shelled Basis",CO,Colombia,2002,2020,10,88,Exports,21,(MT),0.0
577400,"Almonds, Shelled Basis",CO,Colombia,2002,2020,10,57,Imports,21,(MT),300.0
577400,"Almonds, Shelled Basis",CO,Colombia,2002,2020,10,28,Production,21,(MT),0.0
577400,"Almonds, Shelled Basis",CO,Colombia,2002,2020,10,178,Total Distribution,21,(MT),300.0
577400,"Almonds, Shelled Basis",CO,Colombia,2002,2020,10,86,Total Supply,21,(MT),300.0
577400,"Almonds, Shelled Basis",CO,Colombia,2003,2020,10,20,Beginning Stocks,21,(MT),0.0
577400,"Almonds, Shelled Basis",CO,Colombia,2003,2020,10,125,Domestic Consumption,21,(MT),300.0
577400,"Almonds, Shelled Basis",CO,Colombia,2003,2020,10,176,Ending Stocks,21,(MT),0.0
577400,"Almonds, Shelled Basis",CO,Colombia,2003,2020,10,88,Exports,21,(MT),0.0
577400,"Almonds, Shelled Basis",CO,Colombia,2003,2020,10,57,Imports,21,(MT),300.0
577400,"Almonds, Shelled Basis",CO,Colombia,2003,2020,10,28,Production,21,(MT),0.0
577400,"Almonds, Shelled Basis",CO,Colombia,2003,2020,10,178,Total Distribution,21,(MT),300.0
577400,"Almonds, Shelled Basis",CO,Colombia,2003,2020,10,86,Total Supply,21,(MT),300.0
577400,"Almonds, Shelled Basis",CO,Colombia,2004,2020,10,20,Beginning Stocks,21,(MT),0.0
577400,"Almonds, Shelled Basis",CO,Colombia,2004,2020,10,125,Domestic Consumption,21,(MT),300.0
577400,"Almonds, Shelled Basis",CO,Colombia,2004,2020,10,176,Ending Stocks,21,(MT),0.0
577400,"Almonds, Shelled Basis",CO,Colombia,2004,2020,10,88,Exports,21,(MT),0.0
577400,"Almonds, Shelled Basis",CO,Colombia,2004,2020,10,57,Imports,21,(MT),300.0
577400,"Almonds, Shelled Basis",CO,Colombia,2004,2020,10,28,Production,21,(MT),0.0
577400,"Almonds, Shelled Basis",CO,Colombia,2004,2020,10,178,Total Distribution,21,(MT),300.0
577400,"Almonds, Shelled Basis",CO,Colombia,2004,2020,10,86,Total Supply,21,(MT),300.0
577400,"Almonds, Shelled Basis",CO,Colombia,2005,2020,10,20,Beginning Stocks,21,(MT),0.0
577400,"Almonds, Shelled Basis",CO,Colombia,2005,2020,10,125,Domestic Consumption,21,(MT),300.0
577400,"Almonds, Shelled Basis",CO,Colombia,2005,2020,10,176,Ending Stocks,21,(MT),0.0
577400,"Almonds, Shelled Basis",CO,Colombia,2005,2020,10,88,Exports,21,(MT),0.0
577400,"Almonds, Shelled Basis",CO,Colombia,2005,2020,10,57,Imports,21,(MT),300.0
577400,"Almonds, Shelled Basis",CO,Colombia,2005,2020,10,28,Production,21,(MT),0.0
577400,"Almonds, Shelled Basis",CO,Colombia,2005,2020,10,178,Total Distribution,21,(MT),300.0
577400,"Almonds, Shelled Basis",CO,Colombia,2005,2020,10,86,Total Supply,21,(MT),300.0
577400,"Almonds, Shelled Basis",CO,Colombia,2006,2020,10,20,Beginning Stocks,21,(MT),0.0
577400,"Almonds, Shelled Basis",CO,Colombia,2006,2020,10,125,Domestic Consumption,21,(MT),300.0
577400,"Almonds, Shelled Basis",CO,Colombia,2006,2020,10,176,Ending Stocks,21,(MT),0.0
577400,"Almonds, Shelled Basis",CO,Colombia,2006,2020,10,88,Exports,21,(MT),0.0
577400,"Almonds, Shelled Basis",CO,Colombia,2006,2020,10,57,Imports,21,(MT),300.0
577400,"Almonds, Shelled Basis",CO,Colombia,2006,2020,10,28,Production,21,(MT),0.0
577400,"Almonds, Shelled Basis",CO,Colombia,2006,2020,10,178,Total Distribution,21,(MT),300.0
577400,"Almonds, Shelled Basis",CO,Colombia,2006,2020,10,86,Total Supply,21,(MT),300.0
577400,"Almonds, Shelled Basis",CO,Colombia,2007,2020,10,20,Beginning Stocks,21,(MT),0.0
577400,"Almonds, Shelled Basis",CO,Colombia,2007,2020,10,125,Domestic Consumption,21,(MT),400.0
577400,"Almonds, Shelled Basis",CO,Colombia,2007,2020,10,176,Ending Stocks,21,(MT),0.0
577400,"Almonds, Shelled Basis",CO,Colombia,2007,2020,10,88,Exports,21,(MT),0.0
577400,"Almonds, Shelled Basis",CO,Colombia,2007,2020,10,57,Imports,21,(MT),400.0
577400,"Almonds, Shelled Basis",CO,Colombia,2007,2020,10,28,Production,21,(MT),0.0
577400,"Almonds, Shelled Basis",CO,Colombia,2007,2020,10,178,Total Distribution,21,(MT),400.0
577400,"Almonds, Shelled Basis",CO,Colombia,2007,2020,10,86,Total Supply,21,(MT),400.0
577400,"Almonds, Shelled Basis",CO,Colombia,2008,2020,10,20,Beginning Stocks,21,(MT),0.0
577400,"Almonds, Shelled Basis",CO,Colombia,2008,2020,10,125,Domestic Consumption,21,(MT),400.0
577400,"Almonds, Shelled Basis",CO,Colombia,2008,2020,10,176,Ending Stocks,21,(MT),0.0
577400,"Almonds, Shelled Basis",CO,Colombia,2008,2020,10,88,Exports,21,(MT),0.0
577400,"Almonds, Shelled Basis",CO,Colombia,2008,2020,10,57,Imports,21,(MT),400.0
577400,"Almonds, Shelled Basis",CO,Colombia,2008,2020,10,28,Production,21,(MT),0.0
577400,"Almonds, Shelled Basis",CO,Colombia,2008,2020,10,178,Total Distribution,21,(MT),400.0
577400,"Almonds, Shelled Basis",CO,Colombia,2008,2020,10,86,Total Supply,21,(MT),400.0
577400,"Almonds, Shelled Basis",CO,Colombia,2009,2020,10,20,Beginning Stocks,21,(MT),0.0
577400,"Almonds, Shelled Basis",CO,Colombia,2009,2020,10,125,Domestic Consumption,21,(MT),500.0
577400,"Almonds, Shelled Basis",CO,Colombia,2009,2020,10,176,Ending Stocks,21,(MT),0.0
577400,"Almonds, Shelled Basis",CO,Colombia,2009,2020,10,88,Exports,21,(MT),0.0
577400,"Almonds, Shelled Basis",CO,Colombia,2009,2020,10,57,Imports,21,(MT),500.0
577400,"Almonds, Shelled Basis",CO,Colombia,2009,2020,10,28,Production,21,(MT),0.0
577400,"Almonds, Shelled Basis",CO,Colombia,2009,2020,10,178,Total Distribution,21,(MT),500.0
577400,"Almonds, Shelled Basis",CO,Colombia,2009,2020,10,86,Total Supply,21,(MT),500.0
577400,"Almonds, Shelled Basis",CO,Colombia,2010,2020,10,20,Beginning Stocks,21,(MT),0.0
577400,"Almonds, Shelled Basis",CO,Colombia,2010,2020,10,125,Domestic Consumption,21,(MT),700.0
577400,"Almonds, Shelled Basis",CO,Colombia,2010,2020,10,176,Ending Stocks,21,(MT),0.0
577400,"Almonds, Shelled Basis",CO,Colombia,2010,2020,10,88,Exports,21,(MT),0.0
577400,"Almonds, Shelled Basis",CO,Colombia,2010,2020,10,57,Imports,21,(MT),700.0
577400,"Almonds, Shelled Basis",CO,Colombia,2010,2020,10,28,Production,21,(MT),0.0
577400,"Almonds, Shelled Basis",CO,Colombia,2010,2020,10,178,Total Distribution,21,(MT),700.0
577400,"Almonds, Shelled Basis",CO,Colombia,2010,2020,10,86,Total Supply,21,(MT),700.0
577400,"Almonds, Shelled Basis",CO,Colombia,2011,2020,10,20,Beginning Stocks,21,(MT),0.0
577400,"Almonds, Shelled Basis",CO,Colombia,2011,2020,10,125,Domestic Consumption,21,(MT),900.0
577400,"Almonds, Shelled Basis",CO,Colombia,2011,2020,10,176,Ending Stocks,21,(MT),0.0
577400,"Almonds, Shelled Basis",CO,Colombia,2011,2020,10,88,Exports,21,(MT),0.0
577400,"Almonds, Shelled Basis",CO,Colombia,2011,2020,10,57,Imports,21,(MT),900.0
577400,"Almonds, Shelled Basis",CO,Colombia,2011,2020,10,28,Production,21,(MT),0.0
577400,"Almonds, Shelled Basis",CO,Colombia,2011,2020,10,178,Total Distribution,21,(MT),900.0
577400,"Almonds, Shelled Basis",CO,Colombia,2011,2020,10,86,Total Supply,21,(MT),900.0
577400,"Almonds, Shelled Basis",CO,Colombia,2012,2020,10,20,Beginning Stocks,21,(MT),0.0
577400,"Almonds, Shelled Basis",CO,Colombia,2012,2020,10,125,Domestic Consumption,21,(MT),1200.0
577400,"Almonds, Shelled Basis",CO,Colombia,2012,2020,10,176,Ending Stocks,21,(MT),0.0
577400,"Almonds, Shelled Basis",CO,Colombia,2012,2020,10,88,Exports,21,(MT),0.0
577400,"Almonds, Shelled Basis",CO,Colombia,2012,2020,10,57,Imports,21,(MT),1200.0
577400,"Almonds, Shelled Basis",CO,Colombia,2012,2020,10,28,Production,21,(MT),0.0
577400,"Almonds, Shelled Basis",CO,Colombia,2012,2020,10,178,Total Distribution,21,(MT),1200.0
577400,"Almonds, Shelled Basis",CO,Colombia,2012,2020,10,86,Total Supply,21,(MT),1200.0
577400,"Almonds, Shelled Basis",CO,Colombia,2013,2020,10,20,Beginning Stocks,21,(MT),0.0
577400,"Almonds, Shelled Basis",CO,Colombia,2013,2020,10,125,Domestic Consumption,21,(MT),1200.0
577400,"Almonds, Shelled Basis",CO,Colombia,2013,2020,10,176,Ending Stocks,21,(MT),0.0
577400,"Almonds, Shelled Basis",CO,Colombia,2013,2020,10,88,Exports,21,(MT),0.0
577400,"Almonds, Shelled Basis",CO,Colombia,2013,2020,10,57,Imports,21,(MT),1200.0
577400,"Almonds, Shelled Basis",CO,Colombia,2013,2020,10,28,Production,21,(MT),0.0
577400,"Almonds, Shelled Basis",CO,Colombia,2013,2020,10,178,Total Distribution,21,(MT),1200.0
577400,"Almonds, Shelled Basis",CO,Colombia,2013,2020,10,86,Total Supply,21,(MT),1200.0
577400,"Almonds, Shelled Basis",CO,Colombia,2014,2020,10,20,Beginning Stocks,21,(MT),0.0
577400,"Almonds, Shelled Basis",CO,Colombia,2014,2020,10,125,Domestic Consumption,21,(MT),1400.0
577400,"Almonds, Shelled Basis",CO,Colombia,2014,2020,10,176,Ending Stocks,21,(MT),0.0
577400,"Almonds, Shelled Basis",CO,Colombia,2014,2020,10,88,Exports,21,(MT),0.0
577400,"Almonds, Shelled Basis",CO,Colombia,2014,2020,10,57,Imports,21,(MT),1400.0
577400,"Almonds, Shelled Basis",CO,Colombia,2014,2020,10,28,Production,21,(MT),0.0
577400,"Almonds, Shelled Basis",CO,Colombia,2014,2020,10,178,Total Distribution,21,(MT),1400.0
577400,"Almonds, Shelled Basis",CO,Colombia,2014,2020,10,86,Total Supply,21,(MT),1400.0
577400,"Almonds, Shelled Basis",CO,Colombia,2015,2020,10,20,Beginning Stocks,21,(MT),0.0
577400,"Almonds, Shelled Basis",CO,Colombia,2015,2020,10,125,Domestic Consumption,21,(MT),1200.0
577400,"Almonds, Shelled Basis",CO,Colombia,2015,2020,10,176,Ending Stocks,21,(MT),0.0
577400,"Almonds, Shelled Basis",CO,Colombia,2015,2020,10,88,Exports,21,(MT),0.0
577400,"Almonds, Shelled Basis",CO,Colombia,2015,2020,10,57,Imports,21,(MT),1200.0
577400,"Almonds, Shelled Basis",CO,Colombia,2015,2020,10,28,Production,21,(MT),0.0
577400,"Almonds, Shelled Basis",CO,Colombia,2015,2020,10,178,Total Distribution,21,(MT),1200.0
577400,"Almonds, Shelled Basis",CO,Colombia,2015,2020,10,86,Total Supply,21,(MT),1200.0
577400,"Almonds, Shelled Basis",CO,Colombia,2016,2020,10,20,Beginning Stocks,21,(MT),0.0
577400,"Almonds, Shelled Basis",CO,Colombia,2016,2020,10,125,Domestic Consumption,21,(MT),1500.0
577400,"Almonds, Shelled Basis",CO,Colombia,2016,2020,10,176,Ending Stocks,21,(MT),0.0
577400,"Almonds, Shelled Basis",CO,Colombia,2016,2020,10,88,Exports,21,(MT),0.0
577400,"Almonds, Shelled Basis",CO,Colombia,2016,2020,10,57,Imports,21,(MT),1500.0
577400,"Almonds, Shelled Basis",CO,Colombia,2016,2020,10,28,Production,21,(MT),0.0
577400,"Almonds, Shelled Basis",CO,Colombia,2016,2020,10,178,Total Distribution,21,(MT),1500.0
577400,"Almonds, Shelled Basis",CO,Colombia,2016,2020,10,86,Total Supply,21,(MT),1500.0
577400,"Almonds, Shelled Basis",CO,Colombia,2017,2020,10,20,Beginning Stocks,21,(MT),0.0
577400,"Almonds, Shelled Basis",CO,Colombia,2017,2020,10,125,Domestic Consumption,21,(MT),2000.0
577400,"Almonds, Shelled Basis",CO,Colombia,2017,2020,10,176,Ending Stocks,21,(MT),0.0
577400,"Almonds, Shelled Basis",CO,Colombia,2017,2020,10,88,Exports,21,(MT),0.0
577400,"Almonds, Shelled Basis",CO,Colombia,2017,2020,10,57,Imports,21,(MT),2000.0
577400,"Almonds, Shelled Basis",CO,Colombia,2017,2020,10,28,Production,21,(MT),0.0
577400,"Almonds, Shelled Basis",CO,Colombia,2017,2020,10,178,Total Distribution,21,(MT),2000.0
577400,"Almonds, Shelled Basis",CO,Colombia,2017,2020,10,86,Total Supply,21,(MT),2000.0
577400,"Almonds, Shelled Basis",CO,Colombia,2018,2020,10,20,Beginning Stocks,21,(MT),0.0
577400,"Almonds, Shelled Basis",CO,Colombia,2018,2020,10,125,Domestic Consumption,21,(MT),2100.0
577400,"Almonds, Shelled Basis",CO,Colombia,2018,2020,10,176,Ending Stocks,21,(MT),0.0
577400,"Almonds, Shelled Basis",CO,Colombia,2018,2020,10,88,Exports,21,(MT),0.0
577400,"Almonds, Shelled Basis",CO,Colombia,2018,2020,10,57,Imports,21,(MT),2100.0
577400,"Almonds, Shelled Basis",CO,Colombia,2018,2020,10,28,Production,21,(MT),0.0
577400,"Almonds, Shelled Basis",CO,Colombia,2018,2020,10,178,Total Distribution,21,(MT),2100.0
577400,"Almonds, Shelled Basis",CO,Colombia,2018,2020,10,86,Total Supply,21,(MT),2100.0
577400,"Almonds, Shelled Basis",CO,Colombia,2019,2020,10,20,Beginning Stocks,21,(MT),0.0
577400,"Almonds, Shelled Basis",CO,Colombia,2019,2020,10,125,Domestic Consumption,21,(MT),2400.0
577400,"Almonds, Shelled Basis",CO,Colombia,2019,2020,10,176,Ending Stocks,21,(MT),0.0
577400,"Almonds, Shelled Basis",CO,Colombia,2019,2020,10,88,Exports,21,(MT),0.0
577400,"Almonds, Shelled Basis",CO,Colombia,2019,2020,10,57,Imports,21,(MT),2400.0
577400,"Almonds, Shelled Basis",CO,Colombia,2019,2020,10,28,Production,21,(MT),0.0
577400,"Almonds, Shelled Basis",CO,Colombia,2019,2020,10,178,Total Distribution,21,(MT),2400.0
577400,"Almonds, Shelled Basis",CO,Colombia,2019,2020,10,86,Total Supply,21,(MT),2400.0
577400,"Almonds, Shelled Basis",CO,Colombia,2020,2020,10,20,Beginning Stocks,21,(MT),0.0
577400,"Almonds, Shelled Basis",CO,Colombia,2020,2020,10,125,Domestic Consumption,21,(MT),2500.0
577400,"Almonds, Shelled Basis",CO,Colombia,2020,2020,10,176,Ending Stocks,21,(MT),0.0
577400,"Almonds, Shelled Basis",CO,Colombia,2020,2020,10,88,Exports,21,(MT),0.0
577400,"Almonds, Shelled Basis",CO,Colombia,2020,2020,10,57,Imports,21,(MT),2500.0
577400,"Almonds, Shelled Basis",CO,Colombia,2020,2020,10,28,Production,21,(MT),0.0
577400,"Almonds, Shelled Basis",CO,Colombia,2020,2020,10,178,Total Distribution,21,(MT),2500.0
577400,"Almonds, Shelled Basis",CO,Colombia,2020,2020,10,86,Total Supply,21,(MT),2500.0
577400,"Almonds, Shelled Basis",E4,European Union,2001,2015,10,20,Beginning Stocks,21,(MT),0.0
577400,"Almonds, Shelled Basis",E4,European Union,2001,2015,10,125,Domestic Consumption,21,(MT),211900.0
577400,"Almonds, Shelled Basis",E4,European Union,2001,2015,10,176,Ending Stocks,21,(MT),20000.0
577400,"Almonds, Shelled Basis",E4,European Union,2001,2015,10,88,Exports,21,(MT),6900.0
577400,"Almonds, Shelled Basis",E4,European Union,2001,2015,10,57,Imports,21,(MT),150800.0
577400,"Almonds, Shelled Basis",E4,European Union,2001,2015,10,28,Production,21,(MT),88000.0
577400,"Almonds, Shelled Basis",E4,European Union,2001,2015,10,178,Total Distribution,21,(MT),238800.0
577400,"Almonds, Shelled Basis",E4,European Union,2001,2015,10,86,Total Supply,21,(MT),238800.0
577400,"Almonds, Shelled Basis",E4,European Union,2002,2020,10,20,Beginning Stocks,21,(MT),20000.0
577400,"Almonds, Shelled Basis",E4,European Union,2002,2020,10,125,Domestic Consumption,21,(MT),244700.0
577400,"Almonds, Shelled Basis",E4,European Union,2002,2020,10,176,Ending Stocks,21,(MT),20000.0
577400,"Almonds, Shelled Basis",E4,European Union,2002,2020,10,88,Exports,21,(MT),7100.0
577400,"Almonds, Shelled Basis",E4,European Union,2002,2020,10,57,Imports,21,(MT),159800.0
577400,"Almonds, Shelled Basis",E4,European Union,2002,2020,10,28,Production,21,(MT),92000.0
577400,"Almonds, Shelled Basis",E4,European Union,2002,2020,10,178,Total Distribution,21,(MT),271800.0
577400,"Almonds, Shelled Basis",E4,European Union,2002,2020,10,86,Total Supply,21,(MT),271800.0
577400,"Almonds, Shelled Basis",E4,European Union,2003,2020,10,20,Beginning Stocks,21,(MT),20000.0
577400,"Almonds, Shelled Basis",E4,European Union,2003,2020,10,125,Domestic Consumption,21,(MT),254200.0
577400,"Almonds, Shelled Basis",E4,European Union,2003,2020,10,176,Ending Stocks,21,(MT),20000.0
577400,"Almonds, Shelled Basis",E4,European Union,2003,2020,10,88,Exports,21,(MT),4400.0
577400,"Almonds, Shelled Basis",E4,European Union,2003,2020,10,57,Imports,21,(MT),183100.0
577400,"Almonds, Shelled Basis",E4,European Union,2003,2020,10,28,Production,21,(MT),75500.0
577400,"Almonds, Shelled Basis",E4,European Union,2003,2020,10,178,Total Distribution,21,(MT),278600.0
577400,"Almonds, Shelled Basis",E4,European Union,2003,2020,10,86,Total Supply,21,(MT),278600.0
577400,"Almonds, Shelled Basis",E4,European Union,2004,2020,10,20,Beginning Stocks,21,(MT),20000.0
577400,"Almonds, Shelled Basis",E4,European Union,2004,2020,10,125,Domestic Consumption,21,(MT),260800.0
577400,"Almonds, Shelled Basis",E4,European Union,2004,2020,10,176,Ending Stocks,21,(MT),20000.0
577400,"Almonds, Shelled Basis",E4,European Union,2004,2020,10,88,Exports,21,(MT),4600.0
577400,"Almonds, Shelled Basis",E4,European Union,2004,2020,10,57,Imports,21,(MT),185400.0
577400,"Almonds, Shelled Basis",E4,European Union,2004,2020,10,28,Production,21,(MT),80000.0
577400,"Almonds, Shelled Basis",E4,European Union,2004,2020,10,178,Total Distribution,21,(MT),285400.0
577400,"Almonds, Shelled Basis",E4,European Union,2004,2020,10,86,Total Supply,21,(MT),285400.0
577400,"Almonds, Shelled Basis",E4,European Union,2005,2020,10,20,Beginning Stocks,21,(MT),20000.0
577400,"Almonds, Shelled Basis",E4,European Union,2005,2020,10,125,Domestic Consumption,21,(MT),234000.0
577400,"Almonds, Shelled Basis",E4,European Union,2005,2020,10,176,Ending Stocks,21,(MT),20000.0
577400,"Almonds, Shelled Basis",E4,European Union,2005,2020,10,88,Exports,21,(MT),6000.0
577400,"Almonds, Shelled Basis",E4,European Union,2005,2020,10,57,Imports,21,(MT),160000.0
577400,"Almonds, Shelled Basis",E4,European Union,2005,2020,10,28,Production,21,(MT),80000.0
577400,"Almonds, Shelled Basis",E4,European Union,2005,2020,10,178,Total Distribution,21,(MT),260000.0
577400,"Almonds, Shelled Basis",E4,European Union,2005,2020,10,86,Total Supply,21,(MT),260000.0
577400,"Almonds, Shelled Basis",E4,European Union,2006,2020,10,20,Beginning Stocks,21,(MT),20000.0
577400,"Almonds, Shelled Basis",E4,European Union,2006,2020,10,125,Domestic Consumption,21,(MT),259000.0
577400,"Almonds, Shelled Basis",E4,European Union,2006,2020,10,176,Ending Stocks,21,(MT),30000.0
577400,"Almonds, Shelled Basis",E4,European Union,2006,2020,10,88,Exports,21,(MT),6700.0
577400,"Almonds, Shelled Basis",E4,European Union,2006,2020,10,57,Imports,21,(MT),172100.0
577400,"Almonds, Shelled Basis",E4,European Union,2006,2020,10,28,Production,21,(MT),103600.0
577400,"Almonds, Shelled Basis",E4,European Union,2006,2020,10,178,Total Distribution,21,(MT),295700.0
577400,"Almonds, Shelled Basis",E4,European Union,2006,2020,10,86,Total Supply,21,(MT),295700.0
577400,"Almonds, Shelled Basis",E4,European Union,2007,2020,10,20,Beginning Stocks,21,(MT),30000.0
577400,"Almonds, Shelled Basis",E4,European Union,2007,2020,10,125,Domestic Consumption,21,(MT),280000.0
577400,"Almonds, Shelled Basis",E4,European Union,2007,2020,10,176,Ending Stocks,21,(MT),30000.0
577400,"Almonds, Shelled Basis",E4,European Union,2007,2020,10,88,Exports,21,(MT),8600.0
577400,"Almonds, Shelled Basis",E4,European Union,2007,2020,10,57,Imports,21,(MT),200100.0
577400,"Almonds, Shelled Basis",E4,European Union,2007,2020,10,28,Production,21,(MT),88500.0
577400,"Almonds, Shelled Basis",E4,European Union,2007,2020,10,178,Total Distribution,21,(MT),318600.0
577400,"Almonds, Shelled Basis",E4,European Union,2007,2020,10,86,Total Supply,21,(MT),318600.0
577400,"Almonds, Shelled Basis",E4,European Union,2008,2020,10,20,Beginning Stocks,21,(MT),30000.0
577400,"Almonds, Shelled Basis",E4,European Union,2008,2020,10,125,Domestic Consumption,21,(MT),272000.0
577400,"Almonds, Shelled Basis",E4,European Union,2008,2020,10,176,Ending Stocks,21,(MT),25000.0
577400,"Almonds, Shelled Basis",E4,European Union,2008,2020,10,88,Exports,21,(MT),9600.0
577400,"Almonds, Shelled Basis",E4,European Union,2008,2020,10,57,Imports,21,(MT),196800.0
577400,"Almonds, Shelled Basis",E4,European Union,2008,2020,10,28,Production,21,(MT),79800.0
577400,"Almonds, Shelled Basis",E4,European Union,2008,2020,10,178,Total Distribution,21,(MT),306600.0
577400,"Almonds, Shelled Basis",E4,European Union,2008,2020,10,86,Total Supply,21,(MT),306600.0
577400,"Almonds, Shelled Basis",E4,European Union,2009,2020,10,20,Beginning Stocks,21,(MT),25000.0
577400,"Almonds, Shelled Basis",E4,European Union,2009,2020,10,125,Domestic Consumption,21,(MT),292600.0
577400,"Almonds, Shelled Basis",E4,European Union,2009,2020,10,176,Ending Stocks,21,(MT),30000.0
577400,"Almonds, Shelled Basis",E4,European Union,2009,2020,10,88,Exports,21,(MT),9300.0
577400,"Almonds, Shelled Basis",E4,European Union,2009,2020,10,57,Imports,21,(MT),202500.0
577400,"Almonds, Shelled Basis",E4,European Union,2009,2020,10,28,Production,21,(MT),104400.0
577400,"Almonds, Shelled Basis",E4,European Union,2009,2020,10,178,Total Distribution,21,(MT),331900.0
577400,"Almonds, Shelled Basis",E4,European Union,2009,2020,10,86,Total Supply,21,(MT),331900.0
577400,"Almonds, Shelled Basis",E4,European Union,2010,2020,10,20,Beginning Stocks,21,(MT),30000.0
577400,"Almonds, Shelled Basis",E4,European Union,2010,2020,10,125,Domestic Consumption,21,(MT),281500.0
577400,"Almonds, Shelled Basis",E4,European Union,2010,2020,10,176,Ending Stocks,21,(MT),30000.0
577400,"Almonds, Shelled Basis",E4,European Union,2010,2020,10,88,Exports,21,(MT),11900.0
577400,"Almonds, Shelled Basis",E4,European Union,2010,2020,10,57,Imports,21,(MT),200400.0
577400,"Almonds, Shelled Basis",E4,European Union,2010,2020,10,28,Production,21,(MT),93000.0
577400,"Almonds, Shelled Basis",E4,European Union,2010,2020,10,178,Total Distribution,21,(MT),323400.0
577400,"Almonds, Shelled Basis",E4,European Union,2010,2020,10,86,Total Supply,21,(MT),323400.0
577400,"Almonds, Shelled Basis",E4,European Union,2011,2020,10,20,Beginning Stocks,21,(MT),30000.0
577400,"Almonds, Shelled Basis",E4,European Union,2011,2020,10,125,Domestic Consumption,21,(MT),285300.0
577400,"Almonds, Shelled Basis",E4,European Union,2011,2020,10,176,Ending Stocks,21,(MT),30000.0
577400,"Almonds, Shelled Basis",E4,European Union,2011,2020,10,88,Exports,21,(MT),12200.0
577400,"Almonds, Shelled Basis",E4,European Union,2011,2020,10,57,Imports,21,(MT),214400.0
577400,"Almonds, Shelled Basis",E4,European Union,2011,2020,10,28,Production,21,(MT),83100.0
577400,"Almonds, Shelled Basis",E4,European Union,2011,2020,10,178,Total Distribution,21,(MT),327500.0
577400,"Almonds, Shelled Basis",E4,European Union,2011,2020,10,86,Total Supply,21,(MT),327500.0
577400,"Almonds, Shelled Basis",E4,European Union,2012,2020,10,20,Beginning Stocks,21,(MT),30000.0
577400,"Almonds, Shelled Basis",E4,European Union,2012,2020,10,125,Domestic Consumption,21,(MT),276700.0
577400,"Almonds, Shelled Basis",E4,European Union,2012,2020,10,176,Ending Stocks,21,(MT),30000.0
577400,"Almonds, Shelled Basis",E4,European Union,2012,2020,10,88,Exports,21,(MT),10100.0
577400,"Almonds, Shelled Basis",E4,European Union,2012,2020,10,57,Imports,21,(MT),203800.0
577400,"Almonds, Shelled Basis",E4,European Union,2012,2020,10,28,Production,21,(MT),83000.0
577400,"Almonds, Shelled Basis",E4,European Union,2012,2020,10,178,Total Distribution,21,(MT),316800.0
577400,"Almonds, Shelled Basis",E4,European Union,2012,2020,10,86,Total Supply,21,(MT),316800.0
577400,"Almonds, Shelled Basis",E4,European Union,2013,2020,10,20,Beginning Stocks,21,(MT),30000.0
577400,"Almonds, Shelled Basis",E4,European Union,2013,2020,10,125,Domestic Consumption,21,(MT),304100.0
577400,"Almonds, Shelled Basis",E4,European Union,2013,2020,10,176,Ending Stocks,21,(MT),20000.0
577400,"Almonds, Shelled Basis",E4,European Union,2013,2020,10,88,Exports,21,(MT),10800.0
577400,"Almonds, Shelled Basis",E4,European Union,2013,2020,10,57,Imports,21,(MT),246100.0
577400,"Almonds, Shelled Basis",E4,European Union,2013,2020,10,28,Production,21,(MT),58800.0
577400,"Almonds, Shelled Basis",E4,European Union,2013,2020,10,178,Total Distribution,21,(MT),334900.0
577400,"Almonds, Shelled Basis",E4,European Union,2013,2020,10,86,Total Supply,21,(MT),334900.0
577400,"Almonds, Shelled Basis",E4,European Union,2014,2020,10,20,Beginning Stocks,21,(MT),20000.0
577400,"Almonds, Shelled Basis",E4,European Union,2014,2020,10,125,Domestic Consumption,21,(MT),296700.0
577400,"Almonds, Shelled Basis",E4,European Union,2014,2020,10,176,Ending Stocks,21,(MT),20000.0
577400,"Almonds, Shelled Basis",E4,European Union,2014,2020,10,88,Exports,21,(MT),13300.0
577400,"Almonds, Shelled Basis",E4,European Union,2014,2020,10,57,Imports,21,(MT),230300.0
577400,"Almonds, Shelled Basis",E4,European Union,2014,2020,10,28,Production,21,(MT),79700.0
577400,"Almonds, Shelled Basis",E4,European Union,2014,2020,10,178,Total Distribution,21,(MT),330000.0
577400,"Almonds, Shelled Basis",E4,European Union,2014,2020,10,86,Total Supply,21,(MT),330000.0
577400,"Almonds, Shelled Basis",E4,European Union,2015,2020,10,20,Beginning Stocks,21,(MT),20000.0
577400,"Almonds, Shelled Basis",E4,European Union,2015,2020,10,125,Domestic Consumption,21,(MT),322000.0
577400,"Almonds, Shelled Basis",E4,European Union,2015,2020,10,176,Ending Stocks,21,(MT),18000.0
577400,"Almonds, Shelled Basis",E4,European Union,2015,2020,10,88,Exports,21,(MT),14800.0
577400,"Almonds, Shelled Basis",E4,European Union,2015,2020,10,57,Imports,21,(MT),239800.0
577400,"Almonds, Shelled Basis",E4,European Union,2015,2020,10,28,Production,21,(MT),95000.0
577400,"Almonds, Shelled Basis",E4,European Union,2015,2020,10,178,Total Distribution,21,(MT),354800.0
577400,"Almonds, Shelled Basis",E4,European Union,2015,2020,10,86,Total Supply,21,(MT),354800.0
577400,"Almonds, Shelled Basis",E4,European Union,2016,2020,10,20,Beginning Stocks,21,(MT),18000.0
577400,"Almonds, Shelled Basis",E4,European Union,2016,2020,10,125,Domestic Consumption,21,(MT),356800.0
577400,"Almonds, Shelled Basis",E4,European Union,2016,2020,10,176,Ending Stocks,21,(MT),18000.0
577400,"Almonds, Shelled Basis",E4,European Union,2016,2020,10,88,Exports,21,(MT),15500.0
577400,"Almonds, Shelled Basis",E4,European Union,2016,2020,10,57,Imports,21,(MT),273600.0
577400,"Almonds, Shelled Basis",E4,European Union,2016,2020,10,28,Production,21,(MT),98700.0
577400,"Almonds, Shelled Basis",E4,European Union,2016,2020,10,178,Total Distribution,21,(MT),390300.0
577400,"Almonds, Shelled Basis",E4,European Union,2016,2020,10,86,Total Supply,21,(MT),390300.0
577400,"Almonds, Shelled Basis",E4,European Union,2017,2020,10,20,Beginning Stocks,21,(MT),18000.0
577400,"Almonds, Shelled Basis",E4,European Union,2017,2020,10,125,Domestic Consumption,21,(MT),369300.0
577400,"Almonds, Shelled Basis",E4,European Union,2017,2020,10,176,Ending Stocks,21,(MT),18000.0
577400,"Almonds, Shelled Basis",E4,European Union,2017,2020,10,88,Exports,21,(MT),20700.0
577400,"Almonds, Shelled Basis",E4,European Union,2017,2020,10,57,Imports,21,(MT),280500.0
577400,"Almonds, Shelled Basis",E4,European Union,2017,2020,10,28,Production,21,(MT),109500.0
577400,"Almonds, Shelled Basis",E4,European Union,2017,2020,10,178,Total Distribution,21,(MT),408000.0
577400,"Almonds, Shelled Basis",E4,European Union,2017,2020,10,86,Total Supply,21,(MT),408000.0
577400,"Almonds, Shelled Basis",E4,European Union,2018,2020,10,20,Beginning Stocks,21,(MT),18000.0
577400,"Almonds, Shelled Basis",E4,European Union,2018,2020,10,125,Domestic Consumption,21,(MT),381800.0
577400,"Almonds, Shelled Basis",E4,European Union,2018,2020,10,176,Ending Stocks,21,(MT),18000.0
577400,"Almonds, Shelled Basis",E4,European Union,2018,2020,10,88,Exports,21,(MT),23800.0
577400,"Almonds, Shelled Basis",E4,European Union,2018,2020,10,57,Imports,21,(MT),271400.0
577400,"Almonds, Shelled Basis",E4,European Union,2018,2020,10,28,Production,21,(MT),134200.0
577400,"Almonds, Shelled Basis",E4,European Union,2018,2020,10,178,Total Distribution,21,(MT),423600.0
577400,"Almonds, Shelled Basis",E4,European Union,2018,2020,10,86,Total Supply,21,(MT),423600.0
577400,"Almonds, Shelled Basis",E4,European Union,2019,2020,10,20,Beginning Stocks,21,(MT),18000.0
577400,"Almonds, Shelled Basis",E4,European Union,2019,2020,10,125,Domestic Consumption,21,(MT),404700.0
577400,"Almonds, Shelled Basis",E4,European Union,2019,2020,10,176,Ending Stocks,21,(MT),18000.0
577400,"Almonds, Shelled Basis",E4,European Union,2019,2020,10,88,Exports,21,(MT),15900.0
577400,"Almonds, Shelled Basis",E4,European Union,2019,2020,10,57,Imports,21,(MT),283400.0
577400,"Almonds, Shelled Basis",E4,European Union,2019,2020,10,28,Production,21,(MT),137200.0
577400,"Almonds, Shelled Basis",E4,European Union,2019,2020,10,178,Total Distribution,21,(MT),438600.0
577400,"Almonds, Shelled Basis",E4,European Union,2019,2020,10,86,Total Supply,21,(MT),438600.0
577400,"Almonds, Shelled Basis",E4,European Union,2020,2020,10,20,Beginning Stocks,21,(MT),18000.0
577400,"Almonds, Shelled Basis",E4,European Union,2020,2020,10,125,Domestic Consumption,21,(MT),440000.0
577400,"Almonds, Shelled Basis",E4,European Union,2020,2020,10,176,Ending Stocks,21,(MT),18000.0
577400,"Almonds, Shelled Basis",E4,European Union,2020,2020,10,88,Exports,21,(MT),25000.0
577400,"Almonds, Shelled Basis",E4,European Union,2020,2020,10,57,Imports,21,(MT),325000.0
577400,"Almonds, Shelled Basis",E4,European Union,2020,2020,10,28,Production,21,(MT),140000.0
577400,"Almonds, Shelled Basis",E4,European Union,2020,2020,10,178,Total Distribution,21,(MT),483000.0
577400,"Almonds, Shelled Basis",E4,European Union,2020,2020,10,86,Total Supply,21,(MT),483000.0
577400,"Almonds, Shelled Basis",GR,Greece,1983,1984,0,20,Beginning Stocks,21,(MT),0.0
577400,"Almonds, Shelled Basis",GR,Greece,1983,1984,0,125,Domestic Consumption,21,(MT),9700.0
577400,"Almonds, Shelled Basis",GR,Greece,1983,1984,0,176,Ending Stocks,21,(MT),345.0
577400,"Almonds, Shelled Basis",GR,Greece,1983,1984,0,88,Exports,21,(MT),4300.0
577400,"Almonds, Shelled Basis",GR,Greece,1983,1984,0,57,Imports,21,(MT),45.0
577400,"Almonds, Shelled Basis",GR,Greece,1983,1984,0,28,Production,21,(MT),14300.0
577400,"Almonds, Shelled Basis",GR,Greece,1983,1984,0,178,Total Distribution,21,(MT),14345.0
577400,"Almonds, Shelled Basis",GR,Greece,1983,1984,0,86,Total Supply,21,(MT),14345.0
577400,"Almonds, Shelled Basis",GR,Greece,1984,1985,0,20,Beginning Stocks,21,(MT),345.0
577400,"Almonds, Shelled Basis",GR,Greece,1984,1985,0,125,Domestic Consumption,21,(MT),11500.0
577400,"Almonds, Shelled Basis",GR,Greece,1984,1985,0,176,Ending Stocks,21,(MT),553.0
577400,"Almonds, Shelled Basis",GR,Greece,1984,1985,0,88,Exports,21,(MT),2700.0
577400,"Almonds, Shelled Basis",GR,Greece,1984,1985,0,57,Imports,21,(MT),8.0
577400,"Almonds, Shelled Basis",GR,Greece,1984,1985,0,28,Production,21,(MT),14400.0
577400,"Almonds, Shelled Basis",GR,Greece,1984,1985,0,178,Total Distribution,21,(MT),14753.0
577400,"Almonds, Shelled Basis",GR,Greece,1984,1985,0,86,Total Supply,21,(MT),14753.0
577400,"Almonds, Shelled Basis",GR,Greece,1985,1986,0,20,Beginning Stocks,21,(MT),553.0
577400,"Almonds, Shelled Basis",GR,Greece,1985,1986,0,125,Domestic Consumption,21,(MT),12000.0
577400,"Almonds, Shelled Basis",GR,Greece,1985,1986,0,176,Ending Stocks,21,(MT),253.0
577400,"Almonds, Shelled Basis",GR,Greece,1985,1986,0,88,Exports,21,(MT),2000.0
577400,"Almonds, Shelled Basis",GR,Greece,1985,1986,0,57,Imports,21,(MT),0.0
577400,"Almonds, Shelled Basis",GR,Greece,1985,1986,0,28,Production,21,(MT),13700.0
577400,"Almonds, Shelled Basis",GR,Greece,1985,1986,0,178,Total Distribution,21,(MT),14253.0
577400,"Almonds, Shelled Basis",GR,Greece,1985,1986,0,86,Total Supply,21,(MT),14253.0
577400,"Almonds, Shelled Basis",GR,Greece,1986,1987,0,20,Beginning Stocks,21,(MT),253.0
577400,"Almonds, Shelled Basis",GR,Greece,1986,1987,0,125,Domestic Consumption,21,(MT),12100.0
577400,"Almonds, Shelled Basis",GR,Greece,1986,1987,0,176,Ending Stocks,21,(MT),353.0
577400,"Almonds, Shelled Basis",GR,Greece,1986,1987,0,88,Exports,21,(MT),3000.0
577400,"Almonds, Shelled Basis",GR,Greece,1986,1987,0,57,Imports,21,(MT),400.0
577400,"Almonds, Shelled Basis",GR,Greece,1986,1987,0,28,Production,21,(MT),14800.0
577400,"Almonds, Shelled Basis",GR,Greece,1986,1987,0,178,Total Distribution,21,(MT),15453.0
577400,"Almonds, Shelled Basis",GR,Greece,1986,1987,0,86,Total Supply,21,(MT),15453.0
577400,"Almonds, Shelled Basis",GR,Greece,1987,1988,0,20,Beginning Stocks,21,(MT),353.0
577400,"Almonds, Shelled Basis",GR,Greece,1987,1988,0,125,Domestic Consumption,21,(MT),8040.0
577400,"Almonds, Shelled Basis",GR,Greece,1987,1988,0,176,Ending Stocks,21,(MT),2813.0
577400,"Almonds, Shelled Basis",GR,Greece,1987,1988,0,88,Exports,21,(MT),500.0
577400,"Almonds, Shelled Basis",GR,Greece,1987,1988,0,57,Imports,21,(MT),2500.0
577400,"Almonds, Shelled Basis",GR,Greece,1987,1988,0,28,Production,21,(MT),8500.0
577400,"Almonds, Shelled Basis",GR,Greece,1987,1988,0,178,Total Distribution,21,(MT),11353.0
577400,"Almonds, Shelled Basis",GR,Greece,1987,1988,0,86,Total Supply,21,(MT),11353.0
577400,"Almonds, Shelled Basis",GR,Greece,1988,1989,0,20,Beginning Stocks,21,(MT),2813.0
577400,"Almonds, Shelled Basis",GR,Greece,1988,1989,0,125,Domestic Consumption,21,(MT),14780.0
577400,"Almonds, Shelled Basis",GR,Greece,1988,1989,0,176,Ending Stocks,21,(MT),2783.0
577400,"Almonds, Shelled Basis",GR,Greece,1988,1989,0,88,Exports,21,(MT),5800.0
577400,"Almonds, Shelled Basis",GR,Greece,1988,1989,0,57,Imports,21,(MT),1550.0
577400,"Almonds, Shelled Basis",GR,Greece,1988,1989,0,28,Production,21,(MT),19000.0
577400,"Almonds, Shelled Basis",GR,Greece,1988,1989,0,178,Total Distribution,21,(MT),23363.0
577400,"Almonds, Shelled Basis",GR,Greece,1988,1989,0,86,Total Supply,21,(MT),23363.0
577400,"Almonds, Shelled Basis",GR,Greece,1989,1990,0,20,Beginning Stocks,21,(MT),2783.0
577400,"Almonds, Shelled Basis",GR,Greece,1989,1990,0,125,Domestic Consumption,21,(MT),14200.0
577400,"Almonds, Shelled Basis",GR,Greece,1989,1990,0,176,Ending Stocks,21,(MT),2843.0
577400,"Almonds, Shelled Basis",GR,Greece,1989,1990,0,88,Exports,21,(MT),4500.0
577400,"Almonds, Shelled Basis",GR,Greece,1989,1990,0,57,Imports,21,(MT),1600.0
577400,"Almonds, Shelled Basis",GR,Greece,1989,1990,0,28,Production,21,(MT),17160.0
577400,"Almonds, Shelled Basis",GR,Greece,1989,1990,0,178,Total Distribution,21,(MT),21543.0
577400,"Almonds, Shelled Basis",GR,Greece,1989,1990,0,86,Total Supply,21,(MT),21543.0
577400,"Almonds, Shelled Basis",GR,Greece,1990,1991,0,20,Beginning Stocks,21,(MT),2843.0
577400,"Almonds, Shelled Basis",GR,Greece,1990,1991,0,125,Domestic Consumption,21,(MT),14200.0
577400,"Almonds, Shelled Basis",GR,Greece,1990,1991,0,176,Ending Stocks,21,(MT),4943.0
577400,"Almonds, Shelled Basis",GR,Greece,1990,1991,0,88,Exports,21,(MT),1800.0
577400,"Almonds, Shelled Basis",GR,Greece,1990,1991,0,57,Imports,21,(MT),2600.0
577400,"Almonds, Shelled Basis",GR,Greece,1990,1991,0,28,Production,21,(MT),15500.0
577400,"Almonds, Shelled Basis",GR,Greece,1990,1991,0,178,Total Distribution,21,(MT),20943.0
577400,"Almonds, Shelled Basis",GR,Greece,1990,1991,0,86,Total Supply,21,(MT),20943.0
577400,"Almonds, Shelled Basis",GR,Greece,1991,1992,0,20,Beginning Stocks,21,(MT),4943.0
577400,"Almonds, Shelled Basis",GR,Greece,1991,1992,0,125,Domestic Consumption,21,(MT),15000.0
577400,"Almonds, Shelled Basis",GR,Greece,1991,1992,0,176,Ending Stocks,21,(MT),1443.0
577400,"Almonds, Shelled Basis",GR,Greece,1991,1992,0,88,Exports,21,(MT),1500.0
577400,"Almonds, Shelled Basis",GR,Greece,1991,1992,0,57,Imports,21,(MT),2000.0
577400,"Almonds, Shelled Basis",GR,Greece,1991,1992,0,28,Production,21,(MT),11000.0
577400,"Almonds, Shelled Basis",GR,Greece,1991,1992,0,178,Total Distribution,21,(MT),17943.0
577400,"Almonds, Shelled Basis",GR,Greece,1991,1992,0,86,Total Supply,21,(MT),17943.0
577400,"Almonds, Shelled Basis",GR,Greece,1992,1993,0,20,Beginning Stocks,21,(MT),1443.0
577400,"Almonds, Shelled Basis",GR,Greece,1992,1993,0,125,Domestic Consumption,21,(MT),15500.0
577400,"Almonds, Shelled Basis",GR,Greece,1992,1993,0,176,Ending Stocks,21,(MT),1093.0
577400,"Almonds, Shelled Basis",GR,Greece,1992,1993,0,88,Exports,21,(MT),2500.0
577400,"Almonds, Shelled Basis",GR,Greece,1992,1993,0,57,Imports,21,(MT),1650.0
577400,"Almonds, Shelled Basis",GR,Greece,1992,1993,0,28,Production,21,(MT),16000.0
577400,"Almonds, Shelled Basis",GR,Greece,1992,1993,0,178,Total Distribution,21,(MT),19093.0
577400,"Almonds, Shelled Basis",GR,Greece,1992,1993,0,86,Total Supply,21,(MT),19093.0
577400,"Almonds, Shelled Basis",GR,Greece,1993,1994,0,20,Beginning Stocks,21,(MT),1093.0
577400,"Almonds, Shelled Basis",GR,Greece,1993,1994,0,125,Domestic Consumption,21,(MT),15790.0
577400,"Almonds, Shelled Basis",GR,Greece,1993,1994,0,176,Ending Stocks,21,(MT),3803.0
577400,"Almonds, Shelled Basis",GR,Greece,1993,1994,0,88,Exports,21,(MT),3000.0
577400,"Almonds, Shelled Basis",GR,Greece,1993,1994,0,57,Imports,21,(MT),1500.0
577400,"Almonds, Shelled Basis",GR,Greece,1993,1994,0,28,Production,21,(MT),20000.0
577400,"Almonds, Shelled Basis",GR,Greece,1993,1994,0,178,Total Distribution,21,(MT),22593.0
577400,"Almonds, Shelled Basis",GR,Greece,1993,1994,0,86,Total Supply,21,(MT),22593.0
577400,"Almonds, Shelled Basis",GR,Greece,1994,1995,0,20,Beginning Stocks,21,(MT),3803.0
577400,"Almonds, Shelled Basis",GR,Greece,1994,1995,0,125,Domestic Consumption,21,(MT),15600.0
577400,"Almonds, Shelled Basis",GR,Greece,1994,1995,0,176,Ending Stocks,21,(MT),3403.0
577400,"Almonds, Shelled Basis",GR,Greece,1994,1995,0,88,Exports,21,(MT),1800.0
577400,"Almonds, Shelled Basis",GR,Greece,1994,1995,0,57,Imports,21,(MT),1000.0
577400,"Almonds, Shelled Basis",GR,Greece,1994,1995,0,28,Production,21,(MT),16000.0
577400,"Almonds, Shelled Basis",GR,Greece,1994,1995,0,178,Total Distribution,21,(MT),20803.0
577400,"Almonds, Shelled Basis",GR,Greece,1994,1995,0,86,Total Supply,21,(MT),20803.0
577400,"Almonds, Shelled Basis",GR,Greece,1995,1996,0,20,Beginning Stocks,21,(MT),3403.0
577400,"Almonds, Shelled Basis",GR,Greece,1995,1996,0,125,Domestic Consumption,21,(MT),15400.0
577400,"Almonds, Shelled Basis",GR,Greece,1995,1996,0,176,Ending Stocks,21,(MT),1153.0
577400,"Almonds, Shelled Basis",GR,Greece,1995,1996,0,88,Exports,21,(MT),850.0
577400,"Almonds, Shelled Basis",GR,Greece,1995,1996,0,57,Imports,21,(MT),1000.0
577400,"Almonds, Shelled Basis",GR,Greece,1995,1996,0,28,Production,21,(MT),13000.0
577400,"Almonds, Shelled Basis",GR,Greece,1995,1996,0,178,Total Distribution,21,(MT),17403.0
577400,"Almonds, Shelled Basis",GR,Greece,1995,1996,0,86,Total Supply,21,(MT),17403.0
577400,"Almonds, Shelled Basis",GR,Greece,1996,1997,0,20,Beginning Stocks,21,(MT),1153.0
577400,"Almonds, Shelled Basis",GR,Greece,1996,1997,0,125,Domestic Consumption,21,(MT),12500.0
577400,"Almonds, Shelled Basis",GR,Greece,1996,1997,0,176,Ending Stocks,21,(MT),1673.0
577400,"Almonds, Shelled Basis",GR,Greece,1996,1997,0,88,Exports,21,(MT),260.0
577400,"Almonds, Shelled Basis",GR,Greece,1996,1997,0,57,Imports,21,(MT),480.0
577400,"Almonds, Shelled Basis",GR,Greece,1996,1997,0,28,Production,21,(MT),12800.0
577400,"Almonds, Shelled Basis",GR,Greece,1996,1997,0,178,Total Distribution,21,(MT),14433.0
577400,"Almonds, Shelled Basis",GR,Greece,1996,1997,0,86,Total Supply,21,(MT),14433.0
577400,"Almonds, Shelled Basis",GR,Greece,1997,1998,0,20,Beginning Stocks,21,(MT),1673.0
577400,"Almonds, Shelled Basis",GR,Greece,1997,1998,0,125,Domestic Consumption,21,(MT),13650.0
577400,"Almonds, Shelled Basis",GR,Greece,1997,1998,0,176,Ending Stocks,21,(MT),4523.0
577400,"Almonds, Shelled Basis",GR,Greece,1997,1998,0,88,Exports,21,(MT),1200.0
577400,"Almonds, Shelled Basis",GR,Greece,1997,1998,0,57,Imports,21,(MT),3200.0
577400,"Almonds, Shelled Basis",GR,Greece,1997,1998,0,28,Production,21,(MT),14500.0
577400,"Almonds, Shelled Basis",GR,Greece,1997,1998,0,178,Total Distribution,21,(MT),19373.0
577400,"Almonds, Shelled Basis",GR,Greece,1997,1998,0,86,Total Supply,21,(MT),19373.0
577400,"Almonds, Shelled Basis",GR,Greece,1998,1999,0,20,Beginning Stocks,21,(MT),4523.0
577400,"Almonds, Shelled Basis",GR,Greece,1998,1999,0,125,Domestic Consumption,21,(MT),14000.0
577400,"Almonds, Shelled Basis",GR,Greece,1998,1999,0,176,Ending Stocks,21,(MT),3623.0
577400,"Almonds, Shelled Basis",GR,Greece,1998,1999,0,88,Exports,21,(MT),1500.0
577400,"Almonds, Shelled Basis",GR,Greece,1998,1999,0,57,Imports,21,(MT),2600.0
577400,"Almonds, Shelled Basis",GR,Greece,1998,1999,0,28,Production,21,(MT),12000.0
577400,"Almonds, Shelled Basis",GR,Greece,1998,1999,0,178,Total Distribution,21,(MT),19123.0
577400,"Almonds, Shelled Basis",GR,Greece,1998,1999,0,86,Total Supply,21,(MT),19123.0
577400,"Almonds, Shelled Basis",GR,Greece,1999,2000,0,20,Beginning Stocks,21,(MT),3623.0
577400,"Almonds, Shelled Basis",GR,Greece,1999,2000,0,125,Domestic Consumption,21,(MT),14700.0
577400,"Almonds, Shelled Basis",GR,Greece,1999,2000,0,176,Ending Stocks,21,(MT),5123.0
577400,"Almonds, Shelled Basis",GR,Greece,1999,2000,0,88,Exports,21,(MT),2800.0
577400,"Almonds, Shelled Basis",GR,Greece,1999,2000,0,57,Imports,21,(MT),2000.0
577400,"Almonds, Shelled Basis",GR,Greece,1999,2000,0,28,Production,21,(MT),17000.0
577400,"Almonds, Shelled Basis",GR,Greece,1999,2000,0,178,Total Distribution,21,(MT),22623.0
577400,"Almonds, Shelled Basis",GR,Greece,1999,2000,0,86,Total Supply,21,(MT),22623.0
577400,"Almonds, Shelled Basis",GR,Greece,2000,2010,10,20,Beginning Stocks,21,(MT),5123.0
577400,"Almonds, Shelled Basis",GR,Greece,2000,2010,10,125,Domestic Consumption,21,(MT),22123.0
577400,"Almonds, Shelled Basis",GR,Greece,2000,2010,10,176,Ending Stocks,21,(MT),0.0
577400,"Almonds, Shelled Basis",GR,Greece,2000,2010,10,88,Exports,21,(MT),1000.0
577400,"Almonds, Shelled Basis",GR,Greece,2000,2010,10,57,Imports,21,(MT),2500.0
577400,"Almonds, Shelled Basis",GR,Greece,2000,2010,10,28,Production,21,(MT),15500.0
577400,"Almonds, Shelled Basis",GR,Greece,2000,2010,10,178,Total Distribution,21,(MT),23123.0
577400,"Almonds, Shelled Basis",GR,Greece,2000,2010,10,86,Total Supply,21,(MT),23123.0
577400,"Almonds, Shelled Basis",GR,Greece,2001,2010,10,20,Beginning Stocks,21,(MT),0.0
577400,"Almonds, Shelled Basis",GR,Greece,2001,2010,10,125,Domestic Consumption,21,(MT),0.0
577400,"Almonds, Shelled Basis",GR,Greece,2001,2010,10,176,Ending Stocks,21,(MT),0.0
577400,"Almonds, Shelled Basis",GR,Greece,2001,2010,10,88,Exports,21,(MT),0.0
577400,"Almonds, Shelled Basis",GR,Greece,2001,2010,10,57,Imports,21,(MT),0.0
577400,"Almonds, Shelled Basis",GR,Greece,2001,2010,10,28,Production,21,(MT),0.0
577400,"Almonds, Shelled Basis",GR,Greece,2001,2010,10,178,Total Distribution,21,(MT),0.0
577400,"Almonds, Shelled Basis",GR,Greece,2001,2010,10,86,Total Supply,21,(MT),0.0
577400,"Almonds, Shelled Basis",GR,Greece,2002,2010,10,20,Beginning Stocks,21,(MT),0.0
577400,"Almonds, Shelled Basis",GR,Greece,2002,2010,10,125,Domestic Consumption,21,(MT),0.0
577400,"Almonds, Shelled Basis",GR,Greece,2002,2010,10,176,Ending Stocks,21,(MT),0.0
577400,"Almonds, Shelled Basis",GR,Greece,2002,2010,10,88,Exports,21,(MT),0.0
577400,"Almonds, Shelled Basis",GR,Greece,2002,2010,10,57,Imports,21,(MT),0.0
577400,"Almonds, Shelled Basis",GR,Greece,2002,2010,10,28,Production,21,(MT),0.0
577400,"Almonds, Shelled Basis",GR,Greece,2002,2010,10,178,Total Distribution,21,(MT),0.0
577400,"Almonds, Shelled Basis",GR,Greece,2002,2010,10,86,Total Supply,21,(MT),0.0
577400,"Almonds, Shelled Basis",GR,Greece,2003,2010,10,20,Beginning Stocks,21,(MT),0.0
577400,"Almonds, Shelled Basis",GR,Greece,2003,2010,10,125,Domestic Consumption,21,(MT),0.0
577400,"Almonds, Shelled Basis",GR,Greece,2003,2010,10,176,Ending Stocks,21,(MT),0.0
577400,"Almonds, Shelled Basis",GR,Greece,2003,2010,10,88,Exports,21,(MT),0.0
577400,"Almonds, Shelled Basis",GR,Greece,2003,2010,10,57,Imports,21,(MT),0.0
577400,"Almonds, Shelled Basis",GR,Greece,2003,2010,10,28,Production,21,(MT),0.0
577400,"Almonds, Shelled Basis",GR,Greece,2003,2010,10,178,Total Distribution,21,(MT),0.0
577400,"Almonds, Shelled Basis",GR,Greece,2003,2010,10,86,Total Supply,21,(MT),0.0
577400,"Almonds, Shelled Basis",GR,Greece,2004,2009,8,20,Beginning Stocks,21,(MT),0.0
577400,"Almonds, Shelled Basis",GR,Greece,2004,2009,8,125,Domestic Consumption,21,(MT),0.0
577400,"Almonds, Shelled Basis",GR,Greece,2004,2009,8,176,Ending Stocks,21,(MT),0.0
577400,"Almonds, Shelled Basis",GR,Greece,2004,2009,8,88,Exports,21,(MT),0.0
577400,"Almonds, Shelled Basis",GR,Greece,2004,2009,8,57,Imports,21,(MT),0.0
577400,"Almonds, Shelled Basis",GR,Greece,2004,2009,8,28,Production,21,(MT),0.0
577400,"Almonds, Shelled Basis",GR,Greece,2004,2009,8,178,Total Distribution,21,(MT),0.0
577400,"Almonds, Shelled Basis",GR,Greece,2004,2009,8,86,Total Supply,21,(MT),0.0
577400,"Almonds, Shelled Basis",GR,Greece,2005,2009,8,20,Beginning Stocks,21,(MT),0.0
577400,"Almonds, Shelled Basis",GR,Greece,2005,2009,8,125,Domestic Consumption,21,(MT),0.0
577400,"Almonds, Shelled Basis",GR,Greece,2005,2009,8,176,Ending Stocks,21,(MT),0.0
577400,"Almonds, Shelled Basis",GR,Greece,2005,2009,8,88,Exports,21,(MT),0.0
577400,"Almonds, Shelled Basis",GR,Greece,2005,2009,8,57,Imports,21,(MT),0.0
577400,"Almonds, Shelled Basis",GR,Greece,2005,2009,8,28,Production,21,(MT),0.0
577400,"Almonds, Shelled Basis",GR,Greece,2005,2009,8,178,Total Distribution,21,(MT),0.0
577400,"Almonds, Shelled Basis",GR,Greece,2005,2009,8,86,Total Supply,21,(MT),0.0
577400,"Almonds, Shelled Basis",GR,Greece,2006,2008,11,20,Beginning Stocks,21,(MT),0.0
577400,"Almonds, Shelled Basis",GR,Greece,2006,2008,11,125,Domestic Consumption,21,(MT),0.0
577400,"Almonds, Shelled Basis",GR,Greece,2006,2008,11,176,Ending Stocks,21,(MT),0.0
577400,"Almonds, Shelled Basis",GR,Greece,2006,2008,11,88,Exports,21,(MT),0.0
577400,"Almonds, Shelled Basis",GR,Greece,2006,2008,11,57,Imports,21,(MT),0.0
577400,"Almonds, Shelled Basis",GR,Greece,2006,2008,11,28,Production,21,(MT),0.0
577400,"Almonds, Shelled Basis",GR,Greece,2006,2008,11,178,Total Distribution,21,(MT),0.0
577400,"Almonds, Shelled Basis",GR,Greece,2006,2008,11,86,Total Supply,21,(MT),0.0
577400,"Almonds, Shelled Basis",GR,Greece,2007,2008,11,20,Beginning Stocks,21,(MT),0.0
577400,"Almonds, Shelled Basis",GR,Greece,2007,2008,11,125,Domestic Consumption,21,(MT),0.0
577400,"Almonds, Shelled Basis",GR,Greece,2007,2008,11,176,Ending Stocks,21,(MT),0.0
577400,"Almonds, Shelled Basis",GR,Greece,2007,2008,11,88,Exports,21,(MT),0.0
577400,"Almonds, Shelled Basis",GR,Greece,2007,2008,11,57,Imports,21,(MT),0.0
577400,"Almonds, Shelled Basis",GR,Greece,2007,2008,11,28,Production,21,(MT),0.0
577400,"Almonds, Shelled Basis",GR,Greece,2007,2008,11,178,Total Distribution,21,(MT),0.0
577400,"Almonds, Shelled Basis",GR,Greece,2007,2008,11,86,Total Supply,21,(MT),0.0
577400,"Almonds, Shelled Basis",GR,Greece,2008,2008,11,20,Beginning Stocks,21,(MT),0.0
577400,"Almonds, Shelled Basis",GR,Greece,2008,2008,11,125,Domestic Consumption,21,(MT),0.0
577400,"Almonds, Shelled Basis",GR,Greece,2008,2008,11,176,Ending Stocks,21,(MT),0.0
577400,"Almonds, Shelled Basis",GR,Greece,2008,2008,11,88,Exports,21,(MT),0.0
577400,"Almonds, Shelled Basis",GR,Greece,2008,2008,11,57,Imports,21,(MT),0.0
577400,"Almonds, Shelled Basis",GR,Greece,2008,2008,11,28,Production,21,(MT),0.0
577400,"Almonds, Shelled Basis",GR,Greece,2008,2008,11,178,Total Distribution,21,(MT),0.0
577400,"Almonds, Shelled Basis",GR,Greece,2008,2008,11,86,Total Supply,21,(MT),0.0
577400,"Almonds, Shelled Basis",GR,Greece,2009,2009,8,20,Beginning Stocks,21,(MT),0.0
577400,"Almonds, Shelled Basis",GR,Greece,2009,2009,8,125,Domestic Consumption,21,(MT),0.0
577400,"Almonds, Shelled Basis",GR,Greece,2009,2009,8,176,Ending Stocks,21,(MT),0.0
577400,"Almonds, Shelled Basis",GR,Greece,2009,2009,8,88,Exports,21,(MT),0.0
577400,"Almonds, Shelled Basis",GR,Greece,2009,2009,8,57,Imports,21,(MT),0.0
577400,"Almonds, Shelled Basis",GR,Greece,2009,2009,8,28,Production,21,(MT),0.0
577400,"Almonds, Shelled Basis",GR,Greece,2009,2009,8,178,Total Distribution,21,(MT),0.0
577400,"Almonds, Shelled Basis",GR,Greece,2009,2009,8,86,Total Supply,21,(MT),0.0
577400,"Almonds, Shelled Basis",GR,Greece,2010,2010,10,20,Beginning Stocks,21,(MT),0.0
577400,"Almonds, Shelled Basis",GR,Greece,2010,2010,10,125,Domestic Consumption,21,(MT),0.0
577400,"Almonds, Shelled Basis",GR,Greece,2010,2010,10,176,Ending Stocks,21,(MT),0.0
577400,"Almonds, Shelled Basis",GR,Greece,2010,2010,10,88,Exports,21,(MT),0.0
577400,"Almonds, Shelled Basis",GR,Greece,2010,2010,10,57,Imports,21,(MT),0.0
577400,"Almonds, Shelled Basis",GR,Greece,2010,2010,10,28,Production,21,(MT),0.0
577400,"Almonds, Shelled Basis",GR,Greece,2010,2010,10,178,Total Distribution,21,(MT),0.0
577400,"Almonds, Shelled Basis",GR,Greece,2010,2010,10,86,Total Supply,21,(MT),0.0
577400,"Almonds, Shelled Basis",GR,Greece,2011,2011,10,20,Beginning Stocks,21,(MT),0.0
577400,"Almonds, Shelled Basis",GR,Greece,2011,2011,10,125,Domestic Consumption,21,(MT),0.0
577400,"Almonds, Shelled Basis",GR,Greece,2011,2011,10,176,Ending Stocks,21,(MT),0.0
577400,"Almonds, Shelled Basis",GR,Greece,2011,2011,10,88,Exports,21,(MT),0.0
577400,"Almonds, Shelled Basis",GR,Greece,2011,2011,10,57,Imports,21,(MT),0.0
577400,"Almonds, Shelled Basis",GR,Greece,2011,2011,10,28,Production,21,(MT),0.0
577400,"Almonds, Shelled Basis",GR,Greece,2011,2011,10,178,Total Distribution,21,(MT),0.0
577400,"Almonds, Shelled Basis",GR,Greece,2011,2011,10,86,Total Supply,21,(MT),0.0
577400,"Almonds, Shelled Basis",GR,Greece,2012,2012,10,20,Beginning Stocks,21,(MT),0.0
577400,"Almonds, Shelled Basis",GR,Greece,2012,2012,10,125,Domestic Consumption,21,(MT),0.0
577400,"Almonds, Shelled Basis",GR,Greece,2012,2012,10,176,Ending Stocks,21,(MT),0.0
577400,"Almonds, Shelled Basis",GR,Greece,2012,2012,10,88,Exports,21,(MT),0.0
577400,"Almonds, Shelled Basis",GR,Greece,2012,2012,10,57,Imports,21,(MT),0.0
577400,"Almonds, Shelled Basis",GR,Greece,2012,2012,10,28,Production,21,(MT),0.0
577400,"Almonds, Shelled Basis",GR,Greece,2012,2012,10,178,Total Distribution,21,(MT),0.0
577400,"Almonds, Shelled Basis",GR,Greece,2012,2012,10,86,Total Supply,21,(MT),0.0
577400,"Almonds, Shelled Basis",GR,Greece,2013,2013,10,20,Beginning Stocks,21,(MT),0.0
577400,"Almonds, Shelled Basis",GR,Greece,2013,2013,10,125,Domestic Consumption,21,(MT),0.0
577400,"Almonds, Shelled Basis",GR,Greece,2013,2013,10,176,Ending Stocks,21,(MT),0.0
577400,"Almonds, Shelled Basis",GR,Greece,2013,2013,10,88,Exports,21,(MT),0.0
577400,"Almonds, Shelled Basis",GR,Greece,2013,2013,10,57,Imports,21,(MT),0.0
577400,"Almonds, Shelled Basis",GR,Greece,2013,2013,10,28,Production,21,(MT),0.0
577400,"Almonds, Shelled Basis",GR,Greece,2013,2013,10,178,Total Distribution,21,(MT),0.0
577400,"Almonds, Shelled Basis",GR,Greece,2013,2013,10,86,Total Supply,21,(MT),0.0
577400,"Almonds, Shelled Basis",GR,Greece,2014,2015,3,20,Beginning Stocks,21,(MT),0.0
577400,"Almonds, Shelled Basis",GR,Greece,2014,2015,3,125,Domestic Consumption,21,(MT),0.0
577400,"Almonds, Shelled Basis",GR,Greece,2014,2015,3,176,Ending Stocks,21,(MT),0.0
577400,"Almonds, Shelled Basis",GR,Greece,2014,2015,3,88,Exports,21,(MT),0.0
577400,"Almonds, Shelled Basis",GR,Greece,2014,2015,3,57,Imports,21,(MT),0.0
577400,"Almonds, Shelled Basis",GR,Greece,2014,2015,3,28,Production,21,(MT),0.0
577400,"Almonds, Shelled Basis",GR,Greece,2014,2015,3,178,Total Distribution,21,(MT),0.0
577400,"Almonds, Shelled Basis",GR,Greece,2014,2015,3,86,Total Supply,21,(MT),0.0
577400,"Almonds, Shelled Basis",GR,Greece,2015,2016,8,20,Beginning Stocks,21,(MT),0.0
577400,"Almonds, Shelled Basis",GR,Greece,2015,2016,8,125,Domestic Consumption,21,(MT),0.0
577400,"Almonds, Shelled Basis",GR,Greece,2015,2016,8,176,Ending Stocks,21,(MT),0.0
577400,"Almonds, Shelled Basis",GR,Greece,2015,2016,8,88,Exports,21,(MT),0.0
577400,"Almonds, Shelled Basis",GR,Greece,2015,2016,8,57,Imports,21,(MT),0.0
577400,"Almonds, Shelled Basis",GR,Greece,2015,2016,8,28,Production,21,(MT),0.0
577400,"Almonds, Shelled Basis",GR,Greece,2015,2016,8,178,Total Distribution,21,(MT),0.0
577400,"Almonds, Shelled Basis",GR,Greece,2015,2016,8,86,Total Supply,21,(MT),0.0
577400,"Almonds, Shelled Basis",GR,Greece,2016,2017,2,20,Beginning Stocks,21,(MT),0.0
577400,"Almonds, Shelled Basis",GR,Greece,2016,2017,2,125,Domestic Consumption,21,(MT),0.0
577400,"Almonds, Shelled Basis",GR,Greece,2016,2017,2,176,Ending Stocks,21,(MT),0.0
577400,"Almonds, Shelled Basis",GR,Greece,2016,2017,2,88,Exports,21,(MT),0.0
577400,"Almonds, Shelled Basis",GR,Greece,2016,2017,2,57,Imports,21,(MT),0.0
577400,"Almonds, Shelled Basis",GR,Greece,2016,2017,2,28,Production,21,(MT),0.0
577400,"Almonds, Shelled Basis",GR,Greece,2016,2017,2,178,Total Distribution,21,(MT),0.0
577400,"Almonds, Shelled Basis",GR,Greece,2016,2017,2,86,Total Supply,21,(MT),0.0
577400,"Almonds, Shelled Basis",GR,Greece,2017,2017,10,20,Beginning Stocks,21,(MT),0.0
577400,"Almonds, Shelled Basis",GR,Greece,2017,2017,10,125,Domestic Consumption,21,(MT),0.0
577400,"Almonds, Shelled Basis",GR,Greece,2017,2017,10,176,Ending Stocks,21,(MT),0.0
577400,"Almonds, Shelled Basis",GR,Greece,2017,2017,10,88,Exports,21,(MT),0.0
577400,"Almonds, Shelled Basis",GR,Greece,2017,2017,10,57,Imports,21,(MT),0.0
577400,"Almonds, Shelled Basis",GR,Greece,2017,2017,10,28,Production,21,(MT),0.0
577400,"Almonds, Shelled Basis",GR,Greece,2017,2017,10,178,Total Distribution,21,(MT),0.0
577400,"Almonds, Shelled Basis",GR,Greece,2017,2017,10,86,Total Supply,21,(MT),0.0
577400,"Almonds, Shelled Basis",GR,Greece,2018,2018,10,20,Beginning Stocks,21,(MT),0.0
577400,"Almonds, Shelled Basis",GR,Greece,2018,2018,10,125,Domestic Consumption,21,(MT),0.0
577400,"Almonds, Shelled Basis",GR,Greece,2018,2018,10,176,Ending Stocks,21,(MT),0.0
577400,"Almonds, Shelled Basis",GR,Greece,2018,2018,10,88,Exports,21,(MT),0.0
577400,"Almonds, Shelled Basis",GR,Greece,2018,2018,10,57,Imports,21,(MT),0.0
577400,"Almonds, Shelled Basis",GR,Greece,2018,2018,10,28,Production,21,(MT),0.0
577400,"Almonds, Shelled Basis",GR,Greece,2018,2018,10,178,Total Distribution,21,(MT),0.0
577400,"Almonds, Shelled Basis",GR,Greece,2018,2018,10,86,Total Supply,21,(MT),0.0
577400,"Almonds, Shelled Basis",GR,Greece,2019,2019,10,20,Beginning Stocks,21,(MT),0.0
577400,"Almonds, Shelled Basis",GR,Greece,2019,2019,10,125,Domestic Consumption,21,(MT),0.0
577400,"Almonds, Shelled Basis",GR,Greece,2019,2019,10,176,Ending Stocks,21,(MT),0.0
577400,"Almonds, Shelled Basis",GR,Greece,2019,2019,10,88,Exports,21,(MT),0.0
577400,"Almonds, Shelled Basis",GR,Greece,2019,2019,10,57,Imports,21,(MT),0.0
577400,"Almonds, Shelled Basis",GR,Greece,2019,2019,10,28,Production,21,(MT),0.0
577400,"Almonds, Shelled Basis",GR,Greece,2019,2019,10,178,Total Distribution,21,(MT),0.0
577400,"Almonds, Shelled Basis",GR,Greece,2019,2019,10,86,Total Supply,21,(MT),0.0
577400,"Almonds, Shelled Basis",GR,Greece,2020,2020,10,20,Beginning Stocks,21,(MT),0.0
577400,"Almonds, Shelled Basis",GR,Greece,2020,2020,10,125,Domestic Consumption,21,(MT),0.0
577400,"Almonds, Shelled Basis",GR,Greece,2020,2020,10,176,Ending Stocks,21,(MT),0.0
577400,"Almonds, Shelled Basis",GR,Greece,2020,2020,10,88,Exports,21,(MT),0.0
577400,"Almonds, Shelled Basis",GR,Greece,2020,2020,10,57,Imports,21,(MT),0.0
577400,"Almonds, Shelled Basis",GR,Greece,2020,2020,10,28,Production,21,(MT),0.0
577400,"Almonds, Shelled Basis",GR,Greece,2020,2020,10,178,Total Distribution,21,(MT),0.0
577400,"Almonds, Shelled Basis",GR,Greece,2020,2020,10,86,Total Supply,21,(MT),0.0
577400,"Almonds, Shelled Basis",HK,Hong Kong,2001,2012,10,20,Beginning Stocks,21,(MT),0.0
577400,"Almonds, Shelled Basis",HK,Hong Kong,2001,2012,10,125,Domestic Consumption,21,(MT),1500.0
577400,"Almonds, Shelled Basis",HK,Hong Kong,2001,2012,10,176,Ending Stocks,21,(MT),0.0
577400,"Almonds, Shelled Basis",HK,Hong Kong,2001,2012,10,88,Exports,21,(MT),0.0
577400,"Almonds, Shelled Basis",HK,Hong Kong,2001,2012,10,57,Imports,21,(MT),1500.0
577400,"Almonds, Shelled Basis",HK,Hong Kong,2001,2012,10,28,Production,21,(MT),0.0
577400,"Almonds, Shelled Basis",HK,Hong Kong,2001,2012,10,178,Total Distribution,21,(MT),1500.0
577400,"Almonds, Shelled Basis",HK,Hong Kong,2001,2012,10,86,Total Supply,21,(MT),1500.0
577400,"Almonds, Shelled Basis",HK,Hong Kong,2002,2014,10,20,Beginning Stocks,21,(MT),0.0
577400,"Almonds, Shelled Basis",HK,Hong Kong,2002,2014,10,125,Domestic Consumption,21,(MT),8700.0
577400,"Almonds, Shelled Basis",HK,Hong Kong,2002,2014,10,176,Ending Stocks,21,(MT),0.0
577400,"Almonds, Shelled Basis",HK,Hong Kong,2002,2014,10,88,Exports,21,(MT),0.0
577400,"Almonds, Shelled Basis",HK,Hong Kong,2002,2014,10,57,Imports,21,(MT),8700.0
577400,"Almonds, Shelled Basis",HK,Hong Kong,2002,2014,10,28,Production,21,(MT),0.0
577400,"Almonds, Shelled Basis",HK,Hong Kong,2002,2014,10,178,Total Distribution,21,(MT),8700.0
577400,"Almonds, Shelled Basis",HK,Hong Kong,2002,2014,10,86,Total Supply,21,(MT),8700.0
577400,"Almonds, Shelled Basis",HK,Hong Kong,2003,2014,10,20,Beginning Stocks,21,(MT),0.0
577400,"Almonds, Shelled Basis",HK,Hong Kong,2003,2014,10,125,Domestic Consumption,21,(MT),9300.0
577400,"Almonds, Shelled Basis",HK,Hong Kong,2003,2014,10,176,Ending Stocks,21,(MT),0.0
577400,"Almonds, Shelled Basis",HK,Hong Kong,2003,2014,10,88,Exports,21,(MT),0.0
577400,"Almonds, Shelled Basis",HK,Hong Kong,2003,2014,10,57,Imports,21,(MT),9300.0
577400,"Almonds, Shelled Basis",HK,Hong Kong,2003,2014,10,28,Production,21,(MT),0.0
577400,"Almonds, Shelled Basis",HK,Hong Kong,2003,2014,10,178,Total Distribution,21,(MT),9300.0
577400,"Almonds, Shelled Basis",HK,Hong Kong,2003,2014,10,86,Total Supply,21,(MT),9300.0
577400,"Almonds, Shelled Basis",HK,Hong Kong,2004,2014,10,20,Beginning Stocks,21,(MT),0.0
577400,"Almonds, Shelled Basis",HK,Hong Kong,2004,2014,10,125,Domestic Consumption,21,(MT),3400.0
577400,"Almonds, Shelled Basis",HK,Hong Kong,2004,2014,10,176,Ending Stocks,21,(MT),0.0
577400,"Almonds, Shelled Basis",HK,Hong Kong,2004,2014,10,88,Exports,21,(MT),0.0
577400,"Almonds, Shelled Basis",HK,Hong Kong,2004,2014,10,57,Imports,21,(MT),3400.0
577400,"Almonds, Shelled Basis",HK,Hong Kong,2004,2014,10,28,Production,21,(MT),0.0
577400,"Almonds, Shelled Basis",HK,Hong Kong,2004,2014,10,178,Total Distribution,21,(MT),3400.0
577400,"Almonds, Shelled Basis",HK,Hong Kong,2004,2014,10,86,Total Supply,21,(MT),3400.0
577400,"Almonds, Shelled Basis",HK,Hong Kong,2005,2014,10,20,Beginning Stocks,21,(MT),0.0
577400,"Almonds, Shelled Basis",HK,Hong Kong,2005,2014,10,125,Domestic Consumption,21,(MT),3500.0
577400,"Almonds, Shelled Basis",HK,Hong Kong,2005,2014,10,176,Ending Stocks,21,(MT),0.0
577400,"Almonds, Shelled Basis",HK,Hong Kong,2005,2014,10,88,Exports,21,(MT),0.0
577400,"Almonds, Shelled Basis",HK,Hong Kong,2005,2014,10,57,Imports,21,(MT),3500.0
577400,"Almonds, Shelled Basis",HK,Hong Kong,2005,2014,10,28,Production,21,(MT),0.0
577400,"Almonds, Shelled Basis",HK,Hong Kong,2005,2014,10,178,Total Distribution,21,(MT),3500.0
577400,"Almonds, Shelled Basis",HK,Hong Kong,2005,2014,10,86,Total Supply,21,(MT),3500.0
577400,"Almonds, Shelled Basis",HK,Hong Kong,2006,2014,10,20,Beginning Stocks,21,(MT),0.0
577400,"Almonds, Shelled Basis",HK,Hong Kong,2006,2014,10,125,Domestic Consumption,21,(MT),5300.0
577400,"Almonds, Shelled Basis",HK,Hong Kong,2006,2014,10,176,Ending Stocks,21,(MT),0.0
577400,"Almonds, Shelled Basis",HK,Hong Kong,2006,2014,10,88,Exports,21,(MT),0.0
577400,"Almonds, Shelled Basis",HK,Hong Kong,2006,2014,10,57,Imports,21,(MT),5300.0
577400,"Almonds, Shelled Basis",HK,Hong Kong,2006,2014,10,28,Production,21,(MT),0.0
577400,"Almonds, Shelled Basis",HK,Hong Kong,2006,2014,10,178,Total Distribution,21,(MT),5300.0
577400,"Almonds, Shelled Basis",HK,Hong Kong,2006,2014,10,86,Total Supply,21,(MT),5300.0
577400,"Almonds, Shelled Basis",HK,Hong Kong,2007,2012,10,20,Beginning Stocks,21,(MT),0.0
577400,"Almonds, Shelled Basis",HK,Hong Kong,2007,2012,10,125,Domestic Consumption,21,(MT),9800.0
577400,"Almonds, Shelled Basis",HK,Hong Kong,2007,2012,10,176,Ending Stocks,21,(MT),0.0
577400,"Almonds, Shelled Basis",HK,Hong Kong,2007,2012,10,88,Exports,21,(MT),0.0
577400,"Almonds, Shelled Basis",HK,Hong Kong,2007,2012,10,57,Imports,21,(MT),9800.0
577400,"Almonds, Shelled Basis",HK,Hong Kong,2007,2012,10,28,Production,21,(MT),0.0
577400,"Almonds, Shelled Basis",HK,Hong Kong,2007,2012,10,178,Total Distribution,21,(MT),9800.0
577400,"Almonds, Shelled Basis",HK,Hong Kong,2007,2012,10,86,Total Supply,21,(MT),9800.0
577400,"Almonds, Shelled Basis",HK,Hong Kong,2008,2014,10,20,Beginning Stocks,21,(MT),0.0
577400,"Almonds, Shelled Basis",HK,Hong Kong,2008,2014,10,125,Domestic Consumption,21,(MT),19300.0
577400,"Almonds, Shelled Basis",HK,Hong Kong,2008,2014,10,176,Ending Stocks,21,(MT),0.0
577400,"Almonds, Shelled Basis",HK,Hong Kong,2008,2014,10,88,Exports,21,(MT),0.0
577400,"Almonds, Shelled Basis",HK,Hong Kong,2008,2014,10,57,Imports,21,(MT),19300.0
577400,"Almonds, Shelled Basis",HK,Hong Kong,2008,2014,10,28,Production,21,(MT),0.0
577400,"Almonds, Shelled Basis",HK,Hong Kong,2008,2014,10,178,Total Distribution,21,(MT),19300.0
577400,"Almonds, Shelled Basis",HK,Hong Kong,2008,2014,10,86,Total Supply,21,(MT),19300.0
577400,"Almonds, Shelled Basis",HK,Hong Kong,2009,2014,10,20,Beginning Stocks,21,(MT),0.0
577400,"Almonds, Shelled Basis",HK,Hong Kong,2009,2014,10,125,Domestic Consumption,21,(MT),22300.0
577400,"Almonds, Shelled Basis",HK,Hong Kong,2009,2014,10,176,Ending Stocks,21,(MT),0.0
577400,"Almonds, Shelled Basis",HK,Hong Kong,2009,2014,10,88,Exports,21,(MT),0.0
577400,"Almonds, Shelled Basis",HK,Hong Kong,2009,2014,10,57,Imports,21,(MT),22300.0
577400,"Almonds, Shelled Basis",HK,Hong Kong,2009,2014,10,28,Production,21,(MT),0.0
577400,"Almonds, Shelled Basis",HK,Hong Kong,2009,2014,10,178,Total Distribution,21,(MT),22300.0
577400,"Almonds, Shelled Basis",HK,Hong Kong,2009,2014,10,86,Total Supply,21,(MT),22300.0
577400,"Almonds, Shelled Basis",HK,Hong Kong,2010,2014,10,20,Beginning Stocks,21,(MT),0.0
577400,"Almonds, Shelled Basis",HK,Hong Kong,2010,2014,10,125,Domestic Consumption,21,(MT),20300.0
577400,"Almonds, Shelled Basis",HK,Hong Kong,2010,2014,10,176,Ending Stocks,21,(MT),0.0
577400,"Almonds, Shelled Basis",HK,Hong Kong,2010,2014,10,88,Exports,21,(MT),0.0
577400,"Almonds, Shelled Basis",HK,Hong Kong,2010,2014,10,57,Imports,21,(MT),20300.0
577400,"Almonds, Shelled Basis",HK,Hong Kong,2010,2014,10,28,Production,21,(MT),0.0
577400,"Almonds, Shelled Basis",HK,Hong Kong,2010,2014,10,178,Total Distribution,21,(MT),20300.0
577400,"Almonds, Shelled Basis",HK,Hong Kong,2010,2014,10,86,Total Supply,21,(MT),20300.0
577400,"Almonds, Shelled Basis",HK,Hong Kong,2011,2014,10,20,Beginning Stocks,21,(MT),0.0
577400,"Almonds, Shelled Basis",HK,Hong Kong,2011,2014,10,125,Domestic Consumption,21,(MT),11700.0
577400,"Almonds, Shelled Basis",HK,Hong Kong,2011,2014,10,176,Ending Stocks,21,(MT),0.0
577400,"Almonds, Shelled Basis",HK,Hong Kong,2011,2014,10,88,Exports,21,(MT),0.0
577400,"Almonds, Shelled Basis",HK,Hong Kong,2011,2014,10,57,Imports,21,(MT),11700.0
577400,"Almonds, Shelled Basis",HK,Hong Kong,2011,2014,10,28,Production,21,(MT),0.0
577400,"Almonds, Shelled Basis",HK,Hong Kong,2011,2014,10,178,Total Distribution,21,(MT),11700.0
577400,"Almonds, Shelled Basis",HK,Hong Kong,2011,2014,10,86,Total Supply,21,(MT),11700.0
577400,"Almonds, Shelled Basis",HK,Hong Kong,2012,2014,10,20,Beginning Stocks,21,(MT),0.0
577400,"Almonds, Shelled Basis",HK,Hong Kong,2012,2014,10,125,Domestic Consumption,21,(MT),12900.0
577400,"Almonds, Shelled Basis",HK,Hong Kong,2012,2014,10,176,Ending Stocks,21,(MT),0.0
577400,"Almonds, Shelled Basis",HK,Hong Kong,2012,2014,10,88,Exports,21,(MT),0.0
577400,"Almonds, Shelled Basis",HK,Hong Kong,2012,2014,10,57,Imports,21,(MT),12900.0
577400,"Almonds, Shelled Basis",HK,Hong Kong,2012,2014,10,28,Production,21,(MT),0.0
577400,"Almonds, Shelled Basis",HK,Hong Kong,2012,2014,10,178,Total Distribution,21,(MT),12900.0
577400,"Almonds, Shelled Basis",HK,Hong Kong,2012,2014,10,86,Total Supply,21,(MT),12900.0
577400,"Almonds, Shelled Basis",HK,Hong Kong,2013,2014,10,20,Beginning Stocks,21,(MT),0.0
577400,"Almonds, Shelled Basis",HK,Hong Kong,2013,2014,10,125,Domestic Consumption,21,(MT),15200.0
577400,"Almonds, Shelled Basis",HK,Hong Kong,2013,2014,10,176,Ending Stocks,21,(MT),0.0
577400,"Almonds, Shelled Basis",HK,Hong Kong,2013,2014,10,88,Exports,21,(MT),0.0
577400,"Almonds, Shelled Basis",HK,Hong Kong,2013,2014,10,57,Imports,21,(MT),15200.0
577400,"Almonds, Shelled Basis",HK,Hong Kong,2013,2014,10,28,Production,21,(MT),0.0
577400,"Almonds, Shelled Basis",HK,Hong Kong,2013,2014,10,178,Total Distribution,21,(MT),15200.0
577400,"Almonds, Shelled Basis",HK,Hong Kong,2013,2014,10,86,Total Supply,21,(MT),15200.0
577400,"Almonds, Shelled Basis",HK,Hong Kong,2014,2015,10,20,Beginning Stocks,21,(MT),0.0
577400,"Almonds, Shelled Basis",HK,Hong Kong,2014,2015,10,125,Domestic Consumption,21,(MT),17400.0
577400,"Almonds, Shelled Basis",HK,Hong Kong,2014,2015,10,176,Ending Stocks,21,(MT),0.0
577400,"Almonds, Shelled Basis",HK,Hong Kong,2014,2015,10,88,Exports,21,(MT),0.0
577400,"Almonds, Shelled Basis",HK,Hong Kong,2014,2015,10,57,Imports,21,(MT),17400.0
577400,"Almonds, Shelled Basis",HK,Hong Kong,2014,2015,10,28,Production,21,(MT),0.0
577400,"Almonds, Shelled Basis",HK,Hong Kong,2014,2015,10,178,Total Distribution,21,(MT),17400.0
577400,"Almonds, Shelled Basis",HK,Hong Kong,2014,2015,10,86,Total Supply,21,(MT),17400.0
577400,"Almonds, Shelled Basis",HK,Hong Kong,2015,2016,10,20,Beginning Stocks,21,(MT),0.0
577400,"Almonds, Shelled Basis",HK,Hong Kong,2015,2016,10,125,Domestic Consumption,21,(MT),10600.0
577400,"Almonds, Shelled Basis",HK,Hong Kong,2015,2016,10,176,Ending Stocks,21,(MT),0.0
577400,"Almonds, Shelled Basis",HK,Hong Kong,2015,2016,10,88,Exports,21,(MT),0.0
577400,"Almonds, Shelled Basis",HK,Hong Kong,2015,2016,10,57,Imports,21,(MT),10600.0
577400,"Almonds, Shelled Basis",HK,Hong Kong,2015,2016,10,28,Production,21,(MT),0.0
577400,"Almonds, Shelled Basis",HK,Hong Kong,2015,2016,10,178,Total Distribution,21,(MT),10600.0
577400,"Almonds, Shelled Basis",HK,Hong Kong,2015,2016,10,86,Total Supply,21,(MT),10600.0
577400,"Almonds, Shelled Basis",HK,Hong Kong,2016,2017,10,20,Beginning Stocks,21,(MT),0.0
577400,"Almonds, Shelled Basis",HK,Hong Kong,2016,2017,10,125,Domestic Consumption,21,(MT),12600.0
577400,"Almonds, Shelled Basis",HK,Hong Kong,2016,2017,10,176,Ending Stocks,21,(MT),0.0
577400,"Almonds, Shelled Basis",HK,Hong Kong,2016,2017,10,88,Exports,21,(MT),0.0
577400,"Almonds, Shelled Basis",HK,Hong Kong,2016,2017,10,57,Imports,21,(MT),12600.0
577400,"Almonds, Shelled Basis",HK,Hong Kong,2016,2017,10,28,Production,21,(MT),0.0
577400,"Almonds, Shelled Basis",HK,Hong Kong,2016,2017,10,178,Total Distribution,21,(MT),12600.0
577400,"Almonds, Shelled Basis",HK,Hong Kong,2016,2017,10,86,Total Supply,21,(MT),12600.0
577400,"Almonds, Shelled Basis",HK,Hong Kong,2017,2018,10,20,Beginning Stocks,21,(MT),0.0
577400,"Almonds, Shelled Basis",HK,Hong Kong,2017,2018,10,125,Domestic Consumption,21,(MT),12500.0
577400,"Almonds, Shelled Basis",HK,Hong Kong,2017,2018,10,176,Ending Stocks,21,(MT),0.0
577400,"Almonds, Shelled Basis",HK,Hong Kong,2017,2018,10,88,Exports,21,(MT),0.0
577400,"Almonds, Shelled Basis",HK,Hong Kong,2017,2018,10,57,Imports,21,(MT),12500.0
577400,"Almonds, Shelled Basis",HK,Hong Kong,2017,2018,10,28,Production,21,(MT),0.0
577400,"Almonds, Shelled Basis",HK,Hong Kong,2017,2018,10,178,Total Distribution,21,(MT),12500.0
577400,"Almonds, Shelled Basis",HK,Hong Kong,2017,2018,10,86,Total Supply,21,(MT),12500.0
577400,"Almonds, Shelled Basis",HK,Hong Kong,2018,2019,10,20,Beginning Stocks,21,(MT),0.0
577400,"Almonds, Shelled Basis",HK,Hong Kong,2018,2019,10,125,Domestic Consumption,21,(MT),6400.0
577400,"Almonds, Shelled Basis",HK,Hong Kong,2018,2019,10,176,Ending Stocks,21,(MT),0.0
577400,"Almonds, Shelled Basis",HK,Hong Kong,2018,2019,10,88,Exports,21,(MT),0.0
577400,"Almonds, Shelled Basis",HK,Hong Kong,2018,2019,10,57,Imports,21,(MT),6400.0
577400,"Almonds, Shelled Basis",HK,Hong Kong,2018,2019,10,28,Production,21,(MT),0.0
577400,"Almonds, Shelled Basis",HK,Hong Kong,2018,2019,10,178,Total Distribution,21,(MT),6400.0
577400,"Almonds, Shelled Basis",HK,Hong Kong,2018,2019,10,86,Total Supply,21,(MT),6400.0
577400,"Almonds, Shelled Basis",HK,Hong Kong,2019,2020,10,20,Beginning Stocks,21,(MT),0.0
577400,"Almonds, Shelled Basis",HK,Hong Kong,2019,2020,10,125,Domestic Consumption,21,(MT),5900.0
577400,"Almonds, Shelled Basis",HK,Hong Kong,2019,2020,10,176,Ending Stocks,21,(MT),0.0
577400,"Almonds, Shelled Basis",HK,Hong Kong,2019,2020,10,88,Exports,21,(MT),0.0
577400,"Almonds, Shelled Basis",HK,Hong Kong,2019,2020,10,57,Imports,21,(MT),5900.0
577400,"Almonds, Shelled Basis",HK,Hong Kong,2019,2020,10,28,Production,21,(MT),0.0
577400,"Almonds, Shelled Basis",HK,Hong Kong,2019,2020,10,178,Total Distribution,21,(MT),5900.0
577400,"Almonds, Shelled Basis",HK,Hong Kong,2019,2020,10,86,Total Supply,21,(MT),5900.0
577400,"Almonds, Shelled Basis",HK,Hong Kong,2020,2020,10,20,Beginning Stocks,21,(MT),0.0
577400,"Almonds, Shelled Basis",HK,Hong Kong,2020,2020,10,125,Domestic Consumption,21,(MT),7000.0
577400,"Almonds, Shelled Basis",HK,Hong Kong,2020,2020,10,176,Ending Stocks,21,(MT),0.0
577400,"Almonds, Shelled Basis",HK,Hong Kong,2020,2020,10,88,Exports,21,(MT),0.0
577400,"Almonds, Shelled Basis",HK,Hong Kong,2020,2020,10,57,Imports,21,(MT),7000.0
577400,"Almonds, Shelled Basis",HK,Hong Kong,2020,2020,10,28,Production,21,(MT),0.0
577400,"Almonds, Shelled Basis",HK,Hong Kong,2020,2020,10,178,Total Distribution,21,(MT),7000.0
577400,"Almonds, Shelled Basis",HK,Hong Kong,2020,2020,10,86,Total Supply,21,(MT),7000.0
577400,"Almonds, Shelled Basis",IN,India,2001,2015,10,20,Beginning Stocks,21,(MT),5100.0
577400,"Almonds, Shelled Basis",IN,India,2001,2015,10,125,Domestic Consumption,21,(MT),25200.0
577400,"Almonds, Shelled Basis",IN,India,2001,2015,10,176,Ending Stocks,21,(MT),5800.0
577400,"Almonds, Shelled Basis",IN,India,2001,2015,10,88,Exports,21,(MT),0.0
577400,"Almonds, Shelled Basis",IN,India,2001,2015,10,57,Imports,21,(MT),24900.0
577400,"Almonds, Shelled Basis",IN,India,2001,2015,10,28,Production,21,(MT),1000.0
577400,"Almonds, Shelled Basis",IN,India,2001,2015,10,178,Total Distribution,21,(MT),31000.0
577400,"Almonds, Shelled Basis",IN,India,2001,2015,10,86,Total Supply,21,(MT),31000.0
577400,"Almonds, Shelled Basis",IN,India,2002,2015,10,20,Beginning Stocks,21,(MT),5800.0
577400,"Almonds, Shelled Basis",IN,India,2002,2015,10,125,Domestic Consumption,21,(MT),25300.0
577400,"Almonds, Shelled Basis",IN,India,2002,2015,10,176,Ending Stocks,21,(MT),6400.0
577400,"Almonds, Shelled Basis",IN,India,2002,2015,10,88,Exports,21,(MT),0.0
577400,"Almonds, Shelled Basis",IN,India,2002,2015,10,57,Imports,21,(MT),24800.0
577400,"Almonds, Shelled Basis",IN,India,2002,2015,10,28,Production,21,(MT),1100.0
577400,"Almonds, Shelled Basis",IN,India,2002,2015,10,178,Total Distribution,21,(MT),31700.0
577400,"Almonds, Shelled Basis",IN,India,2002,2015,10,86,Total Supply,21,(MT),31700.0
577400,"Almonds, Shelled Basis",IN,India,2003,2015,10,20,Beginning Stocks,21,(MT),6400.0
577400,"Almonds, Shelled Basis",IN,India,2003,2015,10,125,Domestic Consumption,21,(MT),25600.0
577400,"Almonds, Shelled Basis",IN,India,2003,2015,10,176,Ending Stocks,21,(MT),4400.0
577400,"Almonds, Shelled Basis",IN,India,2003,2015,10,88,Exports,21,(MT),0.0
577400,"Almonds, Shelled Basis",IN,India,2003,2015,10,57,Imports,21,(MT),22600.0
577400,"Almonds, Shelled Basis",IN,India,2003,2015,10,28,Production,21,(MT),1000.0
577400,"Almonds, Shelled Basis",IN,India,2003,2015,10,178,Total Distribution,21,(MT),30000.0
577400,"Almonds, Shelled Basis",IN,India,2003,2015,10,86,Total Supply,21,(MT),30000.0
577400,"Almonds, Shelled Basis",IN,India,2004,2015,10,20,Beginning Stocks,21,(MT),4400.0
577400,"Almonds, Shelled Basis",IN,India,2004,2015,10,125,Domestic Consumption,21,(MT),24500.0
577400,"Almonds, Shelled Basis",IN,India,2004,2015,10,176,Ending Stocks,21,(MT),7300.0
577400,"Almonds, Shelled Basis",IN,India,2004,2015,10,88,Exports,21,(MT),0.0
577400,"Almonds, Shelled Basis",IN,India,2004,2015,10,57,Imports,21,(MT),26300.0
577400,"Almonds, Shelled Basis",IN,India,2004,2015,10,28,Production,21,(MT),1100.0
577400,"Almonds, Shelled Basis",IN,India,2004,2015,10,178,Total Distribution,21,(MT),31800.0
577400,"Almonds, Shelled Basis",IN,India,2004,2015,10,86,Total Supply,21,(MT),31800.0
577400,"Almonds, Shelled Basis",IN,India,2005,2015,10,20,Beginning Stocks,21,(MT),7300.0
577400,"Almonds, Shelled Basis",IN,India,2005,2015,10,125,Domestic Consumption,21,(MT),36150.0
577400,"Almonds, Shelled Basis",IN,India,2005,2015,10,176,Ending Stocks,21,(MT),6700.0
577400,"Almonds, Shelled Basis",IN,India,2005,2015,10,88,Exports,21,(MT),0.0
577400,"Almonds, Shelled Basis",IN,India,2005,2015,10,57,Imports,21,(MT),34400.0
577400,"Almonds, Shelled Basis",IN,India,2005,2015,10,28,Production,21,(MT),1150.0
577400,"Almonds, Shelled Basis",IN,India,2005,2015,10,178,Total Distribution,21,(MT),42850.0
577400,"Almonds, Shelled Basis",IN,India,2005,2015,10,86,Total Supply,21,(MT),42850.0
577400,"Almonds, Shelled Basis",IN,India,2006,2015,10,20,Beginning Stocks,21,(MT),6700.0
577400,"Almonds, Shelled Basis",IN,India,2006,2015,10,125,Domestic Consumption,21,(MT),32400.0
577400,"Almonds, Shelled Basis",IN,India,2006,2015,10,176,Ending Stocks,21,(MT),9000.0
577400,"Almonds, Shelled Basis",IN,India,2006,2015,10,88,Exports,21,(MT),0.0
577400,"Almonds, Shelled Basis",IN,India,2006,2015,10,57,Imports,21,(MT),33500.0
577400,"Almonds, Shelled Basis",IN,India,2006,2015,10,28,Production,21,(MT),1200.0
577400,"Almonds, Shelled Basis",IN,India,2006,2015,10,178,Total Distribution,21,(MT),41400.0
577400,"Almonds, Shelled Basis",IN,India,2006,2015,10,86,Total Supply,21,(MT),41400.0
577400,"Almonds, Shelled Basis",IN,India,2007,2018,10,20,Beginning Stocks,21,(MT),9000.0
577400,"Almonds, Shelled Basis",IN,India,2007,2018,10,125,Domestic Consumption,21,(MT),42100.0
577400,"Almonds, Shelled Basis",IN,India,2007,2018,10,176,Ending Stocks,21,(MT),10300.0
577400,"Almonds, Shelled Basis",IN,India,2007,2018,10,88,Exports,21,(MT),0.0
577400,"Almonds, Shelled Basis",IN,India,2007,2018,10,57,Imports,21,(MT),39600.0
577400,"Almonds, Shelled Basis",IN,India,2007,2018,10,28,Production,21,(MT),3800.0
577400,"Almonds, Shelled Basis",IN,India,2007,2018,10,178,Total Distribution,21,(MT),52400.0
577400,"Almonds, Shelled Basis",IN,India,2007,2018,10,86,Total Supply,21,(MT),52400.0
577400,"Almonds, Shelled Basis",IN,India,2008,2018,10,20,Beginning Stocks,21,(MT),10300.0
577400,"Almonds, Shelled Basis",IN,India,2008,2018,10,125,Domestic Consumption,21,(MT),49400.0
577400,"Almonds, Shelled Basis",IN,India,2008,2018,10,176,Ending Stocks,21,(MT),12300.0
577400,"Almonds, Shelled Basis",IN,India,2008,2018,10,88,Exports,21,(MT),0.0
577400,"Almonds, Shelled Basis",IN,India,2008,2018,10,57,Imports,21,(MT),47200.0
577400,"Almonds, Shelled Basis",IN,India,2008,2018,10,28,Production,21,(MT),4200.0
577400,"Almonds, Shelled Basis",IN,India,2008,2018,10,178,Total Distribution,21,(MT),61700.0
577400,"Almonds, Shelled Basis",IN,India,2008,2018,10,86,Total Supply,21,(MT),61700.0
577400,"Almonds, Shelled Basis",IN,India,2009,2018,10,20,Beginning Stocks,21,(MT),12300.0
577400,"Almonds, Shelled Basis",IN,India,2009,2018,10,125,Domestic Consumption,21,(MT),47000.0
577400,"Almonds, Shelled Basis",IN,India,2009,2018,10,176,Ending Stocks,21,(MT),12000.0
577400,"Almonds, Shelled Basis",IN,India,2009,2018,10,88,Exports,21,(MT),0.0
577400,"Almonds, Shelled Basis",IN,India,2009,2018,10,57,Imports,21,(MT),42700.0
577400,"Almonds, Shelled Basis",IN,India,2009,2018,10,28,Production,21,(MT),4000.0
577400,"Almonds, Shelled Basis",IN,India,2009,2018,10,178,Total Distribution,21,(MT),59000.0
577400,"Almonds, Shelled Basis",IN,India,2009,2018,10,86,Total Supply,21,(MT),59000.0
577400,"Almonds, Shelled Basis",IN,India,2010,2018,10,20,Beginning Stocks,21,(MT),12000.0
577400,"Almonds, Shelled Basis",IN,India,2010,2018,10,125,Domestic Consumption,21,(MT),57500.0
577400,"Almonds, Shelled Basis",IN,India,2010,2018,10,176,Ending Stocks,21,(MT),13100.0
577400,"Almonds, Shelled Basis",IN,India,2010,2018,10,88,Exports,21,(MT),0.0
577400,"Almonds, Shelled Basis",IN,India,2010,2018,10,57,Imports,21,(MT),54100.0
577400,"Almonds, Shelled Basis",IN,India,2010,2018,10,28,Production,21,(MT),4500.0
577400,"Almonds, Shelled Basis",IN,India,2010,2018,10,178,Total Distribution,21,(MT),70600.0
577400,"Almonds, Shelled Basis",IN,India,2010,2018,10,86,Total Supply,21,(MT),70600.0
577400,"Almonds, Shelled Basis",IN,India,2011,2018,10,20,Beginning Stocks,21,(MT),13100.0
577400,"Almonds, Shelled Basis",IN,India,2011,2018,10,125,Domestic Consumption,21,(MT),49500.0
577400,"Almonds, Shelled Basis",IN,India,2011,2018,10,176,Ending Stocks,21,(MT),23900.0
577400,"Almonds, Shelled Basis",IN,India,2011,2018,10,88,Exports,21,(MT),0.0
577400,"Almonds, Shelled Basis",IN,India,2011,2018,10,57,Imports,21,(MT),56800.0
577400,"Almonds, Shelled Basis",IN,India,2011,2018,10,28,Production,21,(MT),3500.0
577400,"Almonds, Shelled Basis",IN,India,2011,2018,10,178,Total Distribution,21,(MT),73400.0
577400,"Almonds, Shelled Basis",IN,India,2011,2018,10,86,Total Supply,21,(MT),73400.0
577400,"Almonds, Shelled Basis",IN,India,2012,2018,10,20,Beginning Stocks,21,(MT),23900.0
577400,"Almonds, Shelled Basis",IN,India,2012,2018,10,125,Domestic Consumption,21,(MT),64000.0
577400,"Almonds, Shelled Basis",IN,India,2012,2018,10,176,Ending Stocks,21,(MT),23800.0
577400,"Almonds, Shelled Basis",IN,India,2012,2018,10,88,Exports,21,(MT),0.0
577400,"Almonds, Shelled Basis",IN,India,2012,2018,10,57,Imports,21,(MT),59400.0
577400,"Almonds, Shelled Basis",IN,India,2012,2018,10,28,Production,21,(MT),4500.0
577400,"Almonds, Shelled Basis",IN,India,2012,2018,10,178,Total Distribution,21,(MT),87800.0
577400,"Almonds, Shelled Basis",IN,India,2012,2018,10,86,Total Supply,21,(MT),87800.0
577400,"Almonds, Shelled Basis",IN,India,2013,2018,10,20,Beginning Stocks,21,(MT),23800.0
577400,"Almonds, Shelled Basis",IN,India,2013,2018,10,125,Domestic Consumption,21,(MT),56300.0
577400,"Almonds, Shelled Basis",IN,India,2013,2018,10,176,Ending Stocks,21,(MT),26800.0
577400,"Almonds, Shelled Basis",IN,India,2013,2018,10,88,Exports,21,(MT),0.0
577400,"Almonds, Shelled Basis",IN,India,2013,2018,10,57,Imports,21,(MT),55300.0
577400,"Almonds, Shelled Basis",IN,India,2013,2018,10,28,Production,21,(MT),4000.0
577400,"Almonds, Shelled Basis",IN,India,2013,2018,10,178,Total Distribution,21,(MT),83100.0
577400,"Almonds, Shelled Basis",IN,India,2013,2018,10,86,Total Supply,21,(MT),83100.0
577400,"Almonds, Shelled Basis",IN,India,2014,2018,10,20,Beginning Stocks,21,(MT),26800.0
577400,"Almonds, Shelled Basis",IN,India,2014,2018,10,125,Domestic Consumption,21,(MT),64800.0
577400,"Almonds, Shelled Basis",IN,India,2014,2018,10,176,Ending Stocks,21,(MT),29800.0
577400,"Almonds, Shelled Basis",IN,India,2014,2018,10,88,Exports,21,(MT),0.0
577400,"Almonds, Shelled Basis",IN,India,2014,2018,10,57,Imports,21,(MT),63300.0
577400,"Almonds, Shelled Basis",IN,India,2014,2018,10,28,Production,21,(MT),4500.0
577400,"Almonds, Shelled Basis",IN,India,2014,2018,10,178,Total Distribution,21,(MT),94600.0
577400,"Almonds, Shelled Basis",IN,India,2014,2018,10,86,Total Supply,21,(MT),94600.0
577400,"Almonds, Shelled Basis",IN,India,2015,2018,10,20,Beginning Stocks,21,(MT),29800.0
577400,"Almonds, Shelled Basis",IN,India,2015,2018,10,125,Domestic Consumption,21,(MT),84900.0
577400,"Almonds, Shelled Basis",IN,India,2015,2018,10,176,Ending Stocks,21,(MT),20700.0
577400,"Almonds, Shelled Basis",IN,India,2015,2018,10,88,Exports,21,(MT),0.0
577400,"Almonds, Shelled Basis",IN,India,2015,2018,10,57,Imports,21,(MT),71800.0
577400,"Almonds, Shelled Basis",IN,India,2015,2018,10,28,Production,21,(MT),4000.0
577400,"Almonds, Shelled Basis",IN,India,2015,2018,10,178,Total Distribution,21,(MT),105600.0
577400,"Almonds, Shelled Basis",IN,India,2015,2018,10,86,Total Supply,21,(MT),105600.0
577400,"Almonds, Shelled Basis",IN,India,2016,2018,10,20,Beginning Stocks,21,(MT),20700.0
577400,"Almonds, Shelled Basis",IN,India,2016,2018,10,125,Domestic Consumption,21,(MT),90000.0
577400,"Almonds, Shelled Basis",IN,India,2016,2018,10,176,Ending Stocks,21,(MT),23500.0
577400,"Almonds, Shelled Basis",IN,India,2016,2018,10,88,Exports,21,(MT),0.0
577400,"Almonds, Shelled Basis",IN,India,2016,2018,10,57,Imports,21,(MT),88300.0
577400,"Almonds, Shelled Basis",IN,India,2016,2018,10,28,Production,21,(MT),4500.0
577400,"Almonds, Shelled Basis",IN,India,2016,2018,10,178,Total Distribution,21,(MT),113500.0
577400,"Almonds, Shelled Basis",IN,India,2016,2018,10,86,Total Supply,21,(MT),113500.0
577400,"Almonds, Shelled Basis",IN,India,2017,2019,10,20,Beginning Stocks,21,(MT),23500.0
577400,"Almonds, Shelled Basis",IN,India,2017,2019,10,125,Domestic Consumption,21,(MT),92100.0
577400,"Almonds, Shelled Basis",IN,India,2017,2019,10,176,Ending Stocks,21,(MT),36000.0
577400,"Almonds, Shelled Basis",IN,India,2017,2019,10,88,Exports,21,(MT),0.0
577400,"Almonds, Shelled Basis",IN,India,2017,2019,10,57,Imports,21,(MT),100600.0
577400,"Almonds, Shelled Basis",IN,India,2017,2019,10,28,Production,21,(MT),4000.0
577400,"Almonds, Shelled Basis",IN,India,2017,2019,10,178,Total Distribution,21,(MT),128100.0
577400,"Almonds, Shelled Basis",IN,India,2017,2019,10,86,Total Supply,21,(MT),128100.0
577400,"Almonds, Shelled Basis",IN,India,2018,2020,10,20,Beginning Stocks,21,(MT),36000.0
577400,"Almonds, Shelled Basis",IN,India,2018,2020,10,125,Domestic Consumption,21,(MT),111600.0
577400,"Almonds, Shelled Basis",IN,India,2018,2020,10,176,Ending Stocks,21,(MT),35000.0
577400,"Almonds, Shelled Basis",IN,India,2018,2020,10,88,Exports,21,(MT),0.0
577400,"Almonds, Shelled Basis",IN,India,2018,2020,10,57,Imports,21,(MT),106100.0
577400,"Almonds, Shelled Basis",IN,India,2018,2020,10,28,Production,21,(MT),4500.0
577400,"Almonds, Shelled Basis",IN,India,2018,2020,10,178,Total Distribution,21,(MT),146600.0
577400,"Almonds, Shelled Basis",IN,India,2018,2020,10,86,Total Supply,21,(MT),146600.0
577400,"Almonds, Shelled Basis",IN,India,2019,2019,10,20,Beginning Stocks,21,(MT),35000.0
577400,"Almonds, Shelled Basis",IN,India,2019,2019,10,125,Domestic Consumption,21,(MT),114500.0
577400,"Almonds, Shelled Basis",IN,India,2019,2019,10,176,Ending Stocks,21,(MT),30000.0
577400,"Almonds, Shelled Basis",IN,India,2019,2019,10,88,Exports,21,(MT),0.0
577400,"Almonds, Shelled Basis",IN,India,2019,2019,10,57,Imports,21,(MT),105000.0
577400,"Almonds, Shelled Basis",IN,India,2019,2019,10,28,Production,21,(MT),4500.0
577400,"Almonds, Shelled Basis",IN,India,2019,2019,10,178,Total Distribution,21,(MT),144500.0
577400,"Almonds, Shelled Basis",IN,India,2019,2019,10,86,Total Supply,21,(MT),144500.0
577400,"Almonds, Shelled Basis",IN,India,2020,2020,10,20,Beginning Stocks,21,(MT),30000.0
577400,"Almonds, Shelled Basis",IN,India,2020,2020,10,125,Domestic Consumption,21,(MT),129500.0
577400,"Almonds, Shelled Basis",IN,India,2020,2020,10,176,Ending Stocks,21,(MT),30000.0
577400,"Almonds, Shelled Basis",IN,India,2020,2020,10,88,Exports,21,(MT),0.0
577400,"Almonds, Shelled Basis",IN,India,2020,2020,10,57,Imports,21,(MT),125000.0
577400,"Almonds, Shelled Basis",IN,India,2020,2020,10,28,Production,21,(MT),4500.0
577400,"Almonds, Shelled Basis",IN,India,2020,2020,10,178,Total Distribution,21,(MT),159500.0
577400,"Almonds, Shelled Basis",IN,India,2020,2020,10,86,Total Supply,21,(MT),159500.0
577400,"Almonds, Shelled Basis",ID,Indonesia,2001,2020,10,20,Beginning Stocks,21,(MT),0.0
577400,"Almonds, Shelled Basis",ID,Indonesia,2001,2020,10,125,Domestic Consumption,21,(MT),0.0
577400,"Almonds, Shelled Basis",ID,Indonesia,2001,2020,10,176,Ending Stocks,21,(MT),0.0
577400,"Almonds, Shelled Basis",ID,Indonesia,2001,2020,10,88,Exports,21,(MT),0.0
577400,"Almonds, Shelled Basis",ID,Indonesia,2001,2020,10,57,Imports,21,(MT),0.0
577400,"Almonds, Shelled Basis",ID,Indonesia,2001,2020,10,28,Production,21,(MT),0.0
577400,"Almonds, Shelled Basis",ID,Indonesia,2001,2020,10,178,Total Distribution,21,(MT),0.0
577400,"Almonds, Shelled Basis",ID,Indonesia,2001,2020,10,86,Total Supply,21,(MT),0.0
577400,"Almonds, Shelled Basis",ID,Indonesia,2002,2020,10,20,Beginning Stocks,21,(MT),0.0
577400,"Almonds, Shelled Basis",ID,Indonesia,2002,2020,10,125,Domestic Consumption,21,(MT),0.0
577400,"Almonds, Shelled Basis",ID,Indonesia,2002,2020,10,176,Ending Stocks,21,(MT),0.0
577400,"Almonds, Shelled Basis",ID,Indonesia,2002,2020,10,88,Exports,21,(MT),0.0
577400,"Almonds, Shelled Basis",ID,Indonesia,2002,2020,10,57,Imports,21,(MT),0.0
577400,"Almonds, Shelled Basis",ID,Indonesia,2002,2020,10,28,Production,21,(MT),0.0
577400,"Almonds, Shelled Basis",ID,Indonesia,2002,2020,10,178,Total Distribution,21,(MT),0.0
577400,"Almonds, Shelled Basis",ID,Indonesia,2002,2020,10,86,Total Supply,21,(MT),0.0
577400,"Almonds, Shelled Basis",ID,Indonesia,2003,2020,10,20,Beginning Stocks,21,(MT),0.0
577400,"Almonds, Shelled Basis",ID,Indonesia,2003,2020,10,125,Domestic Consumption,21,(MT),0.0
577400,"Almonds, Shelled Basis",ID,Indonesia,2003,2020,10,176,Ending Stocks,21,(MT),0.0
577400,"Almonds, Shelled Basis",ID,Indonesia,2003,2020,10,88,Exports,21,(MT),0.0
577400,"Almonds, Shelled Basis",ID,Indonesia,2003,2020,10,57,Imports,21,(MT),0.0
577400,"Almonds, Shelled Basis",ID,Indonesia,2003,2020,10,28,Production,21,(MT),0.0
577400,"Almonds, Shelled Basis",ID,Indonesia,2003,2020,10,178,Total Distribution,21,(MT),0.0
577400,"Almonds, Shelled Basis",ID,Indonesia,2003,2020,10,86,Total Supply,21,(MT),0.0
577400,"Almonds, Shelled Basis",ID,Indonesia,2004,2020,10,20,Beginning Stocks,21,(MT),0.0
577400,"Almonds, Shelled Basis",ID,Indonesia,2004,2020,10,125,Domestic Consumption,21,(MT),0.0
577400,"Almonds, Shelled Basis",ID,Indonesia,2004,2020,10,176,Ending Stocks,21,(MT),0.0
577400,"Almonds, Shelled Basis",ID,Indonesia,2004,2020,10,88,Exports,21,(MT),0.0
577400,"Almonds, Shelled Basis",ID,Indonesia,2004,2020,10,57,Imports,21,(MT),0.0
577400,"Almonds, Shelled Basis",ID,Indonesia,2004,2020,10,28,Production,21,(MT),0.0
577400,"Almonds, Shelled Basis",ID,Indonesia,2004,2020,10,178,Total Distribution,21,(MT),0.0
577400,"Almonds, Shelled Basis",ID,Indonesia,2004,2020,10,86,Total Supply,21,(MT),0.0
577400,"Almonds, Shelled Basis",ID,Indonesia,2005,2020,10,20,Beginning Stocks,21,(MT),0.0
577400,"Almonds, Shelled Basis",ID,Indonesia,2005,2020,10,125,Domestic Consumption,21,(MT),0.0
577400,"Almonds, Shelled Basis",ID,Indonesia,2005,2020,10,176,Ending Stocks,21,(MT),0.0
577400,"Almonds, Shelled Basis",ID,Indonesia,2005,2020,10,88,Exports,21,(MT),0.0
577400,"Almonds, Shelled Basis",ID,Indonesia,2005,2020,10,57,Imports,21,(MT),0.0
577400,"Almonds, Shelled Basis",ID,Indonesia,2005,2020,10,28,Production,21,(MT),0.0
577400,"Almonds, Shelled Basis",ID,Indonesia,2005,2020,10,178,Total Distribution,21,(MT),0.0
577400,"Almonds, Shelled Basis",ID,Indonesia,2005,2020,10,86,Total Supply,21,(MT),0.0
577400,"Almonds, Shelled Basis",ID,Indonesia,2006,2020,10,20,Beginning Stocks,21,(MT),0.0
577400,"Almonds, Shelled Basis",ID,Indonesia,2006,2020,10,125,Domestic Consumption,21,(MT),0.0
577400,"Almonds, Shelled Basis",ID,Indonesia,2006,2020,10,176,Ending Stocks,21,(MT),0.0
577400,"Almonds, Shelled Basis",ID,Indonesia,2006,2020,10,88,Exports,21,(MT),0.0
577400,"Almonds, Shelled Basis",ID,Indonesia,2006,2020,10,57,Imports,21,(MT),0.0
577400,"Almonds, Shelled Basis",ID,Indonesia,2006,2020,10,28,Production,21,(MT),0.0
577400,"Almonds, Shelled Basis",ID,Indonesia,2006,2020,10,178,Total Distribution,21,(MT),0.0
577400,"Almonds, Shelled Basis",ID,Indonesia,2006,2020,10,86,Total Supply,21,(MT),0.0
577400,"Almonds, Shelled Basis",ID,Indonesia,2007,2020,10,20,Beginning Stocks,21,(MT),0.0
577400,"Almonds, Shelled Basis",ID,Indonesia,2007,2020,10,125,Domestic Consumption,21,(MT),0.0
577400,"Almonds, Shelled Basis",ID,Indonesia,2007,2020,10,176,Ending Stocks,21,(MT),0.0
577400,"Almonds, Shelled Basis",ID,Indonesia,2007,2020,10,88,Exports,21,(MT),0.0
577400,"Almonds, Shelled Basis",ID,Indonesia,2007,2020,10,57,Imports,21,(MT),0.0
577400,"Almonds, Shelled Basis",ID,Indonesia,2007,2020,10,28,Production,21,(MT),0.0
577400,"Almonds, Shelled Basis",ID,Indonesia,2007,2020,10,178,Total Distribution,21,(MT),0.0
577400,"Almonds, Shelled Basis",ID,Indonesia,2007,2020,10,86,Total Supply,21,(MT),0.0
577400,"Almonds, Shelled Basis",ID,Indonesia,2008,2020,10,20,Beginning Stocks,21,(MT),0.0
577400,"Almonds, Shelled Basis",ID,Indonesia,2008,2020,10,125,Domestic Consumption,21,(MT),0.0
577400,"Almonds, Shelled Basis",ID,Indonesia,2008,2020,10,176,Ending Stocks,21,(MT),0.0
577400,"Almonds, Shelled Basis",ID,Indonesia,2008,2020,10,88,Exports,21,(MT),0.0
577400,"Almonds, Shelled Basis",ID,Indonesia,2008,2020,10,57,Imports,21,(MT),0.0
577400,"Almonds, Shelled Basis",ID,Indonesia,2008,2020,10,28,Production,21,(MT),0.0
577400,"Almonds, Shelled Basis",ID,Indonesia,2008,2020,10,178,Total Distribution,21,(MT),0.0
577400,"Almonds, Shelled Basis",ID,Indonesia,2008,2020,10,86,Total Supply,21,(MT),0.0
577400,"Almonds, Shelled Basis",ID,Indonesia,2009,2020,10,20,Beginning Stocks,21,(MT),0.0
577400,"Almonds, Shelled Basis",ID,Indonesia,2009,2020,10,125,Domestic Consumption,21,(MT),0.0
577400,"Almonds, Shelled Basis",ID,Indonesia,2009,2020,10,176,Ending Stocks,21,(MT),0.0
577400,"Almonds, Shelled Basis",ID,Indonesia,2009,2020,10,88,Exports,21,(MT),0.0
577400,"Almonds, Shelled Basis",ID,Indonesia,2009,2020,10,57,Imports,21,(MT),0.0
577400,"Almonds, Shelled Basis",ID,Indonesia,2009,2020,10,28,Production,21,(MT),0.0
577400,"Almonds, Shelled Basis",ID,Indonesia,2009,2020,10,178,Total Distribution,21,(MT),0.0
577400,"Almonds, Shelled Basis",ID,Indonesia,2009,2020,10,86,Total Supply,21,(MT),0.0
577400,"Almonds, Shelled Basis",ID,Indonesia,2010,2020,10,20,Beginning Stocks,21,(MT),0.0
577400,"Almonds, Shelled Basis",ID,Indonesia,2010,2020,10,125,Domestic Consumption,21,(MT),700.0
577400,"Almonds, Shelled Basis",ID,Indonesia,2010,2020,10,176,Ending Stocks,21,(MT),0.0
577400,"Almonds, Shelled Basis",ID,Indonesia,2010,2020,10,88,Exports,21,(MT),0.0
577400,"Almonds, Shelled Basis",ID,Indonesia,2010,2020,10,57,Imports,21,(MT),700.0
577400,"Almonds, Shelled Basis",ID,Indonesia,2010,2020,10,28,Production,21,(MT),0.0
577400,"Almonds, Shelled Basis",ID,Indonesia,2010,2020,10,178,Total Distribution,21,(MT),700.0
577400,"Almonds, Shelled Basis",ID,Indonesia,2010,2020,10,86,Total Supply,21,(MT),700.0
577400,"Almonds, Shelled Basis",ID,Indonesia,2011,2020,10,20,Beginning Stocks,21,(MT),0.0
577400,"Almonds, Shelled Basis",ID,Indonesia,2011,2020,10,125,Domestic Consumption,21,(MT),800.0
577400,"Almonds, Shelled Basis",ID,Indonesia,2011,2020,10,176,Ending Stocks,21,(MT),0.0
577400,"Almonds, Shelled Basis",ID,Indonesia,2011,2020,10,88,Exports,21,(MT),0.0
577400,"Almonds, Shelled Basis",ID,Indonesia,2011,2020,10,57,Imports,21,(MT),800.0
577400,"Almonds, Shelled Basis",ID,Indonesia,2011,2020,10,28,Production,21,(MT),0.0
577400,"Almonds, Shelled Basis",ID,Indonesia,2011,2020,10,178,Total Distribution,21,(MT),800.0
577400,"Almonds, Shelled Basis",ID,Indonesia,2011,2020,10,86,Total Supply,21,(MT),800.0
577400,"Almonds, Shelled Basis",ID,Indonesia,2012,2020,10,20,Beginning Stocks,21,(MT),0.0
577400,"Almonds, Shelled Basis",ID,Indonesia,2012,2020,10,125,Domestic Consumption,21,(MT),1100.0
577400,"Almonds, Shelled Basis",ID,Indonesia,2012,2020,10,176,Ending Stocks,21,(MT),0.0
577400,"Almonds, Shelled Basis",ID,Indonesia,2012,2020,10,88,Exports,21,(MT),0.0
577400,"Almonds, Shelled Basis",ID,Indonesia,2012,2020,10,57,Imports,21,(MT),1100.0
577400,"Almonds, Shelled Basis",ID,Indonesia,2012,2020,10,28,Production,21,(MT),0.0
577400,"Almonds, Shelled Basis",ID,Indonesia,2012,2020,10,178,Total Distribution,21,(MT),1100.0
577400,"Almonds, Shelled Basis",ID,Indonesia,2012,2020,10,86,Total Supply,21,(MT),1100.0
577400,"Almonds, Shelled Basis",ID,Indonesia,2013,2020,10,20,Beginning Stocks,21,(MT),0.0
577400,"Almonds, Shelled Basis",ID,Indonesia,2013,2020,10,125,Domestic Consumption,21,(MT),1000.0
577400,"Almonds, Shelled Basis",ID,Indonesia,2013,2020,10,176,Ending Stocks,21,(MT),0.0
577400,"Almonds, Shelled Basis",ID,Indonesia,2013,2020,10,88,Exports,21,(MT),0.0
577400,"Almonds, Shelled Basis",ID,Indonesia,2013,2020,10,57,Imports,21,(MT),1000.0
577400,"Almonds, Shelled Basis",ID,Indonesia,2013,2020,10,28,Production,21,(MT),0.0
577400,"Almonds, Shelled Basis",ID,Indonesia,2013,2020,10,178,Total Distribution,21,(MT),1000.0
577400,"Almonds, Shelled Basis",ID,Indonesia,2013,2020,10,86,Total Supply,21,(MT),1000.0
577400,"Almonds, Shelled Basis",ID,Indonesia,2014,2020,10,20,Beginning Stocks,21,(MT),0.0
577400,"Almonds, Shelled Basis",ID,Indonesia,2014,2020,10,125,Domestic Consumption,21,(MT),1200.0
577400,"Almonds, Shelled Basis",ID,Indonesia,2014,2020,10,176,Ending Stocks,21,(MT),0.0
577400,"Almonds, Shelled Basis",ID,Indonesia,2014,2020,10,88,Exports,21,(MT),0.0
577400,"Almonds, Shelled Basis",ID,Indonesia,2014,2020,10,57,Imports,21,(MT),1200.0
577400,"Almonds, Shelled Basis",ID,Indonesia,2014,2020,10,28,Production,21,(MT),0.0
577400,"Almonds, Shelled Basis",ID,Indonesia,2014,2020,10,178,Total Distribution,21,(MT),1200.0
577400,"Almonds, Shelled Basis",ID,Indonesia,2014,2020,10,86,Total Supply,21,(MT),1200.0
577400,"Almonds, Shelled Basis",ID,Indonesia,2015,2020,10,20,Beginning Stocks,21,(MT),0.0
577400,"Almonds, Shelled Basis",ID,Indonesia,2015,2020,10,125,Domestic Consumption,21,(MT),1500.0
577400,"Almonds, Shelled Basis",ID,Indonesia,2015,2020,10,176,Ending Stocks,21,(MT),0.0
577400,"Almonds, Shelled Basis",ID,Indonesia,2015,2020,10,88,Exports,21,(MT),0.0
577400,"Almonds, Shelled Basis",ID,Indonesia,2015,2020,10,57,Imports,21,(MT),1500.0
577400,"Almonds, Shelled Basis",ID,Indonesia,2015,2020,10,28,Production,21,(MT),0.0
577400,"Almonds, Shelled Basis",ID,Indonesia,2015,2020,10,178,Total Distribution,21,(MT),1500.0
577400,"Almonds, Shelled Basis",ID,Indonesia,2015,2020,10,86,Total Supply,21,(MT),1500.0
577400,"Almonds, Shelled Basis",ID,Indonesia,2016,2020,10,20,Beginning Stocks,21,(MT),0.0
577400,"Almonds, Shelled Basis",ID,Indonesia,2016,2020,10,125,Domestic Consumption,21,(MT),1400.0
577400,"Almonds, Shelled Basis",ID,Indonesia,2016,2020,10,176,Ending Stocks,21,(MT),0.0
577400,"Almonds, Shelled Basis",ID,Indonesia,2016,2020,10,88,Exports,21,(MT),0.0
577400,"Almonds, Shelled Basis",ID,Indonesia,2016,2020,10,57,Imports,21,(MT),1400.0
577400,"Almonds, Shelled Basis",ID,Indonesia,2016,2020,10,28,Production,21,(MT),0.0
577400,"Almonds, Shelled Basis",ID,Indonesia,2016,2020,10,178,Total Distribution,21,(MT),1400.0
577400,"Almonds, Shelled Basis",ID,Indonesia,2016,2020,10,86,Total Supply,21,(MT),1400.0
577400,"Almonds, Shelled Basis",ID,Indonesia,2017,2020,10,20,Beginning Stocks,21,(MT),0.0
577400,"Almonds, Shelled Basis",ID,Indonesia,2017,2020,10,125,Domestic Consumption,21,(MT),1700.0
577400,"Almonds, Shelled Basis",ID,Indonesia,2017,2020,10,176,Ending Stocks,21,(MT),0.0
577400,"Almonds, Shelled Basis",ID,Indonesia,2017,2020,10,88,Exports,21,(MT),0.0
577400,"Almonds, Shelled Basis",ID,Indonesia,2017,2020,10,57,Imports,21,(MT),1700.0
577400,"Almonds, Shelled Basis",ID,Indonesia,2017,2020,10,28,Production,21,(MT),0.0
577400,"Almonds, Shelled Basis",ID,Indonesia,2017,2020,10,178,Total Distribution,21,(MT),1700.0
577400,"Almonds, Shelled Basis",ID,Indonesia,2017,2020,10,86,Total Supply,21,(MT),1700.0
577400,"Almonds, Shelled Basis",ID,Indonesia,2018,2020,10,20,Beginning Stocks,21,(MT),0.0
577400,"Almonds, Shelled Basis",ID,Indonesia,2018,2020,10,125,Domestic Consumption,21,(MT),2500.0
577400,"Almonds, Shelled Basis",ID,Indonesia,2018,2020,10,176,Ending Stocks,21,(MT),0.0
577400,"Almonds, Shelled Basis",ID,Indonesia,2018,2020,10,88,Exports,21,(MT),0.0
577400,"Almonds, Shelled Basis",ID,Indonesia,2018,2020,10,57,Imports,21,(MT),2500.0
577400,"Almonds, Shelled Basis",ID,Indonesia,2018,2020,10,28,Production,21,(MT),0.0
577400,"Almonds, Shelled Basis",ID,Indonesia,2018,2020,10,178,Total Distribution,21,(MT),2500.0
577400,"Almonds, Shelled Basis",ID,Indonesia,2018,2020,10,86,Total Supply,21,(MT),2500.0
577400,"Almonds, Shelled Basis",ID,Indonesia,2019,2020,10,20,Beginning Stocks,21,(MT),0.0
577400,"Almonds, Shelled Basis",ID,Indonesia,2019,2020,10,125,Domestic Consumption,21,(MT),2000.0
577400,"Almonds, Shelled Basis",ID,Indonesia,2019,2020,10,176,Ending Stocks,21,(MT),0.0
577400,"Almonds, Shelled Basis",ID,Indonesia,2019,2020,10,88,Exports,21,(MT),0.0
577400,"Almonds, Shelled Basis",ID,Indonesia,2019,2020,10,57,Imports,21,(MT),2000.0
577400,"Almonds, Shelled Basis",ID,Indonesia,2019,2020,10,28,Production,21,(MT),0.0
577400,"Almonds, Shelled Basis",ID,Indonesia,2019,2020,10,178,Total Distribution,21,(MT),2000.0
577400,"Almonds, Shelled Basis",ID,Indonesia,2019,2020,10,86,Total Supply,21,(MT),2000.0
577400,"Almonds, Shelled Basis",ID,Indonesia,2020,2020,10,20,Beginning Stocks,21,(MT),0.0
577400,"Almonds, Shelled Basis",ID,Indonesia,2020,2020,10,125,Domestic Consumption,21,(MT),2300.0
577400,"Almonds, Shelled Basis",ID,Indonesia,2020,2020,10,176,Ending Stocks,21,(MT),0.0
577400,"Almonds, Shelled Basis",ID,Indonesia,2020,2020,10,88,Exports,21,(MT),0.0
577400,"Almonds, Shelled Basis",ID,Indonesia,2020,2020,10,57,Imports,21,(MT),2300.0
577400,"Almonds, Shelled Basis",ID,Indonesia,2020,2020,10,28,Production,21,(MT),0.0
577400,"Almonds, Shelled Basis",ID,Indonesia,2020,2020,10,178,Total Distribution,21,(MT),2300.0
577400,"Almonds, Shelled Basis",ID,Indonesia,2020,2020,10,86,Total Supply,21,(MT),2300.0
577400,"Almonds, Shelled Basis",IR,Iran,1960,1961,0,20,Beginning Stocks,21,(MT),0.0
577400,"Almonds, Shelled Basis",IR,Iran,1960,1961,0,125,Domestic Consumption,21,(MT),0.0
577400,"Almonds, Shelled Basis",IR,Iran,1960,1961,0,176,Ending Stocks,21,(MT),0.0
577400,"Almonds, Shelled Basis",IR,Iran,1960,1961,0,88,Exports,21,(MT),0.0
577400,"Almonds, Shelled Basis",IR,Iran,1960,1961,0,57,Imports,21,(MT),0.0
577400,"Almonds, Shelled Basis",IR,Iran,1960,1961,0,28,Production,21,(MT),4.0
577400,"Almonds, Shelled Basis",IR,Iran,1960,1961,0,178,Total Distribution,21,(MT),0.0
577400,"Almonds, Shelled Basis",IR,Iran,1960,1961,0,86,Total Supply,21,(MT),4.0
577400,"Almonds, Shelled Basis",IR,Iran,1961,1962,0,20,Beginning Stocks,21,(MT),0.0
577400,"Almonds, Shelled Basis",IR,Iran,1961,1962,0,125,Domestic Consumption,21,(MT),0.0
577400,"Almonds, Shelled Basis",IR,Iran,1961,1962,0,176,Ending Stocks,21,(MT),0.0
577400,"Almonds, Shelled Basis",IR,Iran,1961,1962,0,88,Exports,21,(MT),0.0
577400,"Almonds, Shelled Basis",IR,Iran,1961,1962,0,57,Imports,21,(MT),0.0
577400,"Almonds, Shelled Basis",IR,Iran,1961,1962,0,28,Production,21,(MT),8.0
577400,"Almonds, Shelled Basis",IR,Iran,1961,1962,0,178,Total Distribution,21,(MT),0.0
577400,"Almonds, Shelled Basis",IR,Iran,1961,1962,0,86,Total Supply,21,(MT),8.0
577400,"Almonds, Shelled Basis",IR,Iran,1962,1963,0,20,Beginning Stocks,21,(MT),0.0
577400,"Almonds, Shelled Basis",IR,Iran,1962,1963,0,125,Domestic Consumption,21,(MT),0.0
577400,"Almonds, Shelled Basis",IR,Iran,1962,1963,0,176,Ending Stocks,21,(MT),0.0
577400,"Almonds, Shelled Basis",IR,Iran,1962,1963,0,88,Exports,21,(MT),0.0
577400,"Almonds, Shelled Basis",IR,Iran,1962,1963,0,57,Imports,21,(MT),0.0
577400,"Almonds, Shelled Basis",IR,Iran,1962,1963,0,28,Production,21,(MT),7.0
577400,"Almonds, Shelled Basis",IR,Iran,1962,1963,0,178,Total Distribution,21,(MT),0.0
577400,"Almonds, Shelled Basis",IR,Iran,1962,1963,0,86,Total Supply,21,(MT),7.0
577400,"Almonds, Shelled Basis",IR,Iran,1964,1965,0,20,Beginning Stocks,21,(MT),0.0
577400,"Almonds, Shelled Basis",IR,Iran,1964,1965,0,125,Domestic Consumption,21,(MT),0.0
577400,"Almonds, Shelled Basis",IR,Iran,1964,1965,0,176,Ending Stocks,21,(MT),1300.0
577400,"Almonds, Shelled Basis",IR,Iran,1964,1965,0,88,Exports,21,(MT),0.0
577400,"Almonds, Shelled Basis",IR,Iran,1964,1965,0,57,Imports,21,(MT),0.0
577400,"Almonds, Shelled Basis",IR,Iran,1964,1965,0,28,Production,21,(MT),1300.0
577400,"Almonds, Shelled Basis",IR,Iran,1964,1965,0,178,Total Distribution,21,(MT),1300.0
577400,"Almonds, Shelled Basis",IR,Iran,1964,1965,0,86,Total Supply,21,(MT),1300.0
577400,"Almonds, Shelled Basis",IR,Iran,1965,1966,0,20,Beginning Stocks,21,(MT),1300.0
577400,"Almonds, Shelled Basis",IR,Iran,1965,1966,0,125,Domestic Consumption,21,(MT),3300.0
577400,"Almonds, Shelled Basis",IR,Iran,1965,1966,0,176,Ending Stocks,21,(MT),1500.0
577400,"Almonds, Shelled Basis",IR,Iran,1965,1966,0,88,Exports,21,(MT),3500.0
577400,"Almonds, Shelled Basis",IR,Iran,1965,1966,0,57,Imports,21,(MT),0.0
577400,"Almonds, Shelled Basis",IR,Iran,1965,1966,0,28,Production,21,(MT),7000.0
577400,"Almonds, Shelled Basis",IR,Iran,1965,1966,0,178,Total Distribution,21,(MT),8300.0
577400,"Almonds, Shelled Basis",IR,Iran,1965,1966,0,86,Total Supply,21,(MT),8300.0
577400,"Almonds, Shelled Basis",IR,Iran,1966,1967,0,20,Beginning Stocks,21,(MT),1500.0
577400,"Almonds, Shelled Basis",IR,Iran,1966,1967,0,125,Domestic Consumption,21,(MT),1500.0
577400,"Almonds, Shelled Basis",IR,Iran,1966,1967,0,176,Ending Stocks,21,(MT),500.0
577400,"Almonds, Shelled Basis",IR,Iran,1966,1967,0,88,Exports,21,(MT),1000.0
577400,"Almonds, Shelled Basis",IR,Iran,1966,1967,0,57,Imports,21,(MT),0.0
577400,"Almonds, Shelled Basis",IR,Iran,1966,1967,0,28,Production,21,(MT),1500.0
577400,"Almonds, Shelled Basis",IR,Iran,1966,1967,0,178,Total Distribution,21,(MT),3000.0
577400,"Almonds, Shelled Basis",IR,Iran,1966,1967,0,86,Total Supply,21,(MT),3000.0
577400,"Almonds, Shelled Basis",IR,Iran,1967,1968,0,20,Beginning Stocks,21,(MT),500.0
577400,"Almonds, Shelled Basis",IR,Iran,1967,1968,0,125,Domestic Consumption,21,(MT),2500.0
577400,"Almonds, Shelled Basis",IR,Iran,1967,1968,0,176,Ending Stocks,21,(MT),1000.0
577400,"Almonds, Shelled Basis",IR,Iran,1967,1968,0,88,Exports,21,(MT),2000.0
577400,"Almonds, Shelled Basis",IR,Iran,1967,1968,0,57,Imports,21,(MT),0.0
577400,"Almonds, Shelled Basis",IR,Iran,1967,1968,0,28,Production,21,(MT),5000.0
577400,"Almonds, Shelled Basis",IR,Iran,1967,1968,0,178,Total Distribution,21,(MT),5500.0
577400,"Almonds, Shelled Basis",IR,Iran,1967,1968,0,86,Total Supply,21,(MT),5500.0
577400,"Almonds, Shelled Basis",IR,Iran,1968,1969,0,20,Beginning Stocks,21,(MT),1000.0
577400,"Almonds, Shelled Basis",IR,Iran,1968,1969,0,125,Domestic Consumption,21,(MT),4658.0
577400,"Almonds, Shelled Basis",IR,Iran,1968,1969,0,176,Ending Stocks,21,(MT),100.0
577400,"Almonds, Shelled Basis",IR,Iran,1968,1969,0,88,Exports,21,(MT),3500.0
577400,"Almonds, Shelled Basis",IR,Iran,1968,1969,0,57,Imports,21,(MT),0.0
577400,"Almonds, Shelled Basis",IR,Iran,1968,1969,0,28,Production,21,(MT),7258.0
577400,"Almonds, Shelled Basis",IR,Iran,1968,1969,0,178,Total Distribution,21,(MT),8258.0
577400,"Almonds, Shelled Basis",IR,Iran,1968,1969,0,86,Total Supply,21,(MT),8258.0
577400,"Almonds, Shelled Basis",IR,Iran,1969,1970,0,20,Beginning Stocks,21,(MT),100.0
577400,"Almonds, Shelled Basis",IR,Iran,1969,1970,0,125,Domestic Consumption,21,(MT),1200.0
577400,"Almonds, Shelled Basis",IR,Iran,1969,1970,0,176,Ending Stocks,21,(MT),100.0
577400,"Almonds, Shelled Basis",IR,Iran,1969,1970,0,88,Exports,21,(MT),4300.0
577400,"Almonds, Shelled Basis",IR,Iran,1969,1970,0,57,Imports,21,(MT),0.0
577400,"Almonds, Shelled Basis",IR,Iran,1969,1970,0,28,Production,21,(MT),5500.0
577400,"Almonds, Shelled Basis",IR,Iran,1969,1970,0,178,Total Distribution,21,(MT),5600.0
577400,"Almonds, Shelled Basis",IR,Iran,1969,1970,0,86,Total Supply,21,(MT),5600.0
577400,"Almonds, Shelled Basis",IR,Iran,1970,1971,0,20,Beginning Stocks,21,(MT),100.0
577400,"Almonds, Shelled Basis",IR,Iran,1970,1971,0,125,Domestic Consumption,21,(MT),3300.0
577400,"Almonds, Shelled Basis",IR,Iran,1970,1971,0,176,Ending Stocks,21,(MT),1000.0
577400,"Almonds, Shelled Basis",IR,Iran,1970,1971,0,88,Exports,21,(MT),5800.0
577400,"Almonds, Shelled Basis",IR,Iran,1970,1971,0,57,Imports,21,(MT),0.0
577400,"Almonds, Shelled Basis",IR,Iran,1970,1971,0,28,Production,21,(MT),10000.0
577400,"Almonds, Shelled Basis",IR,Iran,1970,1971,0,178,Total Distribution,21,(MT),10100.0
577400,"Almonds, Shelled Basis",IR,Iran,1970,1971,0,86,Total Supply,21,(MT),10100.0
577400,"Almonds, Shelled Basis",IR,Iran,1971,1972,0,20,Beginning Stocks,21,(MT),1000.0
577400,"Almonds, Shelled Basis",IR,Iran,1971,1972,0,125,Domestic Consumption,21,(MT),2500.0
577400,"Almonds, Shelled Basis",IR,Iran,1971,1972,0,176,Ending Stocks,21,(MT),245.0
577400,"Almonds, Shelled Basis",IR,Iran,1971,1972,0,88,Exports,21,(MT),5355.0
577400,"Almonds, Shelled Basis",IR,Iran,1971,1972,0,57,Imports,21,(MT),0.0
577400,"Almonds, Shelled Basis",IR,Iran,1971,1972,0,28,Production,21,(MT),7100.0
577400,"Almonds, Shelled Basis",IR,Iran,1971,1972,0,178,Total Distribution,21,(MT),8100.0
577400,"Almonds, Shelled Basis",IR,Iran,1971,1972,0,86,Total Supply,21,(MT),8100.0
577400,"Almonds, Shelled Basis",IR,Iran,1972,1973,0,20,Beginning Stocks,21,(MT),245.0
577400,"Almonds, Shelled Basis",IR,Iran,1972,1973,0,125,Domestic Consumption,21,(MT),2645.0
577400,"Almonds, Shelled Basis",IR,Iran,1972,1973,0,176,Ending Stocks,21,(MT),1000.0
577400,"Almonds, Shelled Basis",IR,Iran,1972,1973,0,88,Exports,21,(MT),5600.0
577400,"Almonds, Shelled Basis",IR,Iran,1972,1973,0,57,Imports,21,(MT),0.0
577400,"Almonds, Shelled Basis",IR,Iran,1972,1973,0,28,Production,21,(MT),9000.0
577400,"Almonds, Shelled Basis",IR,Iran,1972,1973,0,178,Total Distribution,21,(MT),9245.0
577400,"Almonds, Shelled Basis",IR,Iran,1972,1973,0,86,Total Supply,21,(MT),9245.0
577400,"Almonds, Shelled Basis",IR,Iran,1973,1974,0,20,Beginning Stocks,21,(MT),1000.0
577400,"Almonds, Shelled Basis",IR,Iran,1973,1974,0,125,Domestic Consumption,21,(MT),2600.0
577400,"Almonds, Shelled Basis",IR,Iran,1973,1974,0,176,Ending Stocks,21,(MT),1000.0
577400,"Almonds, Shelled Basis",IR,Iran,1973,1974,0,88,Exports,21,(MT),5500.0
577400,"Almonds, Shelled Basis",IR,Iran,1973,1974,0,57,Imports,21,(MT),0.0
577400,"Almonds, Shelled Basis",IR,Iran,1973,1974,0,28,Production,21,(MT),8100.0
577400,"Almonds, Shelled Basis",IR,Iran,1973,1974,0,178,Total Distribution,21,(MT),9100.0
577400,"Almonds, Shelled Basis",IR,Iran,1973,1974,0,86,Total Supply,21,(MT),9100.0
577400,"Almonds, Shelled Basis",IR,Iran,1974,1975,0,20,Beginning Stocks,21,(MT),1000.0
577400,"Almonds, Shelled Basis",IR,Iran,1974,1975,0,125,Domestic Consumption,21,(MT),5800.0
577400,"Almonds, Shelled Basis",IR,Iran,1974,1975,0,176,Ending Stocks,21,(MT),1200.0
577400,"Almonds, Shelled Basis",IR,Iran,1974,1975,0,88,Exports,21,(MT),2500.0
577400,"Almonds, Shelled Basis",IR,Iran,1974,1975,0,57,Imports,21,(MT),0.0
577400,"Almonds, Shelled Basis",IR,Iran,1974,1975,0,28,Production,21,(MT),8500.0
577400,"Almonds, Shelled Basis",IR,Iran,1974,1975,0,178,Total Distribution,21,(MT),9500.0
577400,"Almonds, Shelled Basis",IR,Iran,1974,1975,0,86,Total Supply,21,(MT),9500.0
577400,"Almonds, Shelled Basis",IR,Iran,1975,1976,0,20,Beginning Stocks,21,(MT),1200.0
577400,"Almonds, Shelled Basis",IR,Iran,1975,1976,0,125,Domestic Consumption,21,(MT),5800.0
577400,"Almonds, Shelled Basis",IR,Iran,1975,1976,0,176,Ending Stocks,21,(MT),1650.0
577400,"Almonds, Shelled Basis",IR,Iran,1975,1976,0,88,Exports,21,(MT),2000.0
577400,"Almonds, Shelled Basis",IR,Iran,1975,1976,0,57,Imports,21,(MT),0.0
577400,"Almonds, Shelled Basis",IR,Iran,1975,1976,0,28,Production,21,(MT),8250.0
577400,"Almonds, Shelled Basis",IR,Iran,1975,1976,0,178,Total Distribution,21,(MT),9450.0
577400,"Almonds, Shelled Basis",IR,Iran,1975,1976,0,86,Total Supply,21,(MT),9450.0
577400,"Almonds, Shelled Basis",IR,Iran,1976,1977,0,20,Beginning Stocks,21,(MT),1650.0
577400,"Almonds, Shelled Basis",IR,Iran,1976,1977,0,125,Domestic Consumption,21,(MT),6050.0
577400,"Almonds, Shelled Basis",IR,Iran,1976,1977,0,176,Ending Stocks,21,(MT),750.0
577400,"Almonds, Shelled Basis",IR,Iran,1976,1977,0,88,Exports,21,(MT),1850.0
577400,"Almonds, Shelled Basis",IR,Iran,1976,1977,0,57,Imports,21,(MT),0.0
577400,"Almonds, Shelled Basis",IR,Iran,1976,1977,0,28,Production,21,(MT),7000.0
577400,"Almonds, Shelled Basis",IR,Iran,1976,1977,0,178,Total Distribution,21,(MT),8650.0
577400,"Almonds, Shelled Basis",IR,Iran,1976,1977,0,86,Total Supply,21,(MT),8650.0
577400,"Almonds, Shelled Basis",IR,Iran,1977,1978,0,20,Beginning Stocks,21,(MT),750.0
577400,"Almonds, Shelled Basis",IR,Iran,1977,1978,0,125,Domestic Consumption,21,(MT),6150.0
577400,"Almonds, Shelled Basis",IR,Iran,1977,1978,0,176,Ending Stocks,21,(MT),600.0
577400,"Almonds, Shelled Basis",IR,Iran,1977,1978,0,88,Exports,21,(MT),2000.0
577400,"Almonds, Shelled Basis",IR,Iran,1977,1978,0,57,Imports,21,(MT),0.0
577400,"Almonds, Shelled Basis",IR,Iran,1977,1978,0,28,Production,21,(MT),8000.0
577400,"Almonds, Shelled Basis",IR,Iran,1977,1978,0,178,Total Distribution,21,(MT),8750.0
577400,"Almonds, Shelled Basis",IR,Iran,1977,1978,0,86,Total Supply,21,(MT),8750.0
577400,"Almonds, Shelled Basis",IR,Iran,1978,1979,0,20,Beginning Stocks,21,(MT),600.0
577400,"Almonds, Shelled Basis",IR,Iran,1978,1979,0,125,Domestic Consumption,21,(MT),5000.0
577400,"Almonds, Shelled Basis",IR,Iran,1978,1979,0,176,Ending Stocks,21,(MT),600.0
577400,"Almonds, Shelled Basis",IR,Iran,1978,1979,0,88,Exports,21,(MT),2500.0
577400,"Almonds, Shelled Basis",IR,Iran,1978,1979,0,57,Imports,21,(MT),0.0
577400,"Almonds, Shelled Basis",IR,Iran,1978,1979,0,28,Production,21,(MT),7500.0
577400,"Almonds, Shelled Basis",IR,Iran,1978,1979,0,178,Total Distribution,21,(MT),8100.0
577400,"Almonds, Shelled Basis",IR,Iran,1978,1979,0,86,Total Supply,21,(MT),8100.0
577400,"Almonds, Shelled Basis",IR,Iran,1979,1980,0,20,Beginning Stocks,21,(MT),600.0
577400,"Almonds, Shelled Basis",IR,Iran,1979,1980,0,125,Domestic Consumption,21,(MT),5500.0
577400,"Almonds, Shelled Basis",IR,Iran,1979,1980,0,176,Ending Stocks,21,(MT),100.0
577400,"Almonds, Shelled Basis",IR,Iran,1979,1980,0,88,Exports,21,(MT),2000.0
577400,"Almonds, Shelled Basis",IR,Iran,1979,1980,0,57,Imports,21,(MT),0.0
577400,"Almonds, Shelled Basis",IR,Iran,1979,1980,0,28,Production,21,(MT),7000.0
577400,"Almonds, Shelled Basis",IR,Iran,1979,1980,0,178,Total Distribution,21,(MT),7600.0
577400,"Almonds, Shelled Basis",IR,Iran,1979,1980,0,86,Total Supply,21,(MT),7600.0
577400,"Almonds, Shelled Basis",IR,Iran,1980,1981,0,20,Beginning Stocks,21,(MT),600.0
577400,"Almonds, Shelled Basis",IR,Iran,1980,1981,0,125,Domestic Consumption,21,(MT),4000.0
577400,"Almonds, Shelled Basis",IR,Iran,1980,1981,0,176,Ending Stocks,21,(MT),100.0
577400,"Almonds, Shelled Basis",IR,Iran,1980,1981,0,88,Exports,21,(MT),2000.0
577400,"Almonds, Shelled Basis",IR,Iran,1980,1981,0,57,Imports,21,(MT),0.0
577400,"Almonds, Shelled Basis",IR,Iran,1980,1981,0,28,Production,21,(MT),5500.0
577400,"Almonds, Shelled Basis",IR,Iran,1980,1981,0,178,Total Distribution,21,(MT),6100.0
577400,"Almonds, Shelled Basis",IR,Iran,1980,1981,0,86,Total Supply,21,(MT),6100.0
577400,"Almonds, Shelled Basis",IR,Iran,1981,1982,0,20,Beginning Stocks,21,(MT),100.0
577400,"Almonds, Shelled Basis",IR,Iran,1981,1982,0,125,Domestic Consumption,21,(MT),0.0
577400,"Almonds, Shelled Basis",IR,Iran,1981,1982,0,176,Ending Stocks,21,(MT),100.0
577400,"Almonds, Shelled Basis",IR,Iran,1981,1982,0,88,Exports,21,(MT),0.0
577400,"Almonds, Shelled Basis",IR,Iran,1981,1982,0,57,Imports,21,(MT),0.0
577400,"Almonds, Shelled Basis",IR,Iran,1981,1982,0,28,Production,21,(MT),0.0
577400,"Almonds, Shelled Basis",IR,Iran,1981,1982,0,178,Total Distribution,21,(MT),100.0
577400,"Almonds, Shelled Basis",IR,Iran,1981,1982,0,86,Total Supply,21,(MT),100.0
577400,"Almonds, Shelled Basis",IR,Iran,2004,2009,8,20,Beginning Stocks,21,(MT),0.0
577400,"Almonds, Shelled Basis",IR,Iran,2004,2009,8,125,Domestic Consumption,21,(MT),0.0
577400,"Almonds, Shelled Basis",IR,Iran,2004,2009,8,176,Ending Stocks,21,(MT),0.0
577400,"Almonds, Shelled Basis",IR,Iran,2004,2009,8,88,Exports,21,(MT),0.0
577400,"Almonds, Shelled Basis",IR,Iran,2004,2009,8,57,Imports,21,(MT),0.0
577400,"Almonds, Shelled Basis",IR,Iran,2004,2009,8,28,Production,21,(MT),0.0
577400,"Almonds, Shelled Basis",IR,Iran,2004,2009,8,178,Total Distribution,21,(MT),0.0
577400,"Almonds, Shelled Basis",IR,Iran,2004,2009,8,86,Total Supply,21,(MT),0.0
577400,"Almonds, Shelled Basis",IR,Iran,2005,2009,8,20,Beginning Stocks,21,(MT),0.0
577400,"Almonds, Shelled Basis",IR,Iran,2005,2009,8,125,Domestic Consumption,21,(MT),0.0
577400,"Almonds, Shelled Basis",IR,Iran,2005,2009,8,176,Ending Stocks,21,(MT),0.0
577400,"Almonds, Shelled Basis",IR,Iran,2005,2009,8,88,Exports,21,(MT),0.0
577400,"Almonds, Shelled Basis",IR,Iran,2005,2009,8,57,Imports,21,(MT),0.0
577400,"Almonds, Shelled Basis",IR,Iran,2005,2009,8,28,Production,21,(MT),0.0
577400,"Almonds, Shelled Basis",IR,Iran,2005,2009,8,178,Total Distribution,21,(MT),0.0
577400,"Almonds, Shelled Basis",IR,Iran,2005,2009,8,86,Total Supply,21,(MT),0.0
577400,"Almonds, Shelled Basis",IR,Iran,2006,2009,8,20,Beginning Stocks,21,(MT),0.0
577400,"Almonds, Shelled Basis",IR,Iran,2006,2009,8,125,Domestic Consumption,21,(MT),0.0
577400,"Almonds, Shelled Basis",IR,Iran,2006,2009,8,176,Ending Stocks,21,(MT),0.0
577400,"Almonds, Shelled Basis",IR,Iran,2006,2009,8,88,Exports,21,(MT),0.0
577400,"Almonds, Shelled Basis",IR,Iran,2006,2009,8,57,Imports,21,(MT),0.0
577400,"Almonds, Shelled Basis",IR,Iran,2006,2009,8,28,Production,21,(MT),0.0
577400,"Almonds, Shelled Basis",IR,Iran,2006,2009,8,178,Total Distribution,21,(MT),0.0
577400,"Almonds, Shelled Basis",IR,Iran,2006,2009,8,86,Total Supply,21,(MT),0.0
577400,"Almonds, Shelled Basis",IR,Iran,2007,2009,8,20,Beginning Stocks,21,(MT),0.0
577400,"Almonds, Shelled Basis",IR,Iran,2007,2009,8,125,Domestic Consumption,21,(MT),0.0
577400,"Almonds, Shelled Basis",IR,Iran,2007,2009,8,176,Ending Stocks,21,(MT),0.0
577400,"Almonds, Shelled Basis",IR,Iran,2007,2009,8,88,Exports,21,(MT),0.0
577400,"Almonds, Shelled Basis",IR,Iran,2007,2009,8,57,Imports,21,(MT),0.0
577400,"Almonds, Shelled Basis",IR,Iran,2007,2009,8,28,Production,21,(MT),0.0
577400,"Almonds, Shelled Basis",IR,Iran,2007,2009,8,178,Total Distribution,21,(MT),0.0
577400,"Almonds, Shelled Basis",IR,Iran,2007,2009,8,86,Total Supply,21,(MT),0.0
577400,"Almonds, Shelled Basis",IR,Iran,2008,2009,8,20,Beginning Stocks,21,(MT),0.0
577400,"Almonds, Shelled Basis",IR,Iran,2008,2009,8,125,Domestic Consumption,21,(MT),0.0
577400,"Almonds, Shelled Basis",IR,Iran,2008,2009,8,176,Ending Stocks,21,(MT),0.0
577400,"Almonds, Shelled Basis",IR,Iran,2008,2009,8,88,Exports,21,(MT),0.0
577400,"Almonds, Shelled Basis",IR,Iran,2008,2009,8,57,Imports,21,(MT),0.0
577400,"Almonds, Shelled Basis",IR,Iran,2008,2009,8,28,Production,21,(MT),0.0
577400,"Almonds, Shelled Basis",IR,Iran,2008,2009,8,178,Total Distribution,21,(MT),0.0
577400,"Almonds, Shelled Basis",IR,Iran,2008,2009,8,86,Total Supply,21,(MT),0.0
577400,"Almonds, Shelled Basis",IR,Iran,2009,2009,8,20,Beginning Stocks,21,(MT),0.0
577400,"Almonds, Shelled Basis",IR,Iran,2009,2009,8,125,Domestic Consumption,21,(MT),0.0
577400,"Almonds, Shelled Basis",IR,Iran,2009,2009,8,176,Ending Stocks,21,(MT),0.0
577400,"Almonds, Shelled Basis",IR,Iran,2009,2009,8,88,Exports,21,(MT),0.0
577400,"Almonds, Shelled Basis",IR,Iran,2009,2009,8,57,Imports,21,(MT),0.0
577400,"Almonds, Shelled Basis",IR,Iran,2009,2009,8,28,Production,21,(MT),0.0
577400,"Almonds, Shelled Basis",IR,Iran,2009,2009,8,178,Total Distribution,21,(MT),0.0
577400,"Almonds, Shelled Basis",IR,Iran,2009,2009,8,86,Total Supply,21,(MT),0.0
577400,"Almonds, Shelled Basis",IR,Iran,2010,2010,10,20,Beginning Stocks,21,(MT),0.0
577400,"Almonds, Shelled Basis",IR,Iran,2010,2010,10,125,Domestic Consumption,21,(MT),0.0
577400,"Almonds, Shelled Basis",IR,Iran,2010,2010,10,176,Ending Stocks,21,(MT),0.0
577400,"Almonds, Shelled Basis",IR,Iran,2010,2010,10,88,Exports,21,(MT),0.0
577400,"Almonds, Shelled Basis",IR,Iran,2010,2010,10,57,Imports,21,(MT),0.0
577400,"Almonds, Shelled Basis",IR,Iran,2010,2010,10,28,Production,21,(MT),0.0
577400,"Almonds, Shelled Basis",IR,Iran,2010,2010,10,178,Total Distribution,21,(MT),0.0
577400,"Almonds, Shelled Basis",IR,Iran,2010,2010,10,86,Total Supply,21,(MT),0.0
577400,"Almonds, Shelled Basis",IR,Iran,2011,2011,10,20,Beginning Stocks,21,(MT),0.0
577400,"Almonds, Shelled Basis",IR,Iran,2011,2011,10,125,Domestic Consumption,21,(MT),0.0
577400,"Almonds, Shelled Basis",IR,Iran,2011,2011,10,176,Ending Stocks,21,(MT),0.0
577400,"Almonds, Shelled Basis",IR,Iran,2011,2011,10,88,Exports,21,(MT),0.0
577400,"Almonds, Shelled Basis",IR,Iran,2011,2011,10,57,Imports,21,(MT),0.0
577400,"Almonds, Shelled Basis",IR,Iran,2011,2011,10,28,Production,21,(MT),0.0
577400,"Almonds, Shelled Basis",IR,Iran,2011,2011,10,178,Total Distribution,21,(MT),0.0
577400,"Almonds, Shelled Basis",IR,Iran,2011,2011,10,86,Total Supply,21,(MT),0.0
577400,"Almonds, Shelled Basis",IR,Iran,2012,2012,10,20,Beginning Stocks,21,(MT),0.0
577400,"Almonds, Shelled Basis",IR,Iran,2012,2012,10,125,Domestic Consumption,21,(MT),0.0
577400,"Almonds, Shelled Basis",IR,Iran,2012,2012,10,176,Ending Stocks,21,(MT),0.0
577400,"Almonds, Shelled Basis",IR,Iran,2012,2012,10,88,Exports,21,(MT),0.0
577400,"Almonds, Shelled Basis",IR,Iran,2012,2012,10,57,Imports,21,(MT),0.0
577400,"Almonds, Shelled Basis",IR,Iran,2012,2012,10,28,Production,21,(MT),0.0
577400,"Almonds, Shelled Basis",IR,Iran,2012,2012,10,178,Total Distribution,21,(MT),0.0
577400,"Almonds, Shelled Basis",IR,Iran,2012,2012,10,86,Total Supply,21,(MT),0.0
577400,"Almonds, Shelled Basis",IR,Iran,2013,2013,10,20,Beginning Stocks,21,(MT),0.0
577400,"Almonds, Shelled Basis",IR,Iran,2013,2013,10,125,Domestic Consumption,21,(MT),0.0
577400,"Almonds, Shelled Basis",IR,Iran,2013,2013,10,176,Ending Stocks,21,(MT),0.0
577400,"Almonds, Shelled Basis",IR,Iran,2013,2013,10,88,Exports,21,(MT),0.0
577400,"Almonds, Shelled Basis",IR,Iran,2013,2013,10,57,Imports,21,(MT),0.0
577400,"Almonds, Shelled Basis",IR,Iran,2013,2013,10,28,Production,21,(MT),0.0
577400,"Almonds, Shelled Basis",IR,Iran,2013,2013,10,178,Total Distribution,21,(MT),0.0
577400,"Almonds, Shelled Basis",IR,Iran,2013,2013,10,86,Total Supply,21,(MT),0.0
577400,"Almonds, Shelled Basis",IR,Iran,2014,2015,3,20,Beginning Stocks,21,(MT),0.0
577400,"Almonds, Shelled Basis",IR,Iran,2014,2015,3,125,Domestic Consumption,21,(MT),0.0
577400,"Almonds, Shelled Basis",IR,Iran,2014,2015,3,176,Ending Stocks,21,(MT),0.0
577400,"Almonds, Shelled Basis",IR,Iran,2014,2015,3,88,Exports,21,(MT),0.0
577400,"Almonds, Shelled Basis",IR,Iran,2014,2015,3,57,Imports,21,(MT),0.0
577400,"Almonds, Shelled Basis",IR,Iran,2014,2015,3,28,Production,21,(MT),0.0
577400,"Almonds, Shelled Basis",IR,Iran,2014,2015,3,178,Total Distribution,21,(MT),0.0
577400,"Almonds, Shelled Basis",IR,Iran,2014,2015,3,86,Total Supply,21,(MT),0.0
577400,"Almonds, Shelled Basis",IR,Iran,2015,2016,8,20,Beginning Stocks,21,(MT),0.0
577400,"Almonds, Shelled Basis",IR,Iran,2015,2016,8,125,Domestic Consumption,21,(MT),0.0
577400,"Almonds, Shelled Basis",IR,Iran,2015,2016,8,176,Ending Stocks,21,(MT),0.0
577400,"Almonds, Shelled Basis",IR,Iran,2015,2016,8,88,Exports,21,(MT),0.0
577400,"Almonds, Shelled Basis",IR,Iran,2015,2016,8,57,Imports,21,(MT),0.0
577400,"Almonds, Shelled Basis",IR,Iran,2015,2016,8,28,Production,21,(MT),0.0
577400,"Almonds, Shelled Basis",IR,Iran,2015,2016,8,178,Total Distribution,21,(MT),0.0
577400,"Almonds, Shelled Basis",IR,Iran,2015,2016,8,86,Total Supply,21,(MT),0.0
577400,"Almonds, Shelled Basis",IR,Iran,2016,2017,2,20,Beginning Stocks,21,(MT),0.0
577400,"Almonds, Shelled Basis",IR,Iran,2016,2017,2,125,Domestic Consumption,21,(MT),0.0
577400,"Almonds, Shelled Basis",IR,Iran,2016,2017,2,176,Ending Stocks,21,(MT),0.0
577400,"Almonds, Shelled Basis",IR,Iran,2016,2017,2,88,Exports,21,(MT),0.0
577400,"Almonds, Shelled Basis",IR,Iran,2016,2017,2,57,Imports,21,(MT),0.0
577400,"Almonds, Shelled Basis",IR,Iran,2016,2017,2,28,Production,21,(MT),0.0
577400,"Almonds, Shelled Basis",IR,Iran,2016,2017,2,178,Total Distribution,21,(MT),0.0
577400,"Almonds, Shelled Basis",IR,Iran,2016,2017,2,86,Total Supply,21,(MT),0.0
577400,"Almonds, Shelled Basis",IR,Iran,2017,2017,10,20,Beginning Stocks,21,(MT),0.0
577400,"Almonds, Shelled Basis",IR,Iran,2017,2017,10,125,Domestic Consumption,21,(MT),0.0
577400,"Almonds, Shelled Basis",IR,Iran,2017,2017,10,176,Ending Stocks,21,(MT),0.0
577400,"Almonds, Shelled Basis",IR,Iran,2017,2017,10,88,Exports,21,(MT),0.0
577400,"Almonds, Shelled Basis",IR,Iran,2017,2017,10,57,Imports,21,(MT),0.0
577400,"Almonds, Shelled Basis",IR,Iran,2017,2017,10,28,Production,21,(MT),0.0
577400,"Almonds, Shelled Basis",IR,Iran,2017,2017,10,178,Total Distribution,21,(MT),0.0
577400,"Almonds, Shelled Basis",IR,Iran,2017,2017,10,86,Total Supply,21,(MT),0.0
577400,"Almonds, Shelled Basis",IR,Iran,2018,2018,10,20,Beginning Stocks,21,(MT),0.0
577400,"Almonds, Shelled Basis",IR,Iran,2018,2018,10,125,Domestic Consumption,21,(MT),0.0
577400,"Almonds, Shelled Basis",IR,Iran,2018,2018,10,176,Ending Stocks,21,(MT),0.0
577400,"Almonds, Shelled Basis",IR,Iran,2018,2018,10,88,Exports,21,(MT),0.0
577400,"Almonds, Shelled Basis",IR,Iran,2018,2018,10,57,Imports,21,(MT),0.0
577400,"Almonds, Shelled Basis",IR,Iran,2018,2018,10,28,Production,21,(MT),0.0
577400,"Almonds, Shelled Basis",IR,Iran,2018,2018,10,178,Total Distribution,21,(MT),0.0
577400,"Almonds, Shelled Basis",IR,Iran,2018,2018,10,86,Total Supply,21,(MT),0.0
577400,"Almonds, Shelled Basis",IR,Iran,2019,2019,10,20,Beginning Stocks,21,(MT),0.0
577400,"Almonds, Shelled Basis",IR,Iran,2019,2019,10,125,Domestic Consumption,21,(MT),0.0
577400,"Almonds, Shelled Basis",IR,Iran,2019,2019,10,176,Ending Stocks,21,(MT),0.0
577400,"Almonds, Shelled Basis",IR,Iran,2019,2019,10,88,Exports,21,(MT),0.0
577400,"Almonds, Shelled Basis",IR,Iran,2019,2019,10,57,Imports,21,(MT),0.0
577400,"Almonds, Shelled Basis",IR,Iran,2019,2019,10,28,Production,21,(MT),0.0
577400,"Almonds, Shelled Basis",IR,Iran,2019,2019,10,178,Total Distribution,21,(MT),0.0
577400,"Almonds, Shelled Basis",IR,Iran,2019,2019,10,86,Total Supply,21,(MT),0.0
577400,"Almonds, Shelled Basis",IR,Iran,2020,2020,10,20,Beginning Stocks,21,(MT),0.0
577400,"Almonds, Shelled Basis",IR,Iran,2020,2020,10,125,Domestic Consumption,21,(MT),0.0
577400,"Almonds, Shelled Basis",IR,Iran,2020,2020,10,176,Ending Stocks,21,(MT),0.0
577400,"Almonds, Shelled Basis",IR,Iran,2020,2020,10,88,Exports,21,(MT),0.0
577400,"Almonds, Shelled Basis",IR,Iran,2020,2020,10,57,Imports,21,(MT),0.0
577400,"Almonds, Shelled Basis",IR,Iran,2020,2020,10,28,Production,21,(MT),0.0
577400,"Almonds, Shelled Basis",IR,Iran,2020,2020,10,178,Total Distribution,21,(MT),0.0
577400,"Almonds, Shelled Basis",IR,Iran,2020,2020,10,86,Total Supply,21,(MT),0.0
577400,"Almonds, Shelled Basis",IS,Israel,2001,2018,10,20,Beginning Stocks,21,(MT),0.0
577400,"Almonds, Shelled Basis",IS,Israel,2001,2018,10,125,Domestic Consumption,21,(MT),3000.0
577400,"Almonds, Shelled Basis",IS,Israel,2001,2018,10,176,Ending Stocks,21,(MT),0.0
577400,"Almonds, Shelled Basis",IS,Israel,2001,2018,10,88,Exports,21,(MT),0.0
577400,"Almonds, Shelled Basis",IS,Israel,2001,2018,10,57,Imports,21,(MT),3000.0
577400,"Almonds, Shelled Basis",IS,Israel,2001,2018,10,28,Production,21,(MT),0.0
577400,"Almonds, Shelled Basis",IS,Israel,2001,2018,10,178,Total Distribution,21,(MT),3000.0
577400,"Almonds, Shelled Basis",IS,Israel,2001,2018,10,86,Total Supply,21,(MT),3000.0
577400,"Almonds, Shelled Basis",IS,Israel,2002,2018,10,20,Beginning Stocks,21,(MT),0.0
577400,"Almonds, Shelled Basis",IS,Israel,2002,2018,10,125,Domestic Consumption,21,(MT),3400.0
577400,"Almonds, Shelled Basis",IS,Israel,2002,2018,10,176,Ending Stocks,21,(MT),0.0
577400,"Almonds, Shelled Basis",IS,Israel,2002,2018,10,88,Exports,21,(MT),0.0
577400,"Almonds, Shelled Basis",IS,Israel,2002,2018,10,57,Imports,21,(MT),3400.0
577400,"Almonds, Shelled Basis",IS,Israel,2002,2018,10,28,Production,21,(MT),0.0
577400,"Almonds, Shelled Basis",IS,Israel,2002,2018,10,178,Total Distribution,21,(MT),3400.0
577400,"Almonds, Shelled Basis",IS,Israel,2002,2018,10,86,Total Supply,21,(MT),3400.0
577400,"Almonds, Shelled Basis",IS,Israel,2003,2018,10,20,Beginning Stocks,21,(MT),0.0
577400,"Almonds, Shelled Basis",IS,Israel,2003,2018,10,125,Domestic Consumption,21,(MT),3300.0
577400,"Almonds, Shelled Basis",IS,Israel,2003,2018,10,176,Ending Stocks,21,(MT),0.0
577400,"Almonds, Shelled Basis",IS,Israel,2003,2018,10,88,Exports,21,(MT),0.0
577400,"Almonds, Shelled Basis",IS,Israel,2003,2018,10,57,Imports,21,(MT),3300.0
577400,"Almonds, Shelled Basis",IS,Israel,2003,2018,10,28,Production,21,(MT),0.0
577400,"Almonds, Shelled Basis",IS,Israel,2003,2018,10,178,Total Distribution,21,(MT),3300.0
577400,"Almonds, Shelled Basis",IS,Israel,2003,2018,10,86,Total Supply,21,(MT),3300.0
577400,"Almonds, Shelled Basis",IS,Israel,2004,2018,10,20,Beginning Stocks,21,(MT),0.0
577400,"Almonds, Shelled Basis",IS,Israel,2004,2018,10,125,Domestic Consumption,21,(MT),2600.0
577400,"Almonds, Shelled Basis",IS,Israel,2004,2018,10,176,Ending Stocks,21,(MT),0.0
577400,"Almonds, Shelled Basis",IS,Israel,2004,2018,10,88,Exports,21,(MT),0.0
577400,"Almonds, Shelled Basis",IS,Israel,2004,2018,10,57,Imports,21,(MT),2600.0
577400,"Almonds, Shelled Basis",IS,Israel,2004,2018,10,28,Production,21,(MT),0.0
577400,"Almonds, Shelled Basis",IS,Israel,2004,2018,10,178,Total Distribution,21,(MT),2600.0
577400,"Almonds, Shelled Basis",IS,Israel,2004,2018,10,86,Total Supply,21,(MT),2600.0
577400,"Almonds, Shelled Basis",IS,Israel,2005,2018,10,20,Beginning Stocks,21,(MT),0.0
577400,"Almonds, Shelled Basis",IS,Israel,2005,2018,10,125,Domestic Consumption,21,(MT),4700.0
577400,"Almonds, Shelled Basis",IS,Israel,2005,2018,10,176,Ending Stocks,21,(MT),0.0
577400,"Almonds, Shelled Basis",IS,Israel,2005,2018,10,88,Exports,21,(MT),0.0
577400,"Almonds, Shelled Basis",IS,Israel,2005,2018,10,57,Imports,21,(MT),4700.0
577400,"Almonds, Shelled Basis",IS,Israel,2005,2018,10,28,Production,21,(MT),0.0
577400,"Almonds, Shelled Basis",IS,Israel,2005,2018,10,178,Total Distribution,21,(MT),4700.0
577400,"Almonds, Shelled Basis",IS,Israel,2005,2018,10,86,Total Supply,21,(MT),4700.0
577400,"Almonds, Shelled Basis",IS,Israel,2006,2018,10,20,Beginning Stocks,21,(MT),0.0
577400,"Almonds, Shelled Basis",IS,Israel,2006,2018,10,125,Domestic Consumption,21,(MT),2300.0
577400,"Almonds, Shelled Basis",IS,Israel,2006,2018,10,176,Ending Stocks,21,(MT),0.0
577400,"Almonds, Shelled Basis",IS,Israel,2006,2018,10,88,Exports,21,(MT),0.0
577400,"Almonds, Shelled Basis",IS,Israel,2006,2018,10,57,Imports,21,(MT),2300.0
577400,"Almonds, Shelled Basis",IS,Israel,2006,2018,10,28,Production,21,(MT),0.0
577400,"Almonds, Shelled Basis",IS,Israel,2006,2018,10,178,Total Distribution,21,(MT),2300.0
577400,"Almonds, Shelled Basis",IS,Israel,2006,2018,10,86,Total Supply,21,(MT),2300.0
577400,"Almonds, Shelled Basis",IS,Israel,2007,2018,10,20,Beginning Stocks,21,(MT),0.0
577400,"Almonds, Shelled Basis",IS,Israel,2007,2018,10,125,Domestic Consumption,21,(MT),3100.0
577400,"Almonds, Shelled Basis",IS,Israel,2007,2018,10,176,Ending Stocks,21,(MT),0.0
577400,"Almonds, Shelled Basis",IS,Israel,2007,2018,10,88,Exports,21,(MT),0.0
577400,"Almonds, Shelled Basis",IS,Israel,2007,2018,10,57,Imports,21,(MT),3100.0
577400,"Almonds, Shelled Basis",IS,Israel,2007,2018,10,28,Production,21,(MT),0.0
577400,"Almonds, Shelled Basis",IS,Israel,2007,2018,10,178,Total Distribution,21,(MT),3100.0
577400,"Almonds, Shelled Basis",IS,Israel,2007,2018,10,86,Total Supply,21,(MT),3100.0
577400,"Almonds, Shelled Basis",IS,Israel,2008,2018,10,20,Beginning Stocks,21,(MT),0.0
577400,"Almonds, Shelled Basis",IS,Israel,2008,2018,10,125,Domestic Consumption,21,(MT),3400.0
577400,"Almonds, Shelled Basis",IS,Israel,2008,2018,10,176,Ending Stocks,21,(MT),0.0
577400,"Almonds, Shelled Basis",IS,Israel,2008,2018,10,88,Exports,21,(MT),0.0
577400,"Almonds, Shelled Basis",IS,Israel,2008,2018,10,57,Imports,21,(MT),3400.0
577400,"Almonds, Shelled Basis",IS,Israel,2008,2018,10,28,Production,21,(MT),0.0
577400,"Almonds, Shelled Basis",IS,Israel,2008,2018,10,178,Total Distribution,21,(MT),3400.0
577400,"Almonds, Shelled Basis",IS,Israel,2008,2018,10,86,Total Supply,21,(MT),3400.0
577400,"Almonds, Shelled Basis",IS,Israel,2009,2018,10,20,Beginning Stocks,21,(MT),0.0
577400,"Almonds, Shelled Basis",IS,Israel,2009,2018,10,125,Domestic Consumption,21,(MT),3100.0
577400,"Almonds, Shelled Basis",IS,Israel,2009,2018,10,176,Ending Stocks,21,(MT),0.0
577400,"Almonds, Shelled Basis",IS,Israel,2009,2018,10,88,Exports,21,(MT),0.0
577400,"Almonds, Shelled Basis",IS,Israel,2009,2018,10,57,Imports,21,(MT),3100.0
577400,"Almonds, Shelled Basis",IS,Israel,2009,2018,10,28,Production,21,(MT),0.0
577400,"Almonds, Shelled Basis",IS,Israel,2009,2018,10,178,Total Distribution,21,(MT),3100.0
577400,"Almonds, Shelled Basis",IS,Israel,2009,2018,10,86,Total Supply,21,(MT),3100.0
577400,"Almonds, Shelled Basis",IS,Israel,2010,2018,10,20,Beginning Stocks,21,(MT),0.0
577400,"Almonds, Shelled Basis",IS,Israel,2010,2018,10,125,Domestic Consumption,21,(MT),3100.0
577400,"Almonds, Shelled Basis",IS,Israel,2010,2018,10,176,Ending Stocks,21,(MT),0.0
577400,"Almonds, Shelled Basis",IS,Israel,2010,2018,10,88,Exports,21,(MT),0.0
577400,"Almonds, Shelled Basis",IS,Israel,2010,2018,10,57,Imports,21,(MT),3100.0
577400,"Almonds, Shelled Basis",IS,Israel,2010,2018,10,28,Production,21,(MT),0.0
577400,"Almonds, Shelled Basis",IS,Israel,2010,2018,10,178,Total Distribution,21,(MT),3100.0
577400,"Almonds, Shelled Basis",IS,Israel,2010,2018,10,86,Total Supply,21,(MT),3100.0
577400,"Almonds, Shelled Basis",IS,Israel,2011,2018,10,20,Beginning Stocks,21,(MT),0.0
577400,"Almonds, Shelled Basis",IS,Israel,2011,2018,10,125,Domestic Consumption,21,(MT),2100.0
577400,"Almonds, Shelled Basis",IS,Israel,2011,2018,10,176,Ending Stocks,21,(MT),0.0
577400,"Almonds, Shelled Basis",IS,Israel,2011,2018,10,88,Exports,21,(MT),0.0
577400,"Almonds, Shelled Basis",IS,Israel,2011,2018,10,57,Imports,21,(MT),2100.0
577400,"Almonds, Shelled Basis",IS,Israel,2011,2018,10,28,Production,21,(MT),0.0
577400,"Almonds, Shelled Basis",IS,Israel,2011,2018,10,178,Total Distribution,21,(MT),2100.0
577400,"Almonds, Shelled Basis",IS,Israel,2011,2018,10,86,Total Supply,21,(MT),2100.0
577400,"Almonds, Shelled Basis",IS,Israel,2012,2018,10,20,Beginning Stocks,21,(MT),0.0
577400,"Almonds, Shelled Basis",IS,Israel,2012,2018,10,125,Domestic Consumption,21,(MT),1200.0
577400,"Almonds, Shelled Basis",IS,Israel,2012,2018,10,176,Ending Stocks,21,(MT),0.0
577400,"Almonds, Shelled Basis",IS,Israel,2012,2018,10,88,Exports,21,(MT),0.0
577400,"Almonds, Shelled Basis",IS,Israel,2012,2018,10,57,Imports,21,(MT),1200.0
577400,"Almonds, Shelled Basis",IS,Israel,2012,2018,10,28,Production,21,(MT),0.0
577400,"Almonds, Shelled Basis",IS,Israel,2012,2018,10,178,Total Distribution,21,(MT),1200.0
577400,"Almonds, Shelled Basis",IS,Israel,2012,2018,10,86,Total Supply,21,(MT),1200.0
577400,"Almonds, Shelled Basis",IS,Israel,2013,2018,10,20,Beginning Stocks,21,(MT),0.0
577400,"Almonds, Shelled Basis",IS,Israel,2013,2018,10,125,Domestic Consumption,21,(MT),3000.0
577400,"Almonds, Shelled Basis",IS,Israel,2013,2018,10,176,Ending Stocks,21,(MT),0.0
577400,"Almonds, Shelled Basis",IS,Israel,2013,2018,10,88,Exports,21,(MT),0.0
577400,"Almonds, Shelled Basis",IS,Israel,2013,2018,10,57,Imports,21,(MT),3000.0
577400,"Almonds, Shelled Basis",IS,Israel,2013,2018,10,28,Production,21,(MT),0.0
577400,"Almonds, Shelled Basis",IS,Israel,2013,2018,10,178,Total Distribution,21,(MT),3000.0
577400,"Almonds, Shelled Basis",IS,Israel,2013,2018,10,86,Total Supply,21,(MT),3000.0
577400,"Almonds, Shelled Basis",IS,Israel,2014,2018,10,20,Beginning Stocks,21,(MT),0.0
577400,"Almonds, Shelled Basis",IS,Israel,2014,2018,10,125,Domestic Consumption,21,(MT),3900.0
577400,"Almonds, Shelled Basis",IS,Israel,2014,2018,10,176,Ending Stocks,21,(MT),0.0
577400,"Almonds, Shelled Basis",IS,Israel,2014,2018,10,88,Exports,21,(MT),0.0
577400,"Almonds, Shelled Basis",IS,Israel,2014,2018,10,57,Imports,21,(MT),3900.0
577400,"Almonds, Shelled Basis",IS,Israel,2014,2018,10,28,Production,21,(MT),0.0
577400,"Almonds, Shelled Basis",IS,Israel,2014,2018,10,178,Total Distribution,21,(MT),3900.0
577400,"Almonds, Shelled Basis",IS,Israel,2014,2018,10,86,Total Supply,21,(MT),3900.0
577400,"Almonds, Shelled Basis",IS,Israel,2015,2018,10,20,Beginning Stocks,21,(MT),0.0
577400,"Almonds, Shelled Basis",IS,Israel,2015,2018,10,125,Domestic Consumption,21,(MT),4000.0
577400,"Almonds, Shelled Basis",IS,Israel,2015,2018,10,176,Ending Stocks,21,(MT),0.0
577400,"Almonds, Shelled Basis",IS,Israel,2015,2018,10,88,Exports,21,(MT),0.0
577400,"Almonds, Shelled Basis",IS,Israel,2015,2018,10,57,Imports,21,(MT),4000.0
577400,"Almonds, Shelled Basis",IS,Israel,2015,2018,10,28,Production,21,(MT),0.0
577400,"Almonds, Shelled Basis",IS,Israel,2015,2018,10,178,Total Distribution,21,(MT),4000.0
577400,"Almonds, Shelled Basis",IS,Israel,2015,2018,10,86,Total Supply,21,(MT),4000.0
577400,"Almonds, Shelled Basis",IS,Israel,2016,2018,10,20,Beginning Stocks,21,(MT),0.0
577400,"Almonds, Shelled Basis",IS,Israel,2016,2018,10,125,Domestic Consumption,21,(MT),4700.0
577400,"Almonds, Shelled Basis",IS,Israel,2016,2018,10,176,Ending Stocks,21,(MT),0.0
577400,"Almonds, Shelled Basis",IS,Israel,2016,2018,10,88,Exports,21,(MT),0.0
577400,"Almonds, Shelled Basis",IS,Israel,2016,2018,10,57,Imports,21,(MT),4700.0
577400,"Almonds, Shelled Basis",IS,Israel,2016,2018,10,28,Production,21,(MT),0.0
577400,"Almonds, Shelled Basis",IS,Israel,2016,2018,10,178,Total Distribution,21,(MT),4700.0
577400,"Almonds, Shelled Basis",IS,Israel,2016,2018,10,86,Total Supply,21,(MT),4700.0
577400,"Almonds, Shelled Basis",IS,Israel,2017,2019,10,20,Beginning Stocks,21,(MT),0.0
577400,"Almonds, Shelled Basis",IS,Israel,2017,2019,10,125,Domestic Consumption,21,(MT),4100.0
577400,"Almonds, Shelled Basis",IS,Israel,2017,2019,10,176,Ending Stocks,21,(MT),0.0
577400,"Almonds, Shelled Basis",IS,Israel,2017,2019,10,88,Exports,21,(MT),0.0
577400,"Almonds, Shelled Basis",IS,Israel,2017,2019,10,57,Imports,21,(MT),4100.0
577400,"Almonds, Shelled Basis",IS,Israel,2017,2019,10,28,Production,21,(MT),0.0
577400,"Almonds, Shelled Basis",IS,Israel,2017,2019,10,178,Total Distribution,21,(MT),4100.0
577400,"Almonds, Shelled Basis",IS,Israel,2017,2019,10,86,Total Supply,21,(MT),4100.0
577400,"Almonds, Shelled Basis",IS,Israel,2018,2019,10,20,Beginning Stocks,21,(MT),0.0
577400,"Almonds, Shelled Basis",IS,Israel,2018,2019,10,125,Domestic Consumption,21,(MT),5200.0
577400,"Almonds, Shelled Basis",IS,Israel,2018,2019,10,176,Ending Stocks,21,(MT),0.0
577400,"Almonds, Shelled Basis",IS,Israel,2018,2019,10,88,Exports,21,(MT),0.0
577400,"Almonds, Shelled Basis",IS,Israel,2018,2019,10,57,Imports,21,(MT),5200.0
577400,"Almonds, Shelled Basis",IS,Israel,2018,2019,10,28,Production,21,(MT),0.0
577400,"Almonds, Shelled Basis",IS,Israel,2018,2019,10,178,Total Distribution,21,(MT),5200.0
577400,"Almonds, Shelled Basis",IS,Israel,2018,2019,10,86,Total Supply,21,(MT),5200.0
577400,"Almonds, Shelled Basis",IS,Israel,2019,2020,10,20,Beginning Stocks,21,(MT),0.0
577400,"Almonds, Shelled Basis",IS,Israel,2019,2020,10,125,Domestic Consumption,21,(MT),6800.0
577400,"Almonds, Shelled Basis",IS,Israel,2019,2020,10,176,Ending Stocks,21,(MT),0.0
577400,"Almonds, Shelled Basis",IS,Israel,2019,2020,10,88,Exports,21,(MT),0.0
577400,"Almonds, Shelled Basis",IS,Israel,2019,2020,10,57,Imports,21,(MT),6800.0
577400,"Almonds, Shelled Basis",IS,Israel,2019,2020,10,28,Production,21,(MT),0.0
577400,"Almonds, Shelled Basis",IS,Israel,2019,2020,10,178,Total Distribution,21,(MT),6800.0
577400,"Almonds, Shelled Basis",IS,Israel,2019,2020,10,86,Total Supply,21,(MT),6800.0
577400,"Almonds, Shelled Basis",IS,Israel,2020,2020,10,20,Beginning Stocks,21,(MT),0.0
577400,"Almonds, Shelled Basis",IS,Israel,2020,2020,10,125,Domestic Consumption,21,(MT),7500.0
577400,"Almonds, Shelled Basis",IS,Israel,2020,2020,10,176,Ending Stocks,21,(MT),0.0
577400,"Almonds, Shelled Basis",IS,Israel,2020,2020,10,88,Exports,21,(MT),0.0
577400,"Almonds, Shelled Basis",IS,Israel,2020,2020,10,57,Imports,21,(MT),7500.0
577400,"Almonds, Shelled Basis",IS,Israel,2020,2020,10,28,Production,21,(MT),0.0
577400,"Almonds, Shelled Basis",IS,Israel,2020,2020,10,178,Total Distribution,21,(MT),7500.0
577400,"Almonds, Shelled Basis",IS,Israel,2020,2020,10,86,Total Supply,21,(MT),7500.0
577400,"Almonds, Shelled Basis",IT,Italy,1960,1961,0,20,Beginning Stocks,21,(MT),0.0
577400,"Almonds, Shelled Basis",IT,Italy,1960,1961,0,125,Domestic Consumption,21,(MT),0.0
577400,"Almonds, Shelled Basis",IT,Italy,1960,1961,0,176,Ending Stocks,21,(MT),0.0
577400,"Almonds, Shelled Basis",IT,Italy,1960,1961,0,88,Exports,21,(MT),0.0
577400,"Almonds, Shelled Basis",IT,Italy,1960,1961,0,57,Imports,21,(MT),0.0
577400,"Almonds, Shelled Basis",IT,Italy,1960,1961,0,28,Production,21,(MT),13.0
577400,"Almonds, Shelled Basis",IT,Italy,1960,1961,0,178,Total Distribution,21,(MT),0.0
577400,"Almonds, Shelled Basis",IT,Italy,1960,1961,0,86,Total Supply,21,(MT),13.0
577400,"Almonds, Shelled Basis",IT,Italy,1961,1962,0,20,Beginning Stocks,21,(MT),0.0
577400,"Almonds, Shelled Basis",IT,Italy,1961,1962,0,125,Domestic Consumption,21,(MT),0.0
577400,"Almonds, Shelled Basis",IT,Italy,1961,1962,0,176,Ending Stocks,21,(MT),0.0
577400,"Almonds, Shelled Basis",IT,Italy,1961,1962,0,88,Exports,21,(MT),0.0
577400,"Almonds, Shelled Basis",IT,Italy,1961,1962,0,57,Imports,21,(MT),0.0
577400,"Almonds, Shelled Basis",IT,Italy,1961,1962,0,28,Production,21,(MT),60.0
577400,"Almonds, Shelled Basis",IT,Italy,1961,1962,0,178,Total Distribution,21,(MT),0.0
577400,"Almonds, Shelled Basis",IT,Italy,1961,1962,0,86,Total Supply,21,(MT),60.0
577400,"Almonds, Shelled Basis",IT,Italy,1962,1963,0,20,Beginning Stocks,21,(MT),0.0
577400,"Almonds, Shelled Basis",IT,Italy,1962,1963,0,125,Domestic Consumption,21,(MT),0.0
577400,"Almonds, Shelled Basis",IT,Italy,1962,1963,0,176,Ending Stocks,21,(MT),0.0
577400,"Almonds, Shelled Basis",IT,Italy,1962,1963,0,88,Exports,21,(MT),0.0
577400,"Almonds, Shelled Basis",IT,Italy,1962,1963,0,57,Imports,21,(MT),0.0
577400,"Almonds, Shelled Basis",IT,Italy,1962,1963,0,28,Production,21,(MT),13.0
577400,"Almonds, Shelled Basis",IT,Italy,1962,1963,0,178,Total Distribution,21,(MT),0.0
577400,"Almonds, Shelled Basis",IT,Italy,1962,1963,0,86,Total Supply,21,(MT),13.0
577400,"Almonds, Shelled Basis",IT,Italy,1964,1965,0,20,Beginning Stocks,21,(MT),0.0
577400,"Almonds, Shelled Basis",IT,Italy,1964,1965,0,125,Domestic Consumption,21,(MT),0.0
577400,"Almonds, Shelled Basis",IT,Italy,1964,1965,0,176,Ending Stocks,21,(MT),6000.0
577400,"Almonds, Shelled Basis",IT,Italy,1964,1965,0,88,Exports,21,(MT),0.0
577400,"Almonds, Shelled Basis",IT,Italy,1964,1965,0,57,Imports,21,(MT),0.0
577400,"Almonds, Shelled Basis",IT,Italy,1964,1965,0,28,Production,21,(MT),6000.0
577400,"Almonds, Shelled Basis",IT,Italy,1964,1965,0,178,Total Distribution,21,(MT),6000.0
577400,"Almonds, Shelled Basis",IT,Italy,1964,1965,0,86,Total Supply,21,(MT),6000.0
577400,"Almonds, Shelled Basis",IT,Italy,1965,1966,0,20,Beginning Stocks,21,(MT),6000.0
577400,"Almonds, Shelled Basis",IT,Italy,1965,1966,0,125,Domestic Consumption,21,(MT),13443.0
577400,"Almonds, Shelled Basis",IT,Italy,1965,1966,0,176,Ending Stocks,21,(MT),2500.0
577400,"Almonds, Shelled Basis",IT,Italy,1965,1966,0,88,Exports,21,(MT),27415.0
577400,"Almonds, Shelled Basis",IT,Italy,1965,1966,0,57,Imports,21,(MT),163.0
577400,"Almonds, Shelled Basis",IT,Italy,1965,1966,0,28,Production,21,(MT),37195.0
577400,"Almonds, Shelled Basis",IT,Italy,1965,1966,0,178,Total Distribution,21,(MT),43358.0
577400,"Almonds, Shelled Basis",IT,Italy,1965,1966,0,86,Total Supply,21,(MT),43358.0
577400,"Almonds, Shelled Basis",IT,Italy,1966,1967,0,20,Beginning Stocks,21,(MT),2500.0
577400,"Almonds, Shelled Basis",IT,Italy,1966,1967,0,125,Domestic Consumption,21,(MT),6935.0
577400,"Almonds, Shelled Basis",IT,Italy,1966,1967,0,176,Ending Stocks,21,(MT),2000.0
577400,"Almonds, Shelled Basis",IT,Italy,1966,1967,0,88,Exports,21,(MT),31699.0
577400,"Almonds, Shelled Basis",IT,Italy,1966,1967,0,57,Imports,21,(MT),123.0
577400,"Almonds, Shelled Basis",IT,Italy,1966,1967,0,28,Production,21,(MT),38011.0
577400,"Almonds, Shelled Basis",IT,Italy,1966,1967,0,178,Total Distribution,21,(MT),40634.0
577400,"Almonds, Shelled Basis",IT,Italy,1966,1967,0,86,Total Supply,21,(MT),40634.0
577400,"Almonds, Shelled Basis",IT,Italy,1967,1968,0,20,Beginning Stocks,21,(MT),2000.0
577400,"Almonds, Shelled Basis",IT,Italy,1967,1968,0,125,Domestic Consumption,21,(MT),9309.0
577400,"Almonds, Shelled Basis",IT,Italy,1967,1968,0,176,Ending Stocks,21,(MT),3500.0
577400,"Almonds, Shelled Basis",IT,Italy,1967,1968,0,88,Exports,21,(MT),28500.0
577400,"Almonds, Shelled Basis",IT,Italy,1967,1968,0,57,Imports,21,(MT),300.0
577400,"Almonds, Shelled Basis",IT,Italy,1967,1968,0,28,Production,21,(MT),39009.0
577400,"Almonds, Shelled Basis",IT,Italy,1967,1968,0,178,Total Distribution,21,(MT),41309.0
577400,"Almonds, Shelled Basis",IT,Italy,1967,1968,0,86,Total Supply,21,(MT),41309.0
577400,"Almonds, Shelled Basis",IT,Italy,1968,1969,0,20,Beginning Stocks,21,(MT),3500.0
577400,"Almonds, Shelled Basis",IT,Italy,1968,1969,0,125,Domestic Consumption,21,(MT),10230.0
577400,"Almonds, Shelled Basis",IT,Italy,1968,1969,0,176,Ending Stocks,21,(MT),3500.0
577400,"Almonds, Shelled Basis",IT,Italy,1968,1969,0,88,Exports,21,(MT),31800.0
577400,"Almonds, Shelled Basis",IT,Italy,1968,1969,0,57,Imports,21,(MT),300.0
577400,"Almonds, Shelled Basis",IT,Italy,1968,1969,0,28,Production,21,(MT),41730.0
577400,"Almonds, Shelled Basis",IT,Italy,1968,1969,0,178,Total Distribution,21,(MT),45530.0
577400,"Almonds, Shelled Basis",IT,Italy,1968,1969,0,86,Total Supply,21,(MT),45530.0
577400,"Almonds, Shelled Basis",IT,Italy,1969,1970,0,20,Beginning Stocks,21,(MT),3500.0
577400,"Almonds, Shelled Basis",IT,Italy,1969,1970,0,125,Domestic Consumption,21,(MT),7772.0
577400,"Almonds, Shelled Basis",IT,Italy,1969,1970,0,176,Ending Stocks,21,(MT),600.0
577400,"Almonds, Shelled Basis",IT,Italy,1969,1970,0,88,Exports,21,(MT),17400.0
577400,"Almonds, Shelled Basis",IT,Italy,1969,1970,0,57,Imports,21,(MT),500.0
577400,"Almonds, Shelled Basis",IT,Italy,1969,1970,0,28,Production,21,(MT),21772.0
577400,"Almonds, Shelled Basis",IT,Italy,1969,1970,0,178,Total Distribution,21,(MT),25772.0
577400,"Almonds, Shelled Basis",IT,Italy,1969,1970,0,86,Total Supply,21,(MT),25772.0
577400,"Almonds, Shelled Basis",IT,Italy,1970,1971,0,20,Beginning Stocks,21,(MT),600.0
577400,"Almonds, Shelled Basis",IT,Italy,1970,1971,0,125,Domestic Consumption,21,(MT),11400.0
577400,"Almonds, Shelled Basis",IT,Italy,1970,1971,0,176,Ending Stocks,21,(MT),6000.0
577400,"Almonds, Shelled Basis",IT,Italy,1970,1971,0,88,Exports,21,(MT),17700.0
577400,"Almonds, Shelled Basis",IT,Italy,1970,1971,0,57,Imports,21,(MT),500.0
577400,"Almonds, Shelled Basis",IT,Italy,1970,1971,0,28,Production,21,(MT),34000.0
577400,"Almonds, Shelled Basis",IT,Italy,1970,1971,0,178,Total Distribution,21,(MT),35100.0
577400,"Almonds, Shelled Basis",IT,Italy,1970,1971,0,86,Total Supply,21,(MT),35100.0
577400,"Almonds, Shelled Basis",IT,Italy,1971,1972,0,20,Beginning Stocks,21,(MT),6000.0
577400,"Almonds, Shelled Basis",IT,Italy,1971,1972,0,125,Domestic Consumption,21,(MT),9000.0
577400,"Almonds, Shelled Basis",IT,Italy,1971,1972,0,176,Ending Stocks,21,(MT),1500.0
577400,"Almonds, Shelled Basis",IT,Italy,1971,1972,0,88,Exports,21,(MT),14000.0
577400,"Almonds, Shelled Basis",IT,Italy,1971,1972,0,57,Imports,21,(MT),2500.0
577400,"Almonds, Shelled Basis",IT,Italy,1971,1972,0,28,Production,21,(MT),16000.0
577400,"Almonds, Shelled Basis",IT,Italy,1971,1972,0,178,Total Distribution,21,(MT),24500.0
577400,"Almonds, Shelled Basis",IT,Italy,1971,1972,0,86,Total Supply,21,(MT),24500.0
577400,"Almonds, Shelled Basis",IT,Italy,1972,1973,0,20,Beginning Stocks,21,(MT),1500.0
577400,"Almonds, Shelled Basis",IT,Italy,1972,1973,0,125,Domestic Consumption,21,(MT),11300.0
577400,"Almonds, Shelled Basis",IT,Italy,1972,1973,0,176,Ending Stocks,21,(MT),0.0
577400,"Almonds, Shelled Basis",IT,Italy,1972,1973,0,88,Exports,21,(MT),9600.0
577400,"Almonds, Shelled Basis",IT,Italy,1972,1973,0,57,Imports,21,(MT),4400.0
577400,"Almonds, Shelled Basis",IT,Italy,1972,1973,0,28,Production,21,(MT),15000.0
577400,"Almonds, Shelled Basis",IT,Italy,1972,1973,0,178,Total Distribution,21,(MT),20900.0
577400,"Almonds, Shelled Basis",IT,Italy,1972,1973,0,86,Total Supply,21,(MT),20900.0
577400,"Almonds, Shelled Basis",IT,Italy,1973,1974,0,20,Beginning Stocks,21,(MT),0.0
577400,"Almonds, Shelled Basis",IT,Italy,1973,1974,0,125,Domestic Consumption,21,(MT),8800.0
577400,"Almonds, Shelled Basis",IT,Italy,1973,1974,0,176,Ending Stocks,21,(MT),0.0
577400,"Almonds, Shelled Basis",IT,Italy,1973,1974,0,88,Exports,21,(MT),3300.0
577400,"Almonds, Shelled Basis",IT,Italy,1973,1974,0,57,Imports,21,(MT),4100.0
577400,"Almonds, Shelled Basis",IT,Italy,1973,1974,0,28,Production,21,(MT),8000.0
577400,"Almonds, Shelled Basis",IT,Italy,1973,1974,0,178,Total Distribution,21,(MT),12100.0
577400,"Almonds, Shelled Basis",IT,Italy,1973,1974,0,86,Total Supply,21,(MT),12100.0
577400,"Almonds, Shelled Basis",IT,Italy,1974,1975,0,20,Beginning Stocks,21,(MT),0.0
577400,"Almonds, Shelled Basis",IT,Italy,1974,1975,0,125,Domestic Consumption,21,(MT),8700.0
577400,"Almonds, Shelled Basis",IT,Italy,1974,1975,0,176,Ending Stocks,21,(MT),4000.0
577400,"Almonds, Shelled Basis",IT,Italy,1974,1975,0,88,Exports,21,(MT),2500.0
577400,"Almonds, Shelled Basis",IT,Italy,1974,1975,0,57,Imports,21,(MT),1200.0
577400,"Almonds, Shelled Basis",IT,Italy,1974,1975,0,28,Production,21,(MT),14000.0
577400,"Almonds, Shelled Basis",IT,Italy,1974,1975,0,178,Total Distribution,21,(MT),15200.0
577400,"Almonds, Shelled Basis",IT,Italy,1974,1975,0,86,Total Supply,21,(MT),15200.0
577400,"Almonds, Shelled Basis",IT,Italy,1975,1976,0,20,Beginning Stocks,21,(MT),4000.0
577400,"Almonds, Shelled Basis",IT,Italy,1975,1976,0,125,Domestic Consumption,21,(MT),12000.0
577400,"Almonds, Shelled Basis",IT,Italy,1975,1976,0,176,Ending Stocks,21,(MT),3600.0
577400,"Almonds, Shelled Basis",IT,Italy,1975,1976,0,88,Exports,21,(MT),5100.0
577400,"Almonds, Shelled Basis",IT,Italy,1975,1976,0,57,Imports,21,(MT),1700.0
577400,"Almonds, Shelled Basis",IT,Italy,1975,1976,0,28,Production,21,(MT),15000.0
577400,"Almonds, Shelled Basis",IT,Italy,1975,1976,0,178,Total Distribution,21,(MT),20700.0
577400,"Almonds, Shelled Basis",IT,Italy,1975,1976,0,86,Total Supply,21,(MT),20700.0
577400,"Almonds, Shelled Basis",IT,Italy,1976,1977,0,20,Beginning Stocks,21,(MT),3600.0
577400,"Almonds, Shelled Basis",IT,Italy,1976,1977,0,125,Domestic Consumption,21,(MT),10500.0
577400,"Almonds, Shelled Basis",IT,Italy,1976,1977,0,176,Ending Stocks,21,(MT),1000.0
577400,"Almonds, Shelled Basis",IT,Italy,1976,1977,0,88,Exports,21,(MT),9600.0
577400,"Almonds, Shelled Basis",IT,Italy,1976,1977,0,57,Imports,21,(MT),1000.0
577400,"Almonds, Shelled Basis",IT,Italy,1976,1977,0,28,Production,21,(MT),16500.0
577400,"Almonds, Shelled Basis",IT,Italy,1976,1977,0,178,Total Distribution,21,(MT),21100.0
577400,"Almonds, Shelled Basis",IT,Italy,1976,1977,0,86,Total Supply,21,(MT),21100.0
577400,"Almonds, Shelled Basis",IT,Italy,1977,1978,0,20,Beginning Stocks,21,(MT),1000.0
577400,"Almonds, Shelled Basis",IT,Italy,1977,1978,0,125,Domestic Consumption,21,(MT),10300.0
577400,"Almonds, Shelled Basis",IT,Italy,1977,1978,0,176,Ending Stocks,21,(MT),1000.0
577400,"Almonds, Shelled Basis",IT,Italy,1977,1978,0,88,Exports,21,(MT),12500.0
577400,"Almonds, Shelled Basis",IT,Italy,1977,1978,0,57,Imports,21,(MT),800.0
577400,"Almonds, Shelled Basis",IT,Italy,1977,1978,0,28,Production,21,(MT),22000.0
577400,"Almonds, Shelled Basis",IT,Italy,1977,1978,0,178,Total Distribution,21,(MT),23800.0
577400,"Almonds, Shelled Basis",IT,Italy,1977,1978,0,86,Total Supply,21,(MT),23800.0
577400,"Almonds, Shelled Basis",IT,Italy,1978,1979,0,20,Beginning Stocks,21,(MT),1000.0
577400,"Almonds, Shelled Basis",IT,Italy,1978,1979,0,125,Domestic Consumption,21,(MT),11000.0
577400,"Almonds, Shelled Basis",IT,Italy,1978,1979,0,176,Ending Stocks,21,(MT),3500.0
577400,"Almonds, Shelled Basis",IT,Italy,1978,1979,0,88,Exports,21,(MT),10800.0
577400,"Almonds, Shelled Basis",IT,Italy,1978,1979,0,57,Imports,21,(MT),2300.0
577400,"Almonds, Shelled Basis",IT,Italy,1978,1979,0,28,Production,21,(MT),22000.0
577400,"Almonds, Shelled Basis",IT,Italy,1978,1979,0,178,Total Distribution,21,(MT),25300.0
577400,"Almonds, Shelled Basis",IT,Italy,1978,1979,0,86,Total Supply,21,(MT),25300.0
577400,"Almonds, Shelled Basis",IT,Italy,1979,1980,0,20,Beginning Stocks,21,(MT),3500.0
577400,"Almonds, Shelled Basis",IT,Italy,1979,1980,0,125,Domestic Consumption,21,(MT),11300.0
577400,"Almonds, Shelled Basis",IT,Italy,1979,1980,0,176,Ending Stocks,21,(MT),2000.0
577400,"Almonds, Shelled Basis",IT,Italy,1979,1980,0,88,Exports,21,(MT),3100.0
577400,"Almonds, Shelled Basis",IT,Italy,1979,1980,0,57,Imports,21,(MT),5900.0
577400,"Almonds, Shelled Basis",IT,Italy,1979,1980,0,28,Production,21,(MT),7000.0
577400,"Almonds, Shelled Basis",IT,Italy,1979,1980,0,178,Total Distribution,21,(MT),16400.0
577400,"Almonds, Shelled Basis",IT,Italy,1979,1980,0,86,Total Supply,21,(MT),16400.0
577400,"Almonds, Shelled Basis",IT,Italy,1980,1981,0,20,Beginning Stocks,21,(MT),2000.0
577400,"Almonds, Shelled Basis",IT,Italy,1980,1981,0,125,Domestic Consumption,21,(MT),12826.0
577400,"Almonds, Shelled Basis",IT,Italy,1980,1981,0,176,Ending Stocks,21,(MT),7000.0
577400,"Almonds, Shelled Basis",IT,Italy,1980,1981,0,88,Exports,21,(MT),4174.0
577400,"Almonds, Shelled Basis",IT,Italy,1980,1981,0,57,Imports,21,(MT),2000.0
577400,"Almonds, Shelled Basis",IT,Italy,1980,1981,0,28,Production,21,(MT),20000.0
577400,"Almonds, Shelled Basis",IT,Italy,1980,1981,0,178,Total Distribution,21,(MT),24000.0
577400,"Almonds, Shelled Basis",IT,Italy,1980,1981,0,86,Total Supply,21,(MT),24000.0
577400,"Almonds, Shelled Basis",IT,Italy,1981,1982,0,20,Beginning Stocks,21,(MT),7000.0
577400,"Almonds, Shelled Basis",IT,Italy,1981,1982,0,125,Domestic Consumption,21,(MT),13470.0
577400,"Almonds, Shelled Basis",IT,Italy,1981,1982,0,176,Ending Stocks,21,(MT),11000.0
577400,"Almonds, Shelled Basis",IT,Italy,1981,1982,0,88,Exports,21,(MT),9095.0
577400,"Almonds, Shelled Basis",IT,Italy,1981,1982,0,57,Imports,21,(MT),1565.0
577400,"Almonds, Shelled Basis",IT,Italy,1981,1982,0,28,Production,21,(MT),25000.0
577400,"Almonds, Shelled Basis",IT,Italy,1981,1982,0,178,Total Distribution,21,(MT),33565.0
577400,"Almonds, Shelled Basis",IT,Italy,1981,1982,0,86,Total Supply,21,(MT),33565.0
577400,"Almonds, Shelled Basis",IT,Italy,1982,1983,0,20,Beginning Stocks,21,(MT),11000.0
577400,"Almonds, Shelled Basis",IT,Italy,1982,1983,0,125,Domestic Consumption,21,(MT),14856.0
577400,"Almonds, Shelled Basis",IT,Italy,1982,1983,0,176,Ending Stocks,21,(MT),3500.0
577400,"Almonds, Shelled Basis",IT,Italy,1982,1983,0,88,Exports,21,(MT),10218.0
577400,"Almonds, Shelled Basis",IT,Italy,1982,1983,0,57,Imports,21,(MT),1574.0
577400,"Almonds, Shelled Basis",IT,Italy,1982,1983,0,28,Production,21,(MT),16000.0
577400,"Almonds, Shelled Basis",IT,Italy,1982,1983,0,178,Total Distribution,21,(MT),28574.0
577400,"Almonds, Shelled Basis",IT,Italy,1982,1983,0,86,Total Supply,21,(MT),28574.0
577400,"Almonds, Shelled Basis",IT,Italy,1983,1984,0,20,Beginning Stocks,21,(MT),3500.0
577400,"Almonds, Shelled Basis",IT,Italy,1983,1984,0,125,Domestic Consumption,21,(MT),15493.0
577400,"Almonds, Shelled Basis",IT,Italy,1983,1984,0,176,Ending Stocks,21,(MT),1500.0
577400,"Almonds, Shelled Basis",IT,Italy,1983,1984,0,88,Exports,21,(MT),16866.0
577400,"Almonds, Shelled Basis",IT,Italy,1983,1984,0,57,Imports,21,(MT),1359.0
577400,"Almonds, Shelled Basis",IT,Italy,1983,1984,0,28,Production,21,(MT),29000.0
577400,"Almonds, Shelled Basis",IT,Italy,1983,1984,0,178,Total Distribution,21,(MT),33859.0
577400,"Almonds, Shelled Basis",IT,Italy,1983,1984,0,86,Total Supply,21,(MT),33859.0
577400,"Almonds, Shelled Basis",IT,Italy,1984,1985,0,20,Beginning Stocks,21,(MT),1500.0
577400,"Almonds, Shelled Basis",IT,Italy,1984,1985,0,125,Domestic Consumption,21,(MT),14698.0
577400,"Almonds, Shelled Basis",IT,Italy,1984,1985,0,176,Ending Stocks,21,(MT),500.0
577400,"Almonds, Shelled Basis",IT,Italy,1984,1985,0,88,Exports,21,(MT),4202.0
577400,"Almonds, Shelled Basis",IT,Italy,1984,1985,0,57,Imports,21,(MT),4900.0
577400,"Almonds, Shelled Basis",IT,Italy,1984,1985,0,28,Production,21,(MT),13000.0
577400,"Almonds, Shelled Basis",IT,Italy,1984,1985,0,178,Total Distribution,21,(MT),19400.0
577400,"Almonds, Shelled Basis",IT,Italy,1984,1985,0,86,Total Supply,21,(MT),19400.0
577400,"Almonds, Shelled Basis",IT,Italy,1985,1986,0,20,Beginning Stocks,21,(MT),500.0
577400,"Almonds, Shelled Basis",IT,Italy,1985,1986,0,125,Domestic Consumption,21,(MT),15466.0
577400,"Almonds, Shelled Basis",IT,Italy,1985,1986,0,176,Ending Stocks,21,(MT),3000.0
577400,"Almonds, Shelled Basis",IT,Italy,1985,1986,0,88,Exports,21,(MT),3969.0
577400,"Almonds, Shelled Basis",IT,Italy,1985,1986,0,57,Imports,21,(MT),6935.0
577400,"Almonds, Shelled Basis",IT,Italy,1985,1986,0,28,Production,21,(MT),15000.0
577400,"Almonds, Shelled Basis",IT,Italy,1985,1986,0,178,Total Distribution,21,(MT),22435.0
577400,"Almonds, Shelled Basis",IT,Italy,1985,1986,0,86,Total Supply,21,(MT),22435.0
577400,"Almonds, Shelled Basis",IT,Italy,1986,1987,0,20,Beginning Stocks,21,(MT),3000.0
577400,"Almonds, Shelled Basis",IT,Italy,1986,1987,0,125,Domestic Consumption,21,(MT),16877.0
577400,"Almonds, Shelled Basis",IT,Italy,1986,1987,0,176,Ending Stocks,21,(MT),3500.0
577400,"Almonds, Shelled Basis",IT,Italy,1986,1987,0,88,Exports,21,(MT),6323.0
577400,"Almonds, Shelled Basis",IT,Italy,1986,1987,0,57,Imports,21,(MT),6700.0
577400,"Almonds, Shelled Basis",IT,Italy,1986,1987,0,28,Production,21,(MT),17000.0
577400,"Almonds, Shelled Basis",IT,Italy,1986,1987,0,178,Total Distribution,21,(MT),26700.0
577400,"Almonds, Shelled Basis",IT,Italy,1986,1987,0,86,Total Supply,21,(MT),26700.0
577400,"Almonds, Shelled Basis",IT,Italy,1987,1988,0,20,Beginning Stocks,21,(MT),3500.0
577400,"Almonds, Shelled Basis",IT,Italy,1987,1988,0,125,Domestic Consumption,21,(MT),18197.0
577400,"Almonds, Shelled Basis",IT,Italy,1987,1988,0,176,Ending Stocks,21,(MT),6000.0
577400,"Almonds, Shelled Basis",IT,Italy,1987,1988,0,88,Exports,21,(MT),3008.0
577400,"Almonds, Shelled Basis",IT,Italy,1987,1988,0,57,Imports,21,(MT),11705.0
577400,"Almonds, Shelled Basis",IT,Italy,1987,1988,0,28,Production,21,(MT),12000.0
577400,"Almonds, Shelled Basis",IT,Italy,1987,1988,0,178,Total Distribution,21,(MT),27205.0
577400,"Almonds, Shelled Basis",IT,Italy,1987,1988,0,86,Total Supply,21,(MT),27205.0
577400,"Almonds, Shelled Basis",IT,Italy,1988,1989,0,20,Beginning Stocks,21,(MT),6000.0
577400,"Almonds, Shelled Basis",IT,Italy,1988,1989,0,125,Domestic Consumption,21,(MT),19408.0
577400,"Almonds, Shelled Basis",IT,Italy,1988,1989,0,176,Ending Stocks,21,(MT),6000.0
577400,"Almonds, Shelled Basis",IT,Italy,1988,1989,0,88,Exports,21,(MT),5142.0
577400,"Almonds, Shelled Basis",IT,Italy,1988,1989,0,57,Imports,21,(MT),10550.0
577400,"Almonds, Shelled Basis",IT,Italy,1988,1989,0,28,Production,21,(MT),14000.0
577400,"Almonds, Shelled Basis",IT,Italy,1988,1989,0,178,Total Distribution,21,(MT),30550.0
577400,"Almonds, Shelled Basis",IT,Italy,1988,1989,0,86,Total Supply,21,(MT),30550.0
577400,"Almonds, Shelled Basis",IT,Italy,1989,1990,0,20,Beginning Stocks,21,(MT),6000.0
577400,"Almonds, Shelled Basis",IT,Italy,1989,1990,0,125,Domestic Consumption,21,(MT),23966.0
577400,"Almonds, Shelled Basis",IT,Italy,1989,1990,0,176,Ending Stocks,21,(MT),6000.0
577400,"Almonds, Shelled Basis",IT,Italy,1989,1990,0,88,Exports,21,(MT),3603.0
577400,"Almonds, Shelled Basis",IT,Italy,1989,1990,0,57,Imports,21,(MT),9569.0
577400,"Almonds, Shelled Basis",IT,Italy,1989,1990,0,28,Production,21,(MT),18000.0
577400,"Almonds, Shelled Basis",IT,Italy,1989,1990,0,178,Total Distribution,21,(MT),33569.0
577400,"Almonds, Shelled Basis",IT,Italy,1989,1990,0,86,Total Supply,21,(MT),33569.0
577400,"Almonds, Shelled Basis",IT,Italy,1990,1991,0,20,Beginning Stocks,21,(MT),6000.0
577400,"Almonds, Shelled Basis",IT,Italy,1990,1991,0,125,Domestic Consumption,21,(MT),24774.0
577400,"Almonds, Shelled Basis",IT,Italy,1990,1991,0,176,Ending Stocks,21,(MT),10000.0
577400,"Almonds, Shelled Basis",IT,Italy,1990,1991,0,88,Exports,21,(MT),2090.0
577400,"Almonds, Shelled Basis",IT,Italy,1990,1991,0,57,Imports,21,(MT),11864.0
577400,"Almonds, Shelled Basis",IT,Italy,1990,1991,0,28,Production,21,(MT),19000.0
577400,"Almonds, Shelled Basis",IT,Italy,1990,1991,0,178,Total Distribution,21,(MT),36864.0
577400,"Almonds, Shelled Basis",IT,Italy,1990,1991,0,86,Total Supply,21,(MT),36864.0
577400,"Almonds, Shelled Basis",IT,Italy,1991,1992,0,20,Beginning Stocks,21,(MT),10000.0
577400,"Almonds, Shelled Basis",IT,Italy,1991,1992,0,125,Domestic Consumption,21,(MT),25721.0
577400,"Almonds, Shelled Basis",IT,Italy,1991,1992,0,176,Ending Stocks,21,(MT),6000.0
577400,"Almonds, Shelled Basis",IT,Italy,1991,1992,0,88,Exports,21,(MT),1725.0
577400,"Almonds, Shelled Basis",IT,Italy,1991,1992,0,57,Imports,21,(MT),12446.0
577400,"Almonds, Shelled Basis",IT,Italy,1991,1992,0,28,Production,21,(MT),11000.0
577400,"Almonds, Shelled Basis",IT,Italy,1991,1992,0,178,Total Distribution,21,(MT),33446.0
577400,"Almonds, Shelled Basis",IT,Italy,1991,1992,0,86,Total Supply,21,(MT),33446.0
577400,"Almonds, Shelled Basis",IT,Italy,1992,1993,0,20,Beginning Stocks,21,(MT),6000.0
577400,"Almonds, Shelled Basis",IT,Italy,1992,1993,0,125,Domestic Consumption,21,(MT),22898.0
577400,"Almonds, Shelled Basis",IT,Italy,1992,1993,0,176,Ending Stocks,21,(MT),4000.0
577400,"Almonds, Shelled Basis",IT,Italy,1992,1993,0,88,Exports,21,(MT),4093.0
577400,"Almonds, Shelled Basis",IT,Italy,1992,1993,0,57,Imports,21,(MT),6991.0
577400,"Almonds, Shelled Basis",IT,Italy,1992,1993,0,28,Production,21,(MT),18000.0
577400,"Almonds, Shelled Basis",IT,Italy,1992,1993,0,178,Total Distribution,21,(MT),30991.0
577400,"Almonds, Shelled Basis",IT,Italy,1992,1993,0,86,Total Supply,21,(MT),30991.0
577400,"Almonds, Shelled Basis",IT,Italy,1993,1994,0,20,Beginning Stocks,21,(MT),4000.0
577400,"Almonds, Shelled Basis",IT,Italy,1993,1994,0,125,Domestic Consumption,21,(MT),23315.0
577400,"Almonds, Shelled Basis",IT,Italy,1993,1994,0,176,Ending Stocks,21,(MT),1000.0
577400,"Almonds, Shelled Basis",IT,Italy,1993,1994,0,88,Exports,21,(MT),2486.0
577400,"Almonds, Shelled Basis",IT,Italy,1993,1994,0,57,Imports,21,(MT),7801.0
577400,"Almonds, Shelled Basis",IT,Italy,1993,1994,0,28,Production,21,(MT),15000.0
577400,"Almonds, Shelled Basis",IT,Italy,1993,1994,0,178,Total Distribution,21,(MT),26801.0
577400,"Almonds, Shelled Basis",IT,Italy,1993,1994,0,86,Total Supply,21,(MT),26801.0
577400,"Almonds, Shelled Basis",IT,Italy,1994,1995,0,20,Beginning Stocks,21,(MT),1000.0
577400,"Almonds, Shelled Basis",IT,Italy,1994,1995,0,125,Domestic Consumption,21,(MT),22096.0
577400,"Almonds, Shelled Basis",IT,Italy,1994,1995,0,176,Ending Stocks,21,(MT),500.0
577400,"Almonds, Shelled Basis",IT,Italy,1994,1995,0,88,Exports,21,(MT),1973.0
577400,"Almonds, Shelled Basis",IT,Italy,1994,1995,0,57,Imports,21,(MT),9569.0
577400,"Almonds, Shelled Basis",IT,Italy,1994,1995,0,28,Production,21,(MT),14000.0
577400,"Almonds, Shelled Basis",IT,Italy,1994,1995,0,178,Total Distribution,21,(MT),24569.0
577400,"Almonds, Shelled Basis",IT,Italy,1994,1995,0,86,Total Supply,21,(MT),24569.0
577400,"Almonds, Shelled Basis",IT,Italy,1995,1996,0,20,Beginning Stocks,21,(MT),500.0
577400,"Almonds, Shelled Basis",IT,Italy,1995,1996,0,125,Domestic Consumption,21,(MT),22153.0
577400,"Almonds, Shelled Basis",IT,Italy,1995,1996,0,176,Ending Stocks,21,(MT),500.0
577400,"Almonds, Shelled Basis",IT,Italy,1995,1996,0,88,Exports,21,(MT),1729.0
577400,"Almonds, Shelled Basis",IT,Italy,1995,1996,0,57,Imports,21,(MT),8882.0
577400,"Almonds, Shelled Basis",IT,Italy,1995,1996,0,28,Production,21,(MT),15000.0
577400,"Almonds, Shelled Basis",IT,Italy,1995,1996,0,178,Total Distribution,21,(MT),24382.0
577400,"Almonds, Shelled Basis",IT,Italy,1995,1996,0,86,Total Supply,21,(MT),24382.0
577400,"Almonds, Shelled Basis",IT,Italy,1996,1997,0,20,Beginning Stocks,21,(MT),500.0
577400,"Almonds, Shelled Basis",IT,Italy,1996,1997,0,125,Domestic Consumption,21,(MT),19657.0
577400,"Almonds, Shelled Basis",IT,Italy,1996,1997,0,176,Ending Stocks,21,(MT),500.0
577400,"Almonds, Shelled Basis",IT,Italy,1996,1997,0,88,Exports,21,(MT),1071.0
577400,"Almonds, Shelled Basis",IT,Italy,1996,1997,0,57,Imports,21,(MT),14728.0
577400,"Almonds, Shelled Basis",IT,Italy,1996,1997,0,28,Production,21,(MT),6000.0
577400,"Almonds, Shelled Basis",IT,Italy,1996,1997,0,178,Total Distribution,21,(MT),21228.0
577400,"Almonds, Shelled Basis",IT,Italy,1996,1997,0,86,Total Supply,21,(MT),21228.0
577400,"Almonds, Shelled Basis",IT,Italy,1997,1998,0,20,Beginning Stocks,21,(MT),500.0
577400,"Almonds, Shelled Basis",IT,Italy,1997,1998,0,125,Domestic Consumption,21,(MT),24102.0
577400,"Almonds, Shelled Basis",IT,Italy,1997,1998,0,176,Ending Stocks,21,(MT),2000.0
577400,"Almonds, Shelled Basis",IT,Italy,1997,1998,0,88,Exports,21,(MT),1177.0
577400,"Almonds, Shelled Basis",IT,Italy,1997,1998,0,57,Imports,21,(MT),15779.0
577400,"Almonds, Shelled Basis",IT,Italy,1997,1998,0,28,Production,21,(MT),11000.0
577400,"Almonds, Shelled Basis",IT,Italy,1997,1998,0,178,Total Distribution,21,(MT),27279.0
577400,"Almonds, Shelled Basis",IT,Italy,1997,1998,0,86,Total Supply,21,(MT),27279.0
577400,"Almonds, Shelled Basis",IT,Italy,1998,1999,0,20,Beginning Stocks,21,(MT),2000.0
577400,"Almonds, Shelled Basis",IT,Italy,1998,1999,0,125,Domestic Consumption,21,(MT),22593.0
577400,"Almonds, Shelled Basis",IT,Italy,1998,1999,0,176,Ending Stocks,21,(MT),1000.0
577400,"Almonds, Shelled Basis",IT,Italy,1998,1999,0,88,Exports,21,(MT),1188.0
577400,"Almonds, Shelled Basis",IT,Italy,1998,1999,0,57,Imports,21,(MT),13781.0
577400,"Almonds, Shelled Basis",IT,Italy,1998,1999,0,28,Production,21,(MT),9000.0
577400,"Almonds, Shelled Basis",IT,Italy,1998,1999,0,178,Total Distribution,21,(MT),24781.0
577400,"Almonds, Shelled Basis",IT,Italy,1998,1999,0,86,Total Supply,21,(MT),24781.0
577400,"Almonds, Shelled Basis",IT,Italy,1999,2000,0,20,Beginning Stocks,21,(MT),1000.0
577400,"Almonds, Shelled Basis",IT,Italy,1999,2000,0,125,Domestic Consumption,21,(MT),30400.0
577400,"Almonds, Shelled Basis",IT,Italy,1999,2000,0,176,Ending Stocks,21,(MT),2000.0
577400,"Almonds, Shelled Basis",IT,Italy,1999,2000,0,88,Exports,21,(MT),2000.0
577400,"Almonds, Shelled Basis",IT,Italy,1999,2000,0,57,Imports,21,(MT),16400.0
577400,"Almonds, Shelled Basis",IT,Italy,1999,2000,0,28,Production,21,(MT),17000.0
577400,"Almonds, Shelled Basis",IT,Italy,1999,2000,0,178,Total Distribution,21,(MT),34400.0
577400,"Almonds, Shelled Basis",IT,Italy,1999,2000,0,86,Total Supply,21,(MT),34400.0
577400,"Almonds, Shelled Basis",IT,Italy,2000,2010,10,20,Beginning Stocks,21,(MT),2000.0
577400,"Almonds, Shelled Basis",IT,Italy,2000,2010,10,125,Domestic Consumption,21,(MT),25800.0
577400,"Almonds, Shelled Basis",IT,Italy,2000,2010,10,176,Ending Stocks,21,(MT),0.0
577400,"Almonds, Shelled Basis",IT,Italy,2000,2010,10,88,Exports,21,(MT),2200.0
577400,"Almonds, Shelled Basis",IT,Italy,2000,2010,10,57,Imports,21,(MT),16000.0
577400,"Almonds, Shelled Basis",IT,Italy,2000,2010,10,28,Production,21,(MT),10000.0
577400,"Almonds, Shelled Basis",IT,Italy,2000,2010,10,178,Total Distribution,21,(MT),28000.0
577400,"Almonds, Shelled Basis",IT,Italy,2000,2010,10,86,Total Supply,21,(MT),28000.0
577400,"Almonds, Shelled Basis",IT,Italy,2001,2010,10,20,Beginning Stocks,21,(MT),0.0
577400,"Almonds, Shelled Basis",IT,Italy,2001,2010,10,125,Domestic Consumption,21,(MT),0.0
577400,"Almonds, Shelled Basis",IT,Italy,2001,2010,10,176,Ending Stocks,21,(MT),0.0
577400,"Almonds, Shelled Basis",IT,Italy,2001,2010,10,88,Exports,21,(MT),0.0
577400,"Almonds, Shelled Basis",IT,Italy,2001,2010,10,57,Imports,21,(MT),0.0
577400,"Almonds, Shelled Basis",IT,Italy,2001,2010,10,28,Production,21,(MT),0.0
577400,"Almonds, Shelled Basis",IT,Italy,2001,2010,10,178,Total Distribution,21,(MT),0.0
577400,"Almonds, Shelled Basis",IT,Italy,2001,2010,10,86,Total Supply,21,(MT),0.0
577400,"Almonds, Shelled Basis",IT,Italy,2002,2010,10,20,Beginning Stocks,21,(MT),0.0
577400,"Almonds, Shelled Basis",IT,Italy,2002,2010,10,125,Domestic Consumption,21,(MT),0.0
577400,"Almonds, Shelled Basis",IT,Italy,2002,2010,10,176,Ending Stocks,21,(MT),0.0
577400,"Almonds, Shelled Basis",IT,Italy,2002,2010,10,88,Exports,21,(MT),0.0
577400,"Almonds, Shelled Basis",IT,Italy,2002,2010,10,57,Imports,21,(MT),0.0
577400,"Almonds, Shelled Basis",IT,Italy,2002,2010,10,28,Production,21,(MT),0.0
577400,"Almonds, Shelled Basis",IT,Italy,2002,2010,10,178,Total Distribution,21,(MT),0.0
577400,"Almonds, Shelled Basis",IT,Italy,2002,2010,10,86,Total Supply,21,(MT),0.0
577400,"Almonds, Shelled Basis",IT,Italy,2003,2010,10,20,Beginning Stocks,21,(MT),0.0
577400,"Almonds, Shelled Basis",IT,Italy,2003,2010,10,125,Domestic Consumption,21,(MT),0.0
577400,"Almonds, Shelled Basis",IT,Italy,2003,2010,10,176,Ending Stocks,21,(MT),0.0
577400,"Almonds, Shelled Basis",IT,Italy,2003,2010,10,88,Exports,21,(MT),0.0
577400,"Almonds, Shelled Basis",IT,Italy,2003,2010,10,57,Imports,21,(MT),0.0
577400,"Almonds, Shelled Basis",IT,Italy,2003,2010,10,28,Production,21,(MT),0.0
577400,"Almonds, Shelled Basis",IT,Italy,2003,2010,10,178,Total Distribution,21,(MT),0.0
577400,"Almonds, Shelled Basis",IT,Italy,2003,2010,10,86,Total Supply,21,(MT),0.0
577400,"Almonds, Shelled Basis",IT,Italy,2004,2009,8,20,Beginning Stocks,21,(MT),0.0
577400,"Almonds, Shelled Basis",IT,Italy,2004,2009,8,125,Domestic Consumption,21,(MT),0.0
577400,"Almonds, Shelled Basis",IT,Italy,2004,2009,8,176,Ending Stocks,21,(MT),0.0
577400,"Almonds, Shelled Basis",IT,Italy,2004,2009,8,88,Exports,21,(MT),0.0
577400,"Almonds, Shelled Basis",IT,Italy,2004,2009,8,57,Imports,21,(MT),0.0
577400,"Almonds, Shelled Basis",IT,Italy,2004,2009,8,28,Production,21,(MT),0.0
577400,"Almonds, Shelled Basis",IT,Italy,2004,2009,8,178,Total Distribution,21,(MT),0.0
577400,"Almonds, Shelled Basis",IT,Italy,2004,2009,8,86,Total Supply,21,(MT),0.0
577400,"Almonds, Shelled Basis",IT,Italy,2005,2009,8,20,Beginning Stocks,21,(MT),0.0
577400,"Almonds, Shelled Basis",IT,Italy,2005,2009,8,125,Domestic Consumption,21,(MT),0.0
577400,"Almonds, Shelled Basis",IT,Italy,2005,2009,8,176,Ending Stocks,21,(MT),0.0
577400,"Almonds, Shelled Basis",IT,Italy,2005,2009,8,88,Exports,21,(MT),0.0
577400,"Almonds, Shelled Basis",IT,Italy,2005,2009,8,57,Imports,21,(MT),0.0
577400,"Almonds, Shelled Basis",IT,Italy,2005,2009,8,28,Production,21,(MT),0.0
577400,"Almonds, Shelled Basis",IT,Italy,2005,2009,8,178,Total Distribution,21,(MT),0.0
577400,"Almonds, Shelled Basis",IT,Italy,2005,2009,8,86,Total Supply,21,(MT),0.0
577400,"Almonds, Shelled Basis",IT,Italy,2006,2008,11,20,Beginning Stocks,21,(MT),0.0
577400,"Almonds, Shelled Basis",IT,Italy,2006,2008,11,125,Domestic Consumption,21,(MT),0.0
577400,"Almonds, Shelled Basis",IT,Italy,2006,2008,11,176,Ending Stocks,21,(MT),0.0
577400,"Almonds, Shelled Basis",IT,Italy,2006,2008,11,88,Exports,21,(MT),0.0
577400,"Almonds, Shelled Basis",IT,Italy,2006,2008,11,57,Imports,21,(MT),0.0
577400,"Almonds, Shelled Basis",IT,Italy,2006,2008,11,28,Production,21,(MT),0.0
577400,"Almonds, Shelled Basis",IT,Italy,2006,2008,11,178,Total Distribution,21,(MT),0.0
577400,"Almonds, Shelled Basis",IT,Italy,2006,2008,11,86,Total Supply,21,(MT),0.0
577400,"Almonds, Shelled Basis",IT,Italy,2007,2008,11,20,Beginning Stocks,21,(MT),0.0
577400,"Almonds, Shelled Basis",IT,Italy,2007,2008,11,125,Domestic Consumption,21,(MT),0.0
577400,"Almonds, Shelled Basis",IT,Italy,2007,2008,11,176,Ending Stocks,21,(MT),0.0
577400,"Almonds, Shelled Basis",IT,Italy,2007,2008,11,88,Exports,21,(MT),0.0
577400,"Almonds, Shelled Basis",IT,Italy,2007,2008,11,57,Imports,21,(MT),0.0
577400,"Almonds, Shelled Basis",IT,Italy,2007,2008,11,28,Production,21,(MT),0.0
577400,"Almonds, Shelled Basis",IT,Italy,2007,2008,11,178,Total Distribution,21,(MT),0.0
577400,"Almonds, Shelled Basis",IT,Italy,2007,2008,11,86,Total Supply,21,(MT),0.0
577400,"Almonds, Shelled Basis",IT,Italy,2008,2008,11,20,Beginning Stocks,21,(MT),0.0
577400,"Almonds, Shelled Basis",IT,Italy,2008,2008,11,125,Domestic Consumption,21,(MT),0.0
577400,"Almonds, Shelled Basis",IT,Italy,2008,2008,11,176,Ending Stocks,21,(MT),0.0
577400,"Almonds, Shelled Basis",IT,Italy,2008,2008,11,88,Exports,21,(MT),0.0
577400,"Almonds, Shelled Basis",IT,Italy,2008,2008,11,57,Imports,21,(MT),0.0
577400,"Almonds, Shelled Basis",IT,Italy,2008,2008,11,28,Production,21,(MT),0.0
577400,"Almonds, Shelled Basis",IT,Italy,2008,2008,11,178,Total Distribution,21,(MT),0.0
577400,"Almonds, Shelled Basis",IT,Italy,2008,2008,11,86,Total Supply,21,(MT),0.0
577400,"Almonds, Shelled Basis",IT,Italy,2009,2009,8,20,Beginning Stocks,21,(MT),0.0
577400,"Almonds, Shelled Basis",IT,Italy,2009,2009,8,125,Domestic Consumption,21,(MT),0.0
577400,"Almonds, Shelled Basis",IT,Italy,2009,2009,8,176,Ending Stocks,21,(MT),0.0
577400,"Almonds, Shelled Basis",IT,Italy,2009,2009,8,88,Exports,21,(MT),0.0
577400,"Almonds, Shelled Basis",IT,Italy,2009,2009,8,57,Imports,21,(MT),0.0
577400,"Almonds, Shelled Basis",IT,Italy,2009,2009,8,28,Production,21,(MT),0.0
577400,"Almonds, Shelled Basis",IT,Italy,2009,2009,8,178,Total Distribution,21,(MT),0.0
577400,"Almonds, Shelled Basis",IT,Italy,2009,2009,8,86,Total Supply,21,(MT),0.0
577400,"Almonds, Shelled Basis",IT,Italy,2010,2010,10,20,Beginning Stocks,21,(MT),0.0
577400,"Almonds, Shelled Basis",IT,Italy,2010,2010,10,125,Domestic Consumption,21,(MT),0.0
577400,"Almonds, Shelled Basis",IT,Italy,2010,2010,10,176,Ending Stocks,21,(MT),0.0
577400,"Almonds, Shelled Basis",IT,Italy,2010,2010,10,88,Exports,21,(MT),0.0
577400,"Almonds, Shelled Basis",IT,Italy,2010,2010,10,57,Imports,21,(MT),0.0
577400,"Almonds, Shelled Basis",IT,Italy,2010,2010,10,28,Production,21,(MT),0.0
577400,"Almonds, Shelled Basis",IT,Italy,2010,2010,10,178,Total Distribution,21,(MT),0.0
577400,"Almonds, Shelled Basis",IT,Italy,2010,2010,10,86,Total Supply,21,(MT),0.0
577400,"Almonds, Shelled Basis",IT,Italy,2011,2011,10,20,Beginning Stocks,21,(MT),0.0
577400,"Almonds, Shelled Basis",IT,Italy,2011,2011,10,125,Domestic Consumption,21,(MT),0.0
577400,"Almonds, Shelled Basis",IT,Italy,2011,2011,10,176,Ending Stocks,21,(MT),0.0
577400,"Almonds, Shelled Basis",IT,Italy,2011,2011,10,88,Exports,21,(MT),0.0
577400,"Almonds, Shelled Basis",IT,Italy,2011,2011,10,57,Imports,21,(MT),0.0
577400,"Almonds, Shelled Basis",IT,Italy,2011,2011,10,28,Production,21,(MT),0.0
577400,"Almonds, Shelled Basis",IT,Italy,2011,2011,10,178,Total Distribution,21,(MT),0.0
577400,"Almonds, Shelled Basis",IT,Italy,2011,2011,10,86,Total Supply,21,(MT),0.0
577400,"Almonds, Shelled Basis",IT,Italy,2012,2012,10,20,Beginning Stocks,21,(MT),0.0
577400,"Almonds, Shelled Basis",IT,Italy,2012,2012,10,125,Domestic Consumption,21,(MT),0.0
577400,"Almonds, Shelled Basis",IT,Italy,2012,2012,10,176,Ending Stocks,21,(MT),0.0
577400,"Almonds, Shelled Basis",IT,Italy,2012,2012,10,88,Exports,21,(MT),0.0
577400,"Almonds, Shelled Basis",IT,Italy,2012,2012,10,57,Imports,21,(MT),0.0
577400,"Almonds, Shelled Basis",IT,Italy,2012,2012,10,28,Production,21,(MT),0.0
577400,"Almonds, Shelled Basis",IT,Italy,2012,2012,10,178,Total Distribution,21,(MT),0.0
577400,"Almonds, Shelled Basis",IT,Italy,2012,2012,10,86,Total Supply,21,(MT),0.0
577400,"Almonds, Shelled Basis",IT,Italy,2013,2013,10,20,Beginning Stocks,21,(MT),0.0
577400,"Almonds, Shelled Basis",IT,Italy,2013,2013,10,125,Domestic Consumption,21,(MT),0.0
577400,"Almonds, Shelled Basis",IT,Italy,2013,2013,10,176,Ending Stocks,21,(MT),0.0
577400,"Almonds, Shelled Basis",IT,Italy,2013,2013,10,88,Exports,21,(MT),0.0
577400,"Almonds, Shelled Basis",IT,Italy,2013,2013,10,57,Imports,21,(MT),0.0
577400,"Almonds, Shelled Basis",IT,Italy,2013,2013,10,28,Production,21,(MT),0.0
577400,"Almonds, Shelled Basis",IT,Italy,2013,2013,10,178,Total Distribution,21,(MT),0.0
577400,"Almonds, Shelled Basis",IT,Italy,2013,2013,10,86,Total Supply,21,(MT),0.0
577400,"Almonds, Shelled Basis",IT,Italy,2014,2015,3,20,Beginning Stocks,21,(MT),0.0
577400,"Almonds, Shelled Basis",IT,Italy,2014,2015,3,125,Domestic Consumption,21,(MT),0.0
577400,"Almonds, Shelled Basis",IT,Italy,2014,2015,3,176,Ending Stocks,21,(MT),0.0
577400,"Almonds, Shelled Basis",IT,Italy,2014,2015,3,88,Exports,21,(MT),0.0
577400,"Almonds, Shelled Basis",IT,Italy,2014,2015,3,57,Imports,21,(MT),0.0
577400,"Almonds, Shelled Basis",IT,Italy,2014,2015,3,28,Production,21,(MT),0.0
577400,"Almonds, Shelled Basis",IT,Italy,2014,2015,3,178,Total Distribution,21,(MT),0.0
577400,"Almonds, Shelled Basis",IT,Italy,2014,2015,3,86,Total Supply,21,(MT),0.0
577400,"Almonds, Shelled Basis",IT,Italy,2015,2016,8,20,Beginning Stocks,21,(MT),0.0
577400,"Almonds, Shelled Basis",IT,Italy,2015,2016,8,125,Domestic Consumption,21,(MT),0.0
577400,"Almonds, Shelled Basis",IT,Italy,2015,2016,8,176,Ending Stocks,21,(MT),0.0
577400,"Almonds, Shelled Basis",IT,Italy,2015,2016,8,88,Exports,21,(MT),0.0
577400,"Almonds, Shelled Basis",IT,Italy,2015,2016,8,57,Imports,21,(MT),0.0
577400,"Almonds, Shelled Basis",IT,Italy,2015,2016,8,28,Production,21,(MT),0.0
577400,"Almonds, Shelled Basis",IT,Italy,2015,2016,8,178,Total Distribution,21,(MT),0.0
577400,"Almonds, Shelled Basis",IT,Italy,2015,2016,8,86,Total Supply,21,(MT),0.0
577400,"Almonds, Shelled Basis",IT,Italy,2016,2017,2,20,Beginning Stocks,21,(MT),0.0
577400,"Almonds, Shelled Basis",IT,Italy,2016,2017,2,125,Domestic Consumption,21,(MT),0.0
577400,"Almonds, Shelled Basis",IT,Italy,2016,2017,2,176,Ending Stocks,21,(MT),0.0
577400,"Almonds, Shelled Basis",IT,Italy,2016,2017,2,88,Exports,21,(MT),0.0
577400,"Almonds, Shelled Basis",IT,Italy,2016,2017,2,57,Imports,21,(MT),0.0
577400,"Almonds, Shelled Basis",IT,Italy,2016,2017,2,28,Production,21,(MT),0.0
577400,"Almonds, Shelled Basis",IT,Italy,2016,2017,2,178,Total Distribution,21,(MT),0.0
577400,"Almonds, Shelled Basis",IT,Italy,2016,2017,2,86,Total Supply,21,(MT),0.0
577400,"Almonds, Shelled Basis",IT,Italy,2017,2017,10,20,Beginning Stocks,21,(MT),0.0
577400,"Almonds, Shelled Basis",IT,Italy,2017,2017,10,125,Domestic Consumption,21,(MT),0.0
577400,"Almonds, Shelled Basis",IT,Italy,2017,2017,10,176,Ending Stocks,21,(MT),0.0
577400,"Almonds, Shelled Basis",IT,Italy,2017,2017,10,88,Exports,21,(MT),0.0
577400,"Almonds, Shelled Basis",IT,Italy,2017,2017,10,57,Imports,21,(MT),0.0
577400,"Almonds, Shelled Basis",IT,Italy,2017,2017,10,28,Production,21,(MT),0.0
577400,"Almonds, Shelled Basis",IT,Italy,2017,2017,10,178,Total Distribution,21,(MT),0.0
577400,"Almonds, Shelled Basis",IT,Italy,2017,2017,10,86,Total Supply,21,(MT),0.0
577400,"Almonds, Shelled Basis",IT,Italy,2018,2018,10,20,Beginning Stocks,21,(MT),0.0
577400,"Almonds, Shelled Basis",IT,Italy,2018,2018,10,125,Domestic Consumption,21,(MT),0.0
577400,"Almonds, Shelled Basis",IT,Italy,2018,2018,10,176,Ending Stocks,21,(MT),0.0
577400,"Almonds, Shelled Basis",IT,Italy,2018,2018,10,88,Exports,21,(MT),0.0
577400,"Almonds, Shelled Basis",IT,Italy,2018,2018,10,57,Imports,21,(MT),0.0
577400,"Almonds, Shelled Basis",IT,Italy,2018,2018,10,28,Production,21,(MT),0.0
577400,"Almonds, Shelled Basis",IT,Italy,2018,2018,10,178,Total Distribution,21,(MT),0.0
577400,"Almonds, Shelled Basis",IT,Italy,2018,2018,10,86,Total Supply,21,(MT),0.0
577400,"Almonds, Shelled Basis",IT,Italy,2019,2019,10,20,Beginning Stocks,21,(MT),0.0
577400,"Almonds, Shelled Basis",IT,Italy,2019,2019,10,125,Domestic Consumption,21,(MT),0.0
577400,"Almonds, Shelled Basis",IT,Italy,2019,2019,10,176,Ending Stocks,21,(MT),0.0
577400,"Almonds, Shelled Basis",IT,Italy,2019,2019,10,88,Exports,21,(MT),0.0
577400,"Almonds, Shelled Basis",IT,Italy,2019,2019,10,57,Imports,21,(MT),0.0
577400,"Almonds, Shelled Basis",IT,Italy,2019,2019,10,28,Production,21,(MT),0.0
577400,"Almonds, Shelled Basis",IT,Italy,2019,2019,10,178,Total Distribution,21,(MT),0.0
577400,"Almonds, Shelled Basis",IT,Italy,2019,2019,10,86,Total Supply,21,(MT),0.0
577400,"Almonds, Shelled Basis",IT,Italy,2020,2020,10,20,Beginning Stocks,21,(MT),0.0
577400,"Almonds, Shelled Basis",IT,Italy,2020,2020,10,125,Domestic Consumption,21,(MT),0.0
577400,"Almonds, Shelled Basis",IT,Italy,2020,2020,10,176,Ending Stocks,21,(MT),0.0
577400,"Almonds, Shelled Basis",IT,Italy,2020,2020,10,88,Exports,21,(MT),0.0
577400,"Almonds, Shelled Basis",IT,Italy,2020,2020,10,57,Imports,21,(MT),0.0
577400,"Almonds, Shelled Basis",IT,Italy,2020,2020,10,28,Production,21,(MT),0.0
577400,"Almonds, Shelled Basis",IT,Italy,2020,2020,10,178,Total Distribution,21,(MT),0.0
577400,"Almonds, Shelled Basis",IT,Italy,2020,2020,10,86,Total Supply,21,(MT),0.0
577400,"Almonds, Shelled Basis",JA,Japan,2001,2010,10,20,Beginning Stocks,21,(MT),0.0
577400,"Almonds, Shelled Basis",JA,Japan,2001,2010,10,125,Domestic Consumption,21,(MT),23100.0
577400,"Almonds, Shelled Basis",JA,Japan,2001,2010,10,176,Ending Stocks,21,(MT),0.0
577400,"Almonds, Shelled Basis",JA,Japan,2001,2010,10,88,Exports,21,(MT),0.0
577400,"Almonds, Shelled Basis",JA,Japan,2001,2010,10,57,Imports,21,(MT),23100.0
577400,"Almonds, Shelled Basis",JA,Japan,2001,2010,10,28,Production,21,(MT),0.0
577400,"Almonds, Shelled Basis",JA,Japan,2001,2010,10,178,Total Distribution,21,(MT),23100.0
577400,"Almonds, Shelled Basis",JA,Japan,2001,2010,10,86,Total Supply,21,(MT),23100.0
577400,"Almonds, Shelled Basis",JA,Japan,2002,2014,10,20,Beginning Stocks,21,(MT),0.0
577400,"Almonds, Shelled Basis",JA,Japan,2002,2014,10,125,Domestic Consumption,21,(MT),25700.0
577400,"Almonds, Shelled Basis",JA,Japan,2002,2014,10,176,Ending Stocks,21,(MT),0.0
577400,"Almonds, Shelled Basis",JA,Japan,2002,2014,10,88,Exports,21,(MT),0.0
577400,"Almonds, Shelled Basis",JA,Japan,2002,2014,10,57,Imports,21,(MT),25700.0
577400,"Almonds, Shelled Basis",JA,Japan,2002,2014,10,28,Production,21,(MT),0.0
577400,"Almonds, Shelled Basis",JA,Japan,2002,2014,10,178,Total Distribution,21,(MT),25700.0
577400,"Almonds, Shelled Basis",JA,Japan,2002,2014,10,86,Total Supply,21,(MT),25700.0
577400,"Almonds, Shelled Basis",JA,Japan,2003,2014,10,20,Beginning Stocks,21,(MT),0.0
577400,"Almonds, Shelled Basis",JA,Japan,2003,2014,10,125,Domestic Consumption,21,(MT),26300.0
577400,"Almonds, Shelled Basis",JA,Japan,2003,2014,10,176,Ending Stocks,21,(MT),0.0
577400,"Almonds, Shelled Basis",JA,Japan,2003,2014,10,88,Exports,21,(MT),0.0
577400,"Almonds, Shelled Basis",JA,Japan,2003,2014,10,57,Imports,21,(MT),26300.0
577400,"Almonds, Shelled Basis",JA,Japan,2003,2014,10,28,Production,21,(MT),0.0
577400,"Almonds, Shelled Basis",JA,Japan,2003,2014,10,178,Total Distribution,21,(MT),26300.0
577400,"Almonds, Shelled Basis",JA,Japan,2003,2014,10,86,Total Supply,21,(MT),26300.0
577400,"Almonds, Shelled Basis",JA,Japan,2004,2014,10,20,Beginning Stocks,21,(MT),0.0
577400,"Almonds, Shelled Basis",JA,Japan,2004,2014,10,125,Domestic Consumption,21,(MT),26500.0
577400,"Almonds, Shelled Basis",JA,Japan,2004,2014,10,176,Ending Stocks,21,(MT),0.0
577400,"Almonds, Shelled Basis",JA,Japan,2004,2014,10,88,Exports,21,(MT),0.0
577400,"Almonds, Shelled Basis",JA,Japan,2004,2014,10,57,Imports,21,(MT),26500.0
577400,"Almonds, Shelled Basis",JA,Japan,2004,2014,10,28,Production,21,(MT),0.0
577400,"Almonds, Shelled Basis",JA,Japan,2004,2014,10,178,Total Distribution,21,(MT),26500.0
577400,"Almonds, Shelled Basis",JA,Japan,2004,2014,10,86,Total Supply,21,(MT),26500.0
577400,"Almonds, Shelled Basis",JA,Japan,2005,2014,10,20,Beginning Stocks,21,(MT),0.0
577400,"Almonds, Shelled Basis",JA,Japan,2005,2014,10,125,Domestic Consumption,21,(MT),25700.0
577400,"Almonds, Shelled Basis",JA,Japan,2005,2014,10,176,Ending Stocks,21,(MT),0.0
577400,"Almonds, Shelled Basis",JA,Japan,2005,2014,10,88,Exports,21,(MT),0.0
577400,"Almonds, Shelled Basis",JA,Japan,2005,2014,10,57,Imports,21,(MT),25700.0
577400,"Almonds, Shelled Basis",JA,Japan,2005,2014,10,28,Production,21,(MT),0.0
577400,"Almonds, Shelled Basis",JA,Japan,2005,2014,10,178,Total Distribution,21,(MT),25700.0
577400,"Almonds, Shelled Basis",JA,Japan,2005,2014,10,86,Total Supply,21,(MT),25700.0
577400,"Almonds, Shelled Basis",JA,Japan,2006,2014,10,20,Beginning Stocks,21,(MT),0.0
577400,"Almonds, Shelled Basis",JA,Japan,2006,2014,10,125,Domestic Consumption,21,(MT),26500.0
577400,"Almonds, Shelled Basis",JA,Japan,2006,2014,10,176,Ending Stocks,21,(MT),0.0
577400,"Almonds, Shelled Basis",JA,Japan,2006,2014,10,88,Exports,21,(MT),0.0
577400,"Almonds, Shelled Basis",JA,Japan,2006,2014,10,57,Imports,21,(MT),26500.0
577400,"Almonds, Shelled Basis",JA,Japan,2006,2014,10,28,Production,21,(MT),0.0
577400,"Almonds, Shelled Basis",JA,Japan,2006,2014,10,178,Total Distribution,21,(MT),26500.0
577400,"Almonds, Shelled Basis",JA,Japan,2006,2014,10,86,Total Supply,21,(MT),26500.0
577400,"Almonds, Shelled Basis",JA,Japan,2007,2014,10,20,Beginning Stocks,21,(MT),0.0
577400,"Almonds, Shelled Basis",JA,Japan,2007,2014,10,125,Domestic Consumption,21,(MT),23000.0
577400,"Almonds, Shelled Basis",JA,Japan,2007,2014,10,176,Ending Stocks,21,(MT),0.0
577400,"Almonds, Shelled Basis",JA,Japan,2007,2014,10,88,Exports,21,(MT),0.0
577400,"Almonds, Shelled Basis",JA,Japan,2007,2014,10,57,Imports,21,(MT),23000.0
577400,"Almonds, Shelled Basis",JA,Japan,2007,2014,10,28,Production,21,(MT),0.0
577400,"Almonds, Shelled Basis",JA,Japan,2007,2014,10,178,Total Distribution,21,(MT),23000.0
577400,"Almonds, Shelled Basis",JA,Japan,2007,2014,10,86,Total Supply,21,(MT),23000.0
577400,"Almonds, Shelled Basis",JA,Japan,2008,2014,10,20,Beginning Stocks,21,(MT),0.0
577400,"Almonds, Shelled Basis",JA,Japan,2008,2014,10,125,Domestic Consumption,21,(MT),21900.0
577400,"Almonds, Shelled Basis",JA,Japan,2008,2014,10,176,Ending Stocks,21,(MT),0.0
577400,"Almonds, Shelled Basis",JA,Japan,2008,2014,10,88,Exports,21,(MT),0.0
577400,"Almonds, Shelled Basis",JA,Japan,2008,2014,10,57,Imports,21,(MT),21900.0
577400,"Almonds, Shelled Basis",JA,Japan,2008,2014,10,28,Production,21,(MT),0.0
577400,"Almonds, Shelled Basis",JA,Japan,2008,2014,10,178,Total Distribution,21,(MT),21900.0
577400,"Almonds, Shelled Basis",JA,Japan,2008,2014,10,86,Total Supply,21,(MT),21900.0
577400,"Almonds, Shelled Basis",JA,Japan,2009,2014,10,20,Beginning Stocks,21,(MT),0.0
577400,"Almonds, Shelled Basis",JA,Japan,2009,2014,10,125,Domestic Consumption,21,(MT),24300.0
577400,"Almonds, Shelled Basis",JA,Japan,2009,2014,10,176,Ending Stocks,21,(MT),0.0
577400,"Almonds, Shelled Basis",JA,Japan,2009,2014,10,88,Exports,21,(MT),0.0
577400,"Almonds, Shelled Basis",JA,Japan,2009,2014,10,57,Imports,21,(MT),24300.0
577400,"Almonds, Shelled Basis",JA,Japan,2009,2014,10,28,Production,21,(MT),0.0
577400,"Almonds, Shelled Basis",JA,Japan,2009,2014,10,178,Total Distribution,21,(MT),24300.0
577400,"Almonds, Shelled Basis",JA,Japan,2009,2014,10,86,Total Supply,21,(MT),24300.0
577400,"Almonds, Shelled Basis",JA,Japan,2010,2014,10,20,Beginning Stocks,21,(MT),0.0
577400,"Almonds, Shelled Basis",JA,Japan,2010,2014,10,125,Domestic Consumption,21,(MT),25500.0
577400,"Almonds, Shelled Basis",JA,Japan,2010,2014,10,176,Ending Stocks,21,(MT),0.0
577400,"Almonds, Shelled Basis",JA,Japan,2010,2014,10,88,Exports,21,(MT),0.0
577400,"Almonds, Shelled Basis",JA,Japan,2010,2014,10,57,Imports,21,(MT),25500.0
577400,"Almonds, Shelled Basis",JA,Japan,2010,2014,10,28,Production,21,(MT),0.0
577400,"Almonds, Shelled Basis",JA,Japan,2010,2014,10,178,Total Distribution,21,(MT),25500.0
577400,"Almonds, Shelled Basis",JA,Japan,2010,2014,10,86,Total Supply,21,(MT),25500.0
577400,"Almonds, Shelled Basis",JA,Japan,2011,2014,10,20,Beginning Stocks,21,(MT),0.0
577400,"Almonds, Shelled Basis",JA,Japan,2011,2014,10,125,Domestic Consumption,21,(MT),27400.0
577400,"Almonds, Shelled Basis",JA,Japan,2011,2014,10,176,Ending Stocks,21,(MT),0.0
577400,"Almonds, Shelled Basis",JA,Japan,2011,2014,10,88,Exports,21,(MT),0.0
577400,"Almonds, Shelled Basis",JA,Japan,2011,2014,10,57,Imports,21,(MT),27400.0
577400,"Almonds, Shelled Basis",JA,Japan,2011,2014,10,28,Production,21,(MT),0.0
577400,"Almonds, Shelled Basis",JA,Japan,2011,2014,10,178,Total Distribution,21,(MT),27400.0
577400,"Almonds, Shelled Basis",JA,Japan,2011,2014,10,86,Total Supply,21,(MT),27400.0
577400,"Almonds, Shelled Basis",JA,Japan,2012,2014,10,20,Beginning Stocks,21,(MT),0.0
577400,"Almonds, Shelled Basis",JA,Japan,2012,2014,10,125,Domestic Consumption,21,(MT),28800.0
577400,"Almonds, Shelled Basis",JA,Japan,2012,2014,10,176,Ending Stocks,21,(MT),0.0
577400,"Almonds, Shelled Basis",JA,Japan,2012,2014,10,88,Exports,21,(MT),0.0
577400,"Almonds, Shelled Basis",JA,Japan,2012,2014,10,57,Imports,21,(MT),28800.0
577400,"Almonds, Shelled Basis",JA,Japan,2012,2014,10,28,Production,21,(MT),0.0
577400,"Almonds, Shelled Basis",JA,Japan,2012,2014,10,178,Total Distribution,21,(MT),28800.0
577400,"Almonds, Shelled Basis",JA,Japan,2012,2014,10,86,Total Supply,21,(MT),28800.0
577400,"Almonds, Shelled Basis",JA,Japan,2013,2014,10,20,Beginning Stocks,21,(MT),0.0
577400,"Almonds, Shelled Basis",JA,Japan,2013,2014,10,125,Domestic Consumption,21,(MT),36200.0
577400,"Almonds, Shelled Basis",JA,Japan,2013,2014,10,176,Ending Stocks,21,(MT),0.0
577400,"Almonds, Shelled Basis",JA,Japan,2013,2014,10,88,Exports,21,(MT),0.0
577400,"Almonds, Shelled Basis",JA,Japan,2013,2014,10,57,Imports,21,(MT),36200.0
577400,"Almonds, Shelled Basis",JA,Japan,2013,2014,10,28,Production,21,(MT),0.0
577400,"Almonds, Shelled Basis",JA,Japan,2013,2014,10,178,Total Distribution,21,(MT),36200.0
577400,"Almonds, Shelled Basis",JA,Japan,2013,2014,10,86,Total Supply,21,(MT),36200.0
577400,"Almonds, Shelled Basis",JA,Japan,2014,2016,8,20,Beginning Stocks,21,(MT),0.0
577400,"Almonds, Shelled Basis",JA,Japan,2014,2016,8,125,Domestic Consumption,21,(MT),38100.0
577400,"Almonds, Shelled Basis",JA,Japan,2014,2016,8,176,Ending Stocks,21,(MT),0.0
577400,"Almonds, Shelled Basis",JA,Japan,2014,2016,8,88,Exports,21,(MT),0.0
577400,"Almonds, Shelled Basis",JA,Japan,2014,2016,8,57,Imports,21,(MT),38100.0
577400,"Almonds, Shelled Basis",JA,Japan,2014,2016,8,28,Production,21,(MT),0.0
577400,"Almonds, Shelled Basis",JA,Japan,2014,2016,8,178,Total Distribution,21,(MT),38100.0
577400,"Almonds, Shelled Basis",JA,Japan,2014,2016,8,86,Total Supply,21,(MT),38100.0
577400,"Almonds, Shelled Basis",JA,Japan,2015,2016,10,20,Beginning Stocks,21,(MT),0.0
577400,"Almonds, Shelled Basis",JA,Japan,2015,2016,10,125,Domestic Consumption,21,(MT),29300.0
577400,"Almonds, Shelled Basis",JA,Japan,2015,2016,10,176,Ending Stocks,21,(MT),0.0
577400,"Almonds, Shelled Basis",JA,Japan,2015,2016,10,88,Exports,21,(MT),0.0
577400,"Almonds, Shelled Basis",JA,Japan,2015,2016,10,57,Imports,21,(MT),29300.0
577400,"Almonds, Shelled Basis",JA,Japan,2015,2016,10,28,Production,21,(MT),0.0
577400,"Almonds, Shelled Basis",JA,Japan,2015,2016,10,178,Total Distribution,21,(MT),29300.0
577400,"Almonds, Shelled Basis",JA,Japan,2015,2016,10,86,Total Supply,21,(MT),29300.0
577400,"Almonds, Shelled Basis",JA,Japan,2016,2017,10,20,Beginning Stocks,21,(MT),0.0
577400,"Almonds, Shelled Basis",JA,Japan,2016,2017,10,125,Domestic Consumption,21,(MT),31500.0
577400,"Almonds, Shelled Basis",JA,Japan,2016,2017,10,176,Ending Stocks,21,(MT),0.0
577400,"Almonds, Shelled Basis",JA,Japan,2016,2017,10,88,Exports,21,(MT),0.0
577400,"Almonds, Shelled Basis",JA,Japan,2016,2017,10,57,Imports,21,(MT),31500.0
577400,"Almonds, Shelled Basis",JA,Japan,2016,2017,10,28,Production,21,(MT),0.0
577400,"Almonds, Shelled Basis",JA,Japan,2016,2017,10,178,Total Distribution,21,(MT),31500.0
577400,"Almonds, Shelled Basis",JA,Japan,2016,2017,10,86,Total Supply,21,(MT),31500.0
577400,"Almonds, Shelled Basis",JA,Japan,2017,2019,10,20,Beginning Stocks,21,(MT),0.0
577400,"Almonds, Shelled Basis",JA,Japan,2017,2019,10,125,Domestic Consumption,21,(MT),36400.0
577400,"Almonds, Shelled Basis",JA,Japan,2017,2019,10,176,Ending Stocks,21,(MT),0.0
577400,"Almonds, Shelled Basis",JA,Japan,2017,2019,10,88,Exports,21,(MT),0.0
577400,"Almonds, Shelled Basis",JA,Japan,2017,2019,10,57,Imports,21,(MT),36400.0
577400,"Almonds, Shelled Basis",JA,Japan,2017,2019,10,28,Production,21,(MT),0.0
577400,"Almonds, Shelled Basis",JA,Japan,2017,2019,10,178,Total Distribution,21,(MT),36400.0
577400,"Almonds, Shelled Basis",JA,Japan,2017,2019,10,86,Total Supply,21,(MT),36400.0
577400,"Almonds, Shelled Basis",JA,Japan,2018,2020,10,20,Beginning Stocks,21,(MT),0.0
577400,"Almonds, Shelled Basis",JA,Japan,2018,2020,10,125,Domestic Consumption,21,(MT),37800.0
577400,"Almonds, Shelled Basis",JA,Japan,2018,2020,10,176,Ending Stocks,21,(MT),0.0
577400,"Almonds, Shelled Basis",JA,Japan,2018,2020,10,88,Exports,21,(MT),0.0
577400,"Almonds, Shelled Basis",JA,Japan,2018,2020,10,57,Imports,21,(MT),37800.0
577400,"Almonds, Shelled Basis",JA,Japan,2018,2020,10,28,Production,21,(MT),0.0
577400,"Almonds, Shelled Basis",JA,Japan,2018,2020,10,178,Total Distribution,21,(MT),37800.0
577400,"Almonds, Shelled Basis",JA,Japan,2018,2020,10,86,Total Supply,21,(MT),37800.0
577400,"Almonds, Shelled Basis",JA,Japan,2019,2020,10,20,Beginning Stocks,21,(MT),0.0
577400,"Almonds, Shelled Basis",JA,Japan,2019,2020,10,125,Domestic Consumption,21,(MT),38600.0
577400,"Almonds, Shelled Basis",JA,Japan,2019,2020,10,176,Ending Stocks,21,(MT),0.0
577400,"Almonds, Shelled Basis",JA,Japan,2019,2020,10,88,Exports,21,(MT),0.0
577400,"Almonds, Shelled Basis",JA,Japan,2019,2020,10,57,Imports,21,(MT),38600.0
577400,"Almonds, Shelled Basis",JA,Japan,2019,2020,10,28,Production,21,(MT),0.0
577400,"Almonds, Shelled Basis",JA,Japan,2019,2020,10,178,Total Distribution,21,(MT),38600.0
577400,"Almonds, Shelled Basis",JA,Japan,2019,2020,10,86,Total Supply,21,(MT),38600.0
577400,"Almonds, Shelled Basis",JA,Japan,2020,2020,10,20,Beginning Stocks,21,(MT),0.0
577400,"Almonds, Shelled Basis",JA,Japan,2020,2020,10,125,Domestic Consumption,21,(MT),40000.0
577400,"Almonds, Shelled Basis",JA,Japan,2020,2020,10,176,Ending Stocks,21,(MT),0.0
577400,"Almonds, Shelled Basis",JA,Japan,2020,2020,10,88,Exports,21,(MT),0.0
577400,"Almonds, Shelled Basis",JA,Japan,2020,2020,10,57,Imports,21,(MT),40000.0
577400,"Almonds, Shelled Basis",JA,Japan,2020,2020,10,28,Production,21,(MT),0.0
577400,"Almonds, Shelled Basis",JA,Japan,2020,2020,10,178,Total Distribution,21,(MT),40000.0
577400,"Almonds, Shelled Basis",JA,Japan,2020,2020,10,86,Total Supply,21,(MT),40000.0
577400,"Almonds, Shelled Basis",JO,Jordan,2001,2018,10,20,Beginning Stocks,21,(MT),0.0
577400,"Almonds, Shelled Basis",JO,Jordan,2001,2018,10,125,Domestic Consumption,21,(MT),1200.0
577400,"Almonds, Shelled Basis",JO,Jordan,2001,2018,10,176,Ending Stocks,21,(MT),0.0
577400,"Almonds, Shelled Basis",JO,Jordan,2001,2018,10,88,Exports,21,(MT),0.0
577400,"Almonds, Shelled Basis",JO,Jordan,2001,2018,10,57,Imports,21,(MT),1200.0
577400,"Almonds, Shelled Basis",JO,Jordan,2001,2018,10,28,Production,21,(MT),0.0
577400,"Almonds, Shelled Basis",JO,Jordan,2001,2018,10,178,Total Distribution,21,(MT),1200.0
577400,"Almonds, Shelled Basis",JO,Jordan,2001,2018,10,86,Total Supply,21,(MT),1200.0
577400,"Almonds, Shelled Basis",JO,Jordan,2002,2018,10,20,Beginning Stocks,21,(MT),0.0
577400,"Almonds, Shelled Basis",JO,Jordan,2002,2018,10,125,Domestic Consumption,21,(MT),1200.0
577400,"Almonds, Shelled Basis",JO,Jordan,2002,2018,10,176,Ending Stocks,21,(MT),0.0
577400,"Almonds, Shelled Basis",JO,Jordan,2002,2018,10,88,Exports,21,(MT),0.0
577400,"Almonds, Shelled Basis",JO,Jordan,2002,2018,10,57,Imports,21,(MT),1200.0
577400,"Almonds, Shelled Basis",JO,Jordan,2002,2018,10,28,Production,21,(MT),0.0
577400,"Almonds, Shelled Basis",JO,Jordan,2002,2018,10,178,Total Distribution,21,(MT),1200.0
577400,"Almonds, Shelled Basis",JO,Jordan,2002,2018,10,86,Total Supply,21,(MT),1200.0
577400,"Almonds, Shelled Basis",JO,Jordan,2003,2018,10,20,Beginning Stocks,21,(MT),0.0
577400,"Almonds, Shelled Basis",JO,Jordan,2003,2018,10,125,Domestic Consumption,21,(MT),1100.0
577400,"Almonds, Shelled Basis",JO,Jordan,2003,2018,10,176,Ending Stocks,21,(MT),0.0
577400,"Almonds, Shelled Basis",JO,Jordan,2003,2018,10,88,Exports,21,(MT),0.0
577400,"Almonds, Shelled Basis",JO,Jordan,2003,2018,10,57,Imports,21,(MT),1100.0
577400,"Almonds, Shelled Basis",JO,Jordan,2003,2018,10,28,Production,21,(MT),0.0
577400,"Almonds, Shelled Basis",JO,Jordan,2003,2018,10,178,Total Distribution,21,(MT),1100.0
577400,"Almonds, Shelled Basis",JO,Jordan,2003,2018,10,86,Total Supply,21,(MT),1100.0
577400,"Almonds, Shelled Basis",JO,Jordan,2004,2018,10,20,Beginning Stocks,21,(MT),0.0
577400,"Almonds, Shelled Basis",JO,Jordan,2004,2018,10,125,Domestic Consumption,21,(MT),1200.0
577400,"Almonds, Shelled Basis",JO,Jordan,2004,2018,10,176,Ending Stocks,21,(MT),0.0
577400,"Almonds, Shelled Basis",JO,Jordan,2004,2018,10,88,Exports,21,(MT),0.0
577400,"Almonds, Shelled Basis",JO,Jordan,2004,2018,10,57,Imports,21,(MT),1200.0
577400,"Almonds, Shelled Basis",JO,Jordan,2004,2018,10,28,Production,21,(MT),0.0
577400,"Almonds, Shelled Basis",JO,Jordan,2004,2018,10,178,Total Distribution,21,(MT),1200.0
577400,"Almonds, Shelled Basis",JO,Jordan,2004,2018,10,86,Total Supply,21,(MT),1200.0
577400,"Almonds, Shelled Basis",JO,Jordan,2005,2018,10,20,Beginning Stocks,21,(MT),0.0
577400,"Almonds, Shelled Basis",JO,Jordan,2005,2018,10,125,Domestic Consumption,21,(MT),1000.0
577400,"Almonds, Shelled Basis",JO,Jordan,2005,2018,10,176,Ending Stocks,21,(MT),0.0
577400,"Almonds, Shelled Basis",JO,Jordan,2005,2018,10,88,Exports,21,(MT),0.0
577400,"Almonds, Shelled Basis",JO,Jordan,2005,2018,10,57,Imports,21,(MT),1000.0
577400,"Almonds, Shelled Basis",JO,Jordan,2005,2018,10,28,Production,21,(MT),0.0
577400,"Almonds, Shelled Basis",JO,Jordan,2005,2018,10,178,Total Distribution,21,(MT),1000.0
577400,"Almonds, Shelled Basis",JO,Jordan,2005,2018,10,86,Total Supply,21,(MT),1000.0
577400,"Almonds, Shelled Basis",JO,Jordan,2006,2018,10,20,Beginning Stocks,21,(MT),0.0
577400,"Almonds, Shelled Basis",JO,Jordan,2006,2018,10,125,Domestic Consumption,21,(MT),2200.0
577400,"Almonds, Shelled Basis",JO,Jordan,2006,2018,10,176,Ending Stocks,21,(MT),0.0
577400,"Almonds, Shelled Basis",JO,Jordan,2006,2018,10,88,Exports,21,(MT),0.0
577400,"Almonds, Shelled Basis",JO,Jordan,2006,2018,10,57,Imports,21,(MT),2200.0
577400,"Almonds, Shelled Basis",JO,Jordan,2006,2018,10,28,Production,21,(MT),0.0
577400,"Almonds, Shelled Basis",JO,Jordan,2006,2018,10,178,Total Distribution,21,(MT),2200.0
577400,"Almonds, Shelled Basis",JO,Jordan,2006,2018,10,86,Total Supply,21,(MT),2200.0
577400,"Almonds, Shelled Basis",JO,Jordan,2007,2018,10,20,Beginning Stocks,21,(MT),0.0
577400,"Almonds, Shelled Basis",JO,Jordan,2007,2018,10,125,Domestic Consumption,21,(MT),2300.0
577400,"Almonds, Shelled Basis",JO,Jordan,2007,2018,10,176,Ending Stocks,21,(MT),0.0
577400,"Almonds, Shelled Basis",JO,Jordan,2007,2018,10,88,Exports,21,(MT),0.0
577400,"Almonds, Shelled Basis",JO,Jordan,2007,2018,10,57,Imports,21,(MT),2300.0
577400,"Almonds, Shelled Basis",JO,Jordan,2007,2018,10,28,Production,21,(MT),0.0
577400,"Almonds, Shelled Basis",JO,Jordan,2007,2018,10,178,Total Distribution,21,(MT),2300.0
577400,"Almonds, Shelled Basis",JO,Jordan,2007,2018,10,86,Total Supply,21,(MT),2300.0
577400,"Almonds, Shelled Basis",JO,Jordan,2008,2018,10,20,Beginning Stocks,21,(MT),0.0
577400,"Almonds, Shelled Basis",JO,Jordan,2008,2018,10,125,Domestic Consumption,21,(MT),5200.0
577400,"Almonds, Shelled Basis",JO,Jordan,2008,2018,10,176,Ending Stocks,21,(MT),0.0
577400,"Almonds, Shelled Basis",JO,Jordan,2008,2018,10,88,Exports,21,(MT),0.0
577400,"Almonds, Shelled Basis",JO,Jordan,2008,2018,10,57,Imports,21,(MT),5200.0
577400,"Almonds, Shelled Basis",JO,Jordan,2008,2018,10,28,Production,21,(MT),0.0
577400,"Almonds, Shelled Basis",JO,Jordan,2008,2018,10,178,Total Distribution,21,(MT),5200.0
577400,"Almonds, Shelled Basis",JO,Jordan,2008,2018,10,86,Total Supply,21,(MT),5200.0
577400,"Almonds, Shelled Basis",JO,Jordan,2009,2018,10,20,Beginning Stocks,21,(MT),0.0
577400,"Almonds, Shelled Basis",JO,Jordan,2009,2018,10,125,Domestic Consumption,21,(MT),4500.0
577400,"Almonds, Shelled Basis",JO,Jordan,2009,2018,10,176,Ending Stocks,21,(MT),0.0
577400,"Almonds, Shelled Basis",JO,Jordan,2009,2018,10,88,Exports,21,(MT),0.0
577400,"Almonds, Shelled Basis",JO,Jordan,2009,2018,10,57,Imports,21,(MT),4500.0
577400,"Almonds, Shelled Basis",JO,Jordan,2009,2018,10,28,Production,21,(MT),0.0
577400,"Almonds, Shelled Basis",JO,Jordan,2009,2018,10,178,Total Distribution,21,(MT),4500.0
577400,"Almonds, Shelled Basis",JO,Jordan,2009,2018,10,86,Total Supply,21,(MT),4500.0
577400,"Almonds, Shelled Basis",JO,Jordan,2010,2018,10,20,Beginning Stocks,21,(MT),0.0
577400,"Almonds, Shelled Basis",JO,Jordan,2010,2018,10,125,Domestic Consumption,21,(MT),5100.0
577400,"Almonds, Shelled Basis",JO,Jordan,2010,2018,10,176,Ending Stocks,21,(MT),0.0
577400,"Almonds, Shelled Basis",JO,Jordan,2010,2018,10,88,Exports,21,(MT),0.0
577400,"Almonds, Shelled Basis",JO,Jordan,2010,2018,10,57,Imports,21,(MT),5100.0
577400,"Almonds, Shelled Basis",JO,Jordan,2010,2018,10,28,Production,21,(MT),0.0
577400,"Almonds, Shelled Basis",JO,Jordan,2010,2018,10,178,Total Distribution,21,(MT),5100.0
577400,"Almonds, Shelled Basis",JO,Jordan,2010,2018,10,86,Total Supply,21,(MT),5100.0
577400,"Almonds, Shelled Basis",JO,Jordan,2011,2018,10,20,Beginning Stocks,21,(MT),0.0
577400,"Almonds, Shelled Basis",JO,Jordan,2011,2018,10,125,Domestic Consumption,21,(MT),4200.0
577400,"Almonds, Shelled Basis",JO,Jordan,2011,2018,10,176,Ending Stocks,21,(MT),0.0
577400,"Almonds, Shelled Basis",JO,Jordan,2011,2018,10,88,Exports,21,(MT),0.0
577400,"Almonds, Shelled Basis",JO,Jordan,2011,2018,10,57,Imports,21,(MT),4200.0
577400,"Almonds, Shelled Basis",JO,Jordan,2011,2018,10,28,Production,21,(MT),0.0
577400,"Almonds, Shelled Basis",JO,Jordan,2011,2018,10,178,Total Distribution,21,(MT),4200.0
577400,"Almonds, Shelled Basis",JO,Jordan,2011,2018,10,86,Total Supply,21,(MT),4200.0
577400,"Almonds, Shelled Basis",JO,Jordan,2012,2018,10,20,Beginning Stocks,21,(MT),0.0
577400,"Almonds, Shelled Basis",JO,Jordan,2012,2018,10,125,Domestic Consumption,21,(MT),3100.0
577400,"Almonds, Shelled Basis",JO,Jordan,2012,2018,10,176,Ending Stocks,21,(MT),0.0
577400,"Almonds, Shelled Basis",JO,Jordan,2012,2018,10,88,Exports,21,(MT),0.0
577400,"Almonds, Shelled Basis",JO,Jordan,2012,2018,10,57,Imports,21,(MT),3100.0
577400,"Almonds, Shelled Basis",JO,Jordan,2012,2018,10,28,Production,21,(MT),0.0
577400,"Almonds, Shelled Basis",JO,Jordan,2012,2018,10,178,Total Distribution,21,(MT),3100.0
577400,"Almonds, Shelled Basis",JO,Jordan,2012,2018,10,86,Total Supply,21,(MT),3100.0
577400,"Almonds, Shelled Basis",JO,Jordan,2013,2018,10,20,Beginning Stocks,21,(MT),0.0
577400,"Almonds, Shelled Basis",JO,Jordan,2013,2018,10,125,Domestic Consumption,21,(MT),3900.0
577400,"Almonds, Shelled Basis",JO,Jordan,2013,2018,10,176,Ending Stocks,21,(MT),0.0
577400,"Almonds, Shelled Basis",JO,Jordan,2013,2018,10,88,Exports,21,(MT),0.0
577400,"Almonds, Shelled Basis",JO,Jordan,2013,2018,10,57,Imports,21,(MT),3900.0
577400,"Almonds, Shelled Basis",JO,Jordan,2013,2018,10,28,Production,21,(MT),0.0
577400,"Almonds, Shelled Basis",JO,Jordan,2013,2018,10,178,Total Distribution,21,(MT),3900.0
577400,"Almonds, Shelled Basis",JO,Jordan,2013,2018,10,86,Total Supply,21,(MT),3900.0
577400,"Almonds, Shelled Basis",JO,Jordan,2014,2018,10,20,Beginning Stocks,21,(MT),0.0
577400,"Almonds, Shelled Basis",JO,Jordan,2014,2018,10,125,Domestic Consumption,21,(MT),3200.0
577400,"Almonds, Shelled Basis",JO,Jordan,2014,2018,10,176,Ending Stocks,21,(MT),0.0
577400,"Almonds, Shelled Basis",JO,Jordan,2014,2018,10,88,Exports,21,(MT),0.0
577400,"Almonds, Shelled Basis",JO,Jordan,2014,2018,10,57,Imports,21,(MT),3200.0
577400,"Almonds, Shelled Basis",JO,Jordan,2014,2018,10,28,Production,21,(MT),0.0
577400,"Almonds, Shelled Basis",JO,Jordan,2014,2018,10,178,Total Distribution,21,(MT),3200.0
577400,"Almonds, Shelled Basis",JO,Jordan,2014,2018,10,86,Total Supply,21,(MT),3200.0
577400,"Almonds, Shelled Basis",JO,Jordan,2015,2018,10,20,Beginning Stocks,21,(MT),0.0
577400,"Almonds, Shelled Basis",JO,Jordan,2015,2018,10,125,Domestic Consumption,21,(MT),4000.0
577400,"Almonds, Shelled Basis",JO,Jordan,2015,2018,10,176,Ending Stocks,21,(MT),0.0
577400,"Almonds, Shelled Basis",JO,Jordan,2015,2018,10,88,Exports,21,(MT),0.0
577400,"Almonds, Shelled Basis",JO,Jordan,2015,2018,10,57,Imports,21,(MT),4000.0
577400,"Almonds, Shelled Basis",JO,Jordan,2015,2018,10,28,Production,21,(MT),0.0
577400,"Almonds, Shelled Basis",JO,Jordan,2015,2018,10,178,Total Distribution,21,(MT),4000.0
577400,"Almonds, Shelled Basis",JO,Jordan,2015,2018,10,86,Total Supply,21,(MT),4000.0
577400,"Almonds, Shelled Basis",JO,Jordan,2016,2018,10,20,Beginning Stocks,21,(MT),0.0
577400,"Almonds, Shelled Basis",JO,Jordan,2016,2018,10,125,Domestic Consumption,21,(MT),4900.0
577400,"Almonds, Shelled Basis",JO,Jordan,2016,2018,10,176,Ending Stocks,21,(MT),0.0
577400,"Almonds, Shelled Basis",JO,Jordan,2016,2018,10,88,Exports,21,(MT),0.0
577400,"Almonds, Shelled Basis",JO,Jordan,2016,2018,10,57,Imports,21,(MT),4900.0
577400,"Almonds, Shelled Basis",JO,Jordan,2016,2018,10,28,Production,21,(MT),0.0
577400,"Almonds, Shelled Basis",JO,Jordan,2016,2018,10,178,Total Distribution,21,(MT),4900.0
577400,"Almonds, Shelled Basis",JO,Jordan,2016,2018,10,86,Total Supply,21,(MT),4900.0
577400,"Almonds, Shelled Basis",JO,Jordan,2017,2019,10,20,Beginning Stocks,21,(MT),0.0
577400,"Almonds, Shelled Basis",JO,Jordan,2017,2019,10,125,Domestic Consumption,21,(MT),4400.0
577400,"Almonds, Shelled Basis",JO,Jordan,2017,2019,10,176,Ending Stocks,21,(MT),0.0
577400,"Almonds, Shelled Basis",JO,Jordan,2017,2019,10,88,Exports,21,(MT),0.0
577400,"Almonds, Shelled Basis",JO,Jordan,2017,2019,10,57,Imports,21,(MT),4400.0
577400,"Almonds, Shelled Basis",JO,Jordan,2017,2019,10,28,Production,21,(MT),0.0
577400,"Almonds, Shelled Basis",JO,Jordan,2017,2019,10,178,Total Distribution,21,(MT),4400.0
577400,"Almonds, Shelled Basis",JO,Jordan,2017,2019,10,86,Total Supply,21,(MT),4400.0
577400,"Almonds, Shelled Basis",JO,Jordan,2018,2020,10,20,Beginning Stocks,21,(MT),0.0
577400,"Almonds, Shelled Basis",JO,Jordan,2018,2020,10,125,Domestic Consumption,21,(MT),5100.0
577400,"Almonds, Shelled Basis",JO,Jordan,2018,2020,10,176,Ending Stocks,21,(MT),0.0
577400,"Almonds, Shelled Basis",JO,Jordan,2018,2020,10,88,Exports,21,(MT),0.0
577400,"Almonds, Shelled Basis",JO,Jordan,2018,2020,10,57,Imports,21,(MT),5100.0
577400,"Almonds, Shelled Basis",JO,Jordan,2018,2020,10,28,Production,21,(MT),0.0
577400,"Almonds, Shelled Basis",JO,Jordan,2018,2020,10,178,Total Distribution,21,(MT),5100.0
577400,"Almonds, Shelled Basis",JO,Jordan,2018,2020,10,86,Total Supply,21,(MT),5100.0
577400,"Almonds, Shelled Basis",JO,Jordan,2019,2020,10,20,Beginning Stocks,21,(MT),0.0
577400,"Almonds, Shelled Basis",JO,Jordan,2019,2020,10,125,Domestic Consumption,21,(MT),5500.0
577400,"Almonds, Shelled Basis",JO,Jordan,2019,2020,10,176,Ending Stocks,21,(MT),0.0
577400,"Almonds, Shelled Basis",JO,Jordan,2019,2020,10,88,Exports,21,(MT),0.0
577400,"Almonds, Shelled Basis",JO,Jordan,2019,2020,10,57,Imports,21,(MT),5500.0
577400,"Almonds, Shelled Basis",JO,Jordan,2019,2020,10,28,Production,21,(MT),0.0
577400,"Almonds, Shelled Basis",JO,Jordan,2019,2020,10,178,Total Distribution,21,(MT),5500.0
577400,"Almonds, Shelled Basis",JO,Jordan,2019,2020,10,86,Total Supply,21,(MT),5500.0
577400,"Almonds, Shelled Basis",JO,Jordan,2020,2020,10,20,Beginning Stocks,21,(MT),0.0
577400,"Almonds, Shelled Basis",JO,Jordan,2020,2020,10,125,Domestic Consumption,21,(MT),6000.0
577400,"Almonds, Shelled Basis",JO,Jordan,2020,2020,10,176,Ending Stocks,21,(MT),0.0
577400,"Almonds, Shelled Basis",JO,Jordan,2020,2020,10,88,Exports,21,(MT),0.0
577400,"Almonds, Shelled Basis",JO,Jordan,2020,2020,10,57,Imports,21,(MT),6000.0
577400,"Almonds, Shelled Basis",JO,Jordan,2020,2020,10,28,Production,21,(MT),0.0
577400,"Almonds, Shelled Basis",JO,Jordan,2020,2020,10,178,Total Distribution,21,(MT),6000.0
577400,"Almonds, Shelled Basis",JO,Jordan,2020,2020,10,86,Total Supply,21,(MT),6000.0
577400,"Almonds, Shelled Basis",KZ,Kazakhstan,2001,2020,10,20,Beginning Stocks,21,(MT),0.0
577400,"Almonds, Shelled Basis",KZ,Kazakhstan,2001,2020,10,125,Domestic Consumption,21,(MT),0.0
577400,"Almonds, Shelled Basis",KZ,Kazakhstan,2001,2020,10,176,Ending Stocks,21,(MT),0.0
577400,"Almonds, Shelled Basis",KZ,Kazakhstan,2001,2020,10,88,Exports,21,(MT),0.0
577400,"Almonds, Shelled Basis",KZ,Kazakhstan,2001,2020,10,57,Imports,21,(MT),0.0
577400,"Almonds, Shelled Basis",KZ,Kazakhstan,2001,2020,10,28,Production,21,(MT),0.0
577400,"Almonds, Shelled Basis",KZ,Kazakhstan,2001,2020,10,178,Total Distribution,21,(MT),0.0
577400,"Almonds, Shelled Basis",KZ,Kazakhstan,2001,2020,10,86,Total Supply,21,(MT),0.0
577400,"Almonds, Shelled Basis",KZ,Kazakhstan,2002,2020,10,20,Beginning Stocks,21,(MT),0.0
577400,"Almonds, Shelled Basis",KZ,Kazakhstan,2002,2020,10,125,Domestic Consumption,21,(MT),0.0
577400,"Almonds, Shelled Basis",KZ,Kazakhstan,2002,2020,10,176,Ending Stocks,21,(MT),0.0
577400,"Almonds, Shelled Basis",KZ,Kazakhstan,2002,2020,10,88,Exports,21,(MT),0.0
577400,"Almonds, Shelled Basis",KZ,Kazakhstan,2002,2020,10,57,Imports,21,(MT),0.0
577400,"Almonds, Shelled Basis",KZ,Kazakhstan,2002,2020,10,28,Production,21,(MT),0.0
577400,"Almonds, Shelled Basis",KZ,Kazakhstan,2002,2020,10,178,Total Distribution,21,(MT),0.0
577400,"Almonds, Shelled Basis",KZ,Kazakhstan,2002,2020,10,86,Total Supply,21,(MT),0.0
577400,"Almonds, Shelled Basis",KZ,Kazakhstan,2003,2020,10,20,Beginning Stocks,21,(MT),0.0
577400,"Almonds, Shelled Basis",KZ,Kazakhstan,2003,2020,10,125,Domestic Consumption,21,(MT),0.0
577400,"Almonds, Shelled Basis",KZ,Kazakhstan,2003,2020,10,176,Ending Stocks,21,(MT),0.0
577400,"Almonds, Shelled Basis",KZ,Kazakhstan,2003,2020,10,88,Exports,21,(MT),0.0
577400,"Almonds, Shelled Basis",KZ,Kazakhstan,2003,2020,10,57,Imports,21,(MT),0.0
577400,"Almonds, Shelled Basis",KZ,Kazakhstan,2003,2020,10,28,Production,21,(MT),0.0
577400,"Almonds, Shelled Basis",KZ,Kazakhstan,2003,2020,10,178,Total Distribution,21,(MT),0.0
577400,"Almonds, Shelled Basis",KZ,Kazakhstan,2003,2020,10,86,Total Supply,21,(MT),0.0
577400,"Almonds, Shelled Basis",KZ,Kazakhstan,2004,2020,10,20,Beginning Stocks,21,(MT),0.0
577400,"Almonds, Shelled Basis",KZ,Kazakhstan,2004,2020,10,125,Domestic Consumption,21,(MT),100.0
577400,"Almonds, Shelled Basis",KZ,Kazakhstan,2004,2020,10,176,Ending Stocks,21,(MT),0.0
577400,"Almonds, Shelled Basis",KZ,Kazakhstan,2004,2020,10,88,Exports,21,(MT),0.0
577400,"Almonds, Shelled Basis",KZ,Kazakhstan,2004,2020,10,57,Imports,21,(MT),100.0
577400,"Almonds, Shelled Basis",KZ,Kazakhstan,2004,2020,10,28,Production,21,(MT),0.0
577400,"Almonds, Shelled Basis",KZ,Kazakhstan,2004,2020,10,178,Total Distribution,21,(MT),100.0
577400,"Almonds, Shelled Basis",KZ,Kazakhstan,2004,2020,10,86,Total Supply,21,(MT),100.0
577400,"Almonds, Shelled Basis",KZ,Kazakhstan,2005,2020,10,20,Beginning Stocks,21,(MT),0.0
577400,"Almonds, Shelled Basis",KZ,Kazakhstan,2005,2020,10,125,Domestic Consumption,21,(MT),100.0
577400,"Almonds, Shelled Basis",KZ,Kazakhstan,2005,2020,10,176,Ending Stocks,21,(MT),0.0
577400,"Almonds, Shelled Basis",KZ,Kazakhstan,2005,2020,10,88,Exports,21,(MT),0.0
577400,"Almonds, Shelled Basis",KZ,Kazakhstan,2005,2020,10,57,Imports,21,(MT),100.0
577400,"Almonds, Shelled Basis",KZ,Kazakhstan,2005,2020,10,28,Production,21,(MT),0.0
577400,"Almonds, Shelled Basis",KZ,Kazakhstan,2005,2020,10,178,Total Distribution,21,(MT),100.0
577400,"Almonds, Shelled Basis",KZ,Kazakhstan,2005,2020,10,86,Total Supply,21,(MT),100.0
577400,"Almonds, Shelled Basis",KZ,Kazakhstan,2006,2020,10,20,Beginning Stocks,21,(MT),0.0
577400,"Almonds, Shelled Basis",KZ,Kazakhstan,2006,2020,10,125,Domestic Consumption,21,(MT),100.0
577400,"Almonds, Shelled Basis",KZ,Kazakhstan,2006,2020,10,176,Ending Stocks,21,(MT),0.0
577400,"Almonds, Shelled Basis",KZ,Kazakhstan,2006,2020,10,88,Exports,21,(MT),0.0
577400,"Almonds, Shelled Basis",KZ,Kazakhstan,2006,2020,10,57,Imports,21,(MT),100.0
577400,"Almonds, Shelled Basis",KZ,Kazakhstan,2006,2020,10,28,Production,21,(MT),0.0
577400,"Almonds, Shelled Basis",KZ,Kazakhstan,2006,2020,10,178,Total Distribution,21,(MT),100.0
577400,"Almonds, Shelled Basis",KZ,Kazakhstan,2006,2020,10,86,Total Supply,21,(MT),100.0
577400,"Almonds, Shelled Basis",KZ,Kazakhstan,2007,2020,10,20,Beginning Stocks,21,(MT),0.0
577400,"Almonds, Shelled Basis",KZ,Kazakhstan,2007,2020,10,125,Domestic Consumption,21,(MT),400.0
577400,"Almonds, Shelled Basis",KZ,Kazakhstan,2007,2020,10,176,Ending Stocks,21,(MT),0.0
577400,"Almonds, Shelled Basis",KZ,Kazakhstan,2007,2020,10,88,Exports,21,(MT),0.0
577400,"Almonds, Shelled Basis",KZ,Kazakhstan,2007,2020,10,57,Imports,21,(MT),400.0
577400,"Almonds, Shelled Basis",KZ,Kazakhstan,2007,2020,10,28,Production,21,(MT),0.0
577400,"Almonds, Shelled Basis",KZ,Kazakhstan,2007,2020,10,178,Total Distribution,21,(MT),400.0
577400,"Almonds, Shelled Basis",KZ,Kazakhstan,2007,2020,10,86,Total Supply,21,(MT),400.0
577400,"Almonds, Shelled Basis",KZ,Kazakhstan,2008,2020,10,20,Beginning Stocks,21,(MT),0.0
577400,"Almonds, Shelled Basis",KZ,Kazakhstan,2008,2020,10,125,Domestic Consumption,21,(MT),1200.0
577400,"Almonds, Shelled Basis",KZ,Kazakhstan,2008,2020,10,176,Ending Stocks,21,(MT),0.0
577400,"Almonds, Shelled Basis",KZ,Kazakhstan,2008,2020,10,88,Exports,21,(MT),0.0
577400,"Almonds, Shelled Basis",KZ,Kazakhstan,2008,2020,10,57,Imports,21,(MT),1200.0
577400,"Almonds, Shelled Basis",KZ,Kazakhstan,2008,2020,10,28,Production,21,(MT),0.0
577400,"Almonds, Shelled Basis",KZ,Kazakhstan,2008,2020,10,178,Total Distribution,21,(MT),1200.0
577400,"Almonds, Shelled Basis",KZ,Kazakhstan,2008,2020,10,86,Total Supply,21,(MT),1200.0
577400,"Almonds, Shelled Basis",KZ,Kazakhstan,2009,2020,10,20,Beginning Stocks,21,(MT),0.0
577400,"Almonds, Shelled Basis",KZ,Kazakhstan,2009,2020,10,125,Domestic Consumption,21,(MT),600.0
577400,"Almonds, Shelled Basis",KZ,Kazakhstan,2009,2020,10,176,Ending Stocks,21,(MT),0.0
577400,"Almonds, Shelled Basis",KZ,Kazakhstan,2009,2020,10,88,Exports,21,(MT),0.0
577400,"Almonds, Shelled Basis",KZ,Kazakhstan,2009,2020,10,57,Imports,21,(MT),600.0
577400,"Almonds, Shelled Basis",KZ,Kazakhstan,2009,2020,10,28,Production,21,(MT),0.0
577400,"Almonds, Shelled Basis",KZ,Kazakhstan,2009,2020,10,178,Total Distribution,21,(MT),600.0
577400,"Almonds, Shelled Basis",KZ,Kazakhstan,2009,2020,10,86,Total Supply,21,(MT),600.0
577400,"Almonds, Shelled Basis",KZ,Kazakhstan,2010,2020,10,20,Beginning Stocks,21,(MT),0.0
577400,"Almonds, Shelled Basis",KZ,Kazakhstan,2010,2020,10,125,Domestic Consumption,21,(MT),1000.0
577400,"Almonds, Shelled Basis",KZ,Kazakhstan,2010,2020,10,176,Ending Stocks,21,(MT),0.0
577400,"Almonds, Shelled Basis",KZ,Kazakhstan,2010,2020,10,88,Exports,21,(MT),0.0
577400,"Almonds, Shelled Basis",KZ,Kazakhstan,2010,2020,10,57,Imports,21,(MT),1000.0
577400,"Almonds, Shelled Basis",KZ,Kazakhstan,2010,2020,10,28,Production,21,(MT),0.0
577400,"Almonds, Shelled Basis",KZ,Kazakhstan,2010,2020,10,178,Total Distribution,21,(MT),1000.0
577400,"Almonds, Shelled Basis",KZ,Kazakhstan,2010,2020,10,86,Total Supply,21,(MT),1000.0
577400,"Almonds, Shelled Basis",KZ,Kazakhstan,2011,2020,10,20,Beginning Stocks,21,(MT),0.0
577400,"Almonds, Shelled Basis",KZ,Kazakhstan,2011,2020,10,125,Domestic Consumption,21,(MT),1000.0
577400,"Almonds, Shelled Basis",KZ,Kazakhstan,2011,2020,10,176,Ending Stocks,21,(MT),0.0
577400,"Almonds, Shelled Basis",KZ,Kazakhstan,2011,2020,10,88,Exports,21,(MT),0.0
577400,"Almonds, Shelled Basis",KZ,Kazakhstan,2011,2020,10,57,Imports,21,(MT),1000.0
577400,"Almonds, Shelled Basis",KZ,Kazakhstan,2011,2020,10,28,Production,21,(MT),0.0
577400,"Almonds, Shelled Basis",KZ,Kazakhstan,2011,2020,10,178,Total Distribution,21,(MT),1000.0
577400,"Almonds, Shelled Basis",KZ,Kazakhstan,2011,2020,10,86,Total Supply,21,(MT),1000.0
577400,"Almonds, Shelled Basis",KZ,Kazakhstan,2012,2020,10,20,Beginning Stocks,21,(MT),0.0
577400,"Almonds, Shelled Basis",KZ,Kazakhstan,2012,2020,10,125,Domestic Consumption,21,(MT),1200.0
577400,"Almonds, Shelled Basis",KZ,Kazakhstan,2012,2020,10,176,Ending Stocks,21,(MT),0.0
577400,"Almonds, Shelled Basis",KZ,Kazakhstan,2012,2020,10,88,Exports,21,(MT),0.0
577400,"Almonds, Shelled Basis",KZ,Kazakhstan,2012,2020,10,57,Imports,21,(MT),1200.0
577400,"Almonds, Shelled Basis",KZ,Kazakhstan,2012,2020,10,28,Production,21,(MT),0.0
577400,"Almonds, Shelled Basis",KZ,Kazakhstan,2012,2020,10,178,Total Distribution,21,(MT),1200.0
577400,"Almonds, Shelled Basis",KZ,Kazakhstan,2012,2020,10,86,Total Supply,21,(MT),1200.0
577400,"Almonds, Shelled Basis",KZ,Kazakhstan,2013,2020,10,20,Beginning Stocks,21,(MT),0.0
577400,"Almonds, Shelled Basis",KZ,Kazakhstan,2013,2020,10,125,Domestic Consumption,21,(MT),2100.0
577400,"Almonds, Shelled Basis",KZ,Kazakhstan,2013,2020,10,176,Ending Stocks,21,(MT),0.0
577400,"Almonds, Shelled Basis",KZ,Kazakhstan,2013,2020,10,88,Exports,21,(MT),0.0
577400,"Almonds, Shelled Basis",KZ,Kazakhstan,2013,2020,10,57,Imports,21,(MT),2100.0
577400,"Almonds, Shelled Basis",KZ,Kazakhstan,2013,2020,10,28,Production,21,(MT),0.0
577400,"Almonds, Shelled Basis",KZ,Kazakhstan,2013,2020,10,178,Total Distribution,21,(MT),2100.0
577400,"Almonds, Shelled Basis",KZ,Kazakhstan,2013,2020,10,86,Total Supply,21,(MT),2100.0
577400,"Almonds, Shelled Basis",KZ,Kazakhstan,2014,2020,10,20,Beginning Stocks,21,(MT),0.0
577400,"Almonds, Shelled Basis",KZ,Kazakhstan,2014,2020,10,125,Domestic Consumption,21,(MT),3500.0
577400,"Almonds, Shelled Basis",KZ,Kazakhstan,2014,2020,10,176,Ending Stocks,21,(MT),0.0
577400,"Almonds, Shelled Basis",KZ,Kazakhstan,2014,2020,10,88,Exports,21,(MT),0.0
577400,"Almonds, Shelled Basis",KZ,Kazakhstan,2014,2020,10,57,Imports,21,(MT),3500.0
577400,"Almonds, Shelled Basis",KZ,Kazakhstan,2014,2020,10,28,Production,21,(MT),0.0
577400,"Almonds, Shelled Basis",KZ,Kazakhstan,2014,2020,10,178,Total Distribution,21,(MT),3500.0
577400,"Almonds, Shelled Basis",KZ,Kazakhstan,2014,2020,10,86,Total Supply,21,(MT),3500.0
577400,"Almonds, Shelled Basis",KZ,Kazakhstan,2015,2020,10,20,Beginning Stocks,21,(MT),0.0
577400,"Almonds, Shelled Basis",KZ,Kazakhstan,2015,2020,10,125,Domestic Consumption,21,(MT),3800.0
577400,"Almonds, Shelled Basis",KZ,Kazakhstan,2015,2020,10,176,Ending Stocks,21,(MT),0.0
577400,"Almonds, Shelled Basis",KZ,Kazakhstan,2015,2020,10,88,Exports,21,(MT),0.0
577400,"Almonds, Shelled Basis",KZ,Kazakhstan,2015,2020,10,57,Imports,21,(MT),3800.0
577400,"Almonds, Shelled Basis",KZ,Kazakhstan,2015,2020,10,28,Production,21,(MT),0.0
577400,"Almonds, Shelled Basis",KZ,Kazakhstan,2015,2020,10,178,Total Distribution,21,(MT),3800.0
577400,"Almonds, Shelled Basis",KZ,Kazakhstan,2015,2020,10,86,Total Supply,21,(MT),3800.0
577400,"Almonds, Shelled Basis",KZ,Kazakhstan,2016,2020,10,20,Beginning Stocks,21,(MT),0.0
577400,"Almonds, Shelled Basis",KZ,Kazakhstan,2016,2020,10,125,Domestic Consumption,21,(MT),7700.0
577400,"Almonds, Shelled Basis",KZ,Kazakhstan,2016,2020,10,176,Ending Stocks,21,(MT),0.0
577400,"Almonds, Shelled Basis",KZ,Kazakhstan,2016,2020,10,88,Exports,21,(MT),0.0
577400,"Almonds, Shelled Basis",KZ,Kazakhstan,2016,2020,10,57,Imports,21,(MT),7700.0
577400,"Almonds, Shelled Basis",KZ,Kazakhstan,2016,2020,10,28,Production,21,(MT),0.0
577400,"Almonds, Shelled Basis",KZ,Kazakhstan,2016,2020,10,178,Total Distribution,21,(MT),7700.0
577400,"Almonds, Shelled Basis",KZ,Kazakhstan,2016,2020,10,86,Total Supply,21,(MT),7700.0
577400,"Almonds, Shelled Basis",KZ,Kazakhstan,2017,2020,10,20,Beginning Stocks,21,(MT),0.0
577400,"Almonds, Shelled Basis",KZ,Kazakhstan,2017,2020,10,125,Domestic Consumption,21,(MT),9200.0
577400,"Almonds, Shelled Basis",KZ,Kazakhstan,2017,2020,10,176,Ending Stocks,21,(MT),0.0
577400,"Almonds, Shelled Basis",KZ,Kazakhstan,2017,2020,10,88,Exports,21,(MT),0.0
577400,"Almonds, Shelled Basis",KZ,Kazakhstan,2017,2020,10,57,Imports,21,(MT),9200.0
577400,"Almonds, Shelled Basis",KZ,Kazakhstan,2017,2020,10,28,Production,21,(MT),0.0
577400,"Almonds, Shelled Basis",KZ,Kazakhstan,2017,2020,10,178,Total Distribution,21,(MT),9200.0
577400,"Almonds, Shelled Basis",KZ,Kazakhstan,2017,2020,10,86,Total Supply,21,(MT),9200.0
577400,"Almonds, Shelled Basis",KZ,Kazakhstan,2018,2020,10,20,Beginning Stocks,21,(MT),0.0
577400,"Almonds, Shelled Basis",KZ,Kazakhstan,2018,2020,10,125,Domestic Consumption,21,(MT),8300.0
577400,"Almonds, Shelled Basis",KZ,Kazakhstan,2018,2020,10,176,Ending Stocks,21,(MT),0.0
577400,"Almonds, Shelled Basis",KZ,Kazakhstan,2018,2020,10,88,Exports,21,(MT),0.0
577400,"Almonds, Shelled Basis",KZ,Kazakhstan,2018,2020,10,57,Imports,21,(MT),8300.0
577400,"Almonds, Shelled Basis",KZ,Kazakhstan,2018,2020,10,28,Production,21,(MT),0.0
577400,"Almonds, Shelled Basis",KZ,Kazakhstan,2018,2020,10,178,Total Distribution,21,(MT),8300.0
577400,"Almonds, Shelled Basis",KZ,Kazakhstan,2018,2020,10,86,Total Supply,21,(MT),8300.0
577400,"Almonds, Shelled Basis",KZ,Kazakhstan,2019,2020,10,20,Beginning Stocks,21,(MT),0.0
577400,"Almonds, Shelled Basis",KZ,Kazakhstan,2019,2020,10,125,Domestic Consumption,21,(MT),9400.0
577400,"Almonds, Shelled Basis",KZ,Kazakhstan,2019,2020,10,176,Ending Stocks,21,(MT),0.0
577400,"Almonds, Shelled Basis",KZ,Kazakhstan,2019,2020,10,88,Exports,21,(MT),0.0
577400,"Almonds, Shelled Basis",KZ,Kazakhstan,2019,2020,10,57,Imports,21,(MT),9400.0
577400,"Almonds, Shelled Basis",KZ,Kazakhstan,2019,2020,10,28,Production,21,(MT),0.0
577400,"Almonds, Shelled Basis",KZ,Kazakhstan,2019,2020,10,178,Total Distribution,21,(MT),9400.0
577400,"Almonds, Shelled Basis",KZ,Kazakhstan,2019,2020,10,86,Total Supply,21,(MT),9400.0
577400,"Almonds, Shelled Basis",KZ,Kazakhstan,2020,2020,10,20,Beginning Stocks,21,(MT),0.0
577400,"Almonds, Shelled Basis",KZ,Kazakhstan,2020,2020,10,125,Domestic Consumption,21,(MT),10000.0
577400,"Almonds, Shelled Basis",KZ,Kazakhstan,2020,2020,10,176,Ending Stocks,21,(MT),0.0
577400,"Almonds, Shelled Basis",KZ,Kazakhstan,2020,2020,10,88,Exports,21,(MT),0.0
577400,"Almonds, Shelled Basis",KZ,Kazakhstan,2020,2020,10,57,Imports,21,(MT),10000.0
577400,"Almonds, Shelled Basis",KZ,Kazakhstan,2020,2020,10,28,Production,21,(MT),0.0
577400,"Almonds, Shelled Basis",KZ,Kazakhstan,2020,2020,10,178,Total Distribution,21,(MT),10000.0
577400,"Almonds, Shelled Basis",KZ,Kazakhstan,2020,2020,10,86,Total Supply,21,(MT),10000.0
577400,"Almonds, Shelled Basis",KS,"Korea, South",2001,2010,10,20,Beginning Stocks,21,(MT),0.0
577400,"Almonds, Shelled Basis",KS,"Korea, South",2001,2010,10,125,Domestic Consumption,21,(MT),4800.0
577400,"Almonds, Shelled Basis",KS,"Korea, South",2001,2010,10,176,Ending Stocks,21,(MT),0.0
577400,"Almonds, Shelled Basis",KS,"Korea, South",2001,2010,10,88,Exports,21,(MT),0.0
577400,"Almonds, Shelled Basis",KS,"Korea, South",2001,2010,10,57,Imports,21,(MT),4800.0
577400,"Almonds, Shelled Basis",KS,"Korea, South",2001,2010,10,28,Production,21,(MT),0.0
577400,"Almonds, Shelled Basis",KS,"Korea, South",2001,2010,10,178,Total Distribution,21,(MT),4800.0
577400,"Almonds, Shelled Basis",KS,"Korea, South",2001,2010,10,86,Total Supply,21,(MT),4800.0
577400,"Almonds, Shelled Basis",KS,"Korea, South",2002,2014,10,20,Beginning Stocks,21,(MT),0.0
577400,"Almonds, Shelled Basis",KS,"Korea, South",2002,2014,10,125,Domestic Consumption,21,(MT),6100.0
577400,"Almonds, Shelled Basis",KS,"Korea, South",2002,2014,10,176,Ending Stocks,21,(MT),0.0
577400,"Almonds, Shelled Basis",KS,"Korea, South",2002,2014,10,88,Exports,21,(MT),0.0
577400,"Almonds, Shelled Basis",KS,"Korea, South",2002,2014,10,57,Imports,21,(MT),6100.0
577400,"Almonds, Shelled Basis",KS,"Korea, South",2002,2014,10,28,Production,21,(MT),0.0
577400,"Almonds, Shelled Basis",KS,"Korea, South",2002,2014,10,178,Total Distribution,21,(MT),6100.0
577400,"Almonds, Shelled Basis",KS,"Korea, South",2002,2014,10,86,Total Supply,21,(MT),6100.0
577400,"Almonds, Shelled Basis",KS,"Korea, South",2003,2014,10,20,Beginning Stocks,21,(MT),0.0
577400,"Almonds, Shelled Basis",KS,"Korea, South",2003,2014,10,125,Domestic Consumption,21,(MT),5700.0
577400,"Almonds, Shelled Basis",KS,"Korea, South",2003,2014,10,176,Ending Stocks,21,(MT),0.0
577400,"Almonds, Shelled Basis",KS,"Korea, South",2003,2014,10,88,Exports,21,(MT),0.0
577400,"Almonds, Shelled Basis",KS,"Korea, South",2003,2014,10,57,Imports,21,(MT),5700.0
577400,"Almonds, Shelled Basis",KS,"Korea, South",2003,2014,10,28,Production,21,(MT),0.0
577400,"Almonds, Shelled Basis",KS,"Korea, South",2003,2014,10,178,Total Distribution,21,(MT),5700.0
577400,"Almonds, Shelled Basis",KS,"Korea, South",2003,2014,10,86,Total Supply,21,(MT),5700.0
577400,"Almonds, Shelled Basis",KS,"Korea, South",2004,2014,10,20,Beginning Stocks,21,(MT),0.0
577400,"Almonds, Shelled Basis",KS,"Korea, South",2004,2014,10,125,Domestic Consumption,21,(MT),6600.0
577400,"Almonds, Shelled Basis",KS,"Korea, South",2004,2014,10,176,Ending Stocks,21,(MT),0.0
577400,"Almonds, Shelled Basis",KS,"Korea, South",2004,2014,10,88,Exports,21,(MT),0.0
577400,"Almonds, Shelled Basis",KS,"Korea, South",2004,2014,10,57,Imports,21,(MT),6600.0
577400,"Almonds, Shelled Basis",KS,"Korea, South",2004,2014,10,28,Production,21,(MT),0.0
577400,"Almonds, Shelled Basis",KS,"Korea, South",2004,2014,10,178,Total Distribution,21,(MT),6600.0
577400,"Almonds, Shelled Basis",KS,"Korea, South",2004,2014,10,86,Total Supply,21,(MT),6600.0
577400,"Almonds, Shelled Basis",KS,"Korea, South",2005,2014,10,20,Beginning Stocks,21,(MT),0.0
577400,"Almonds, Shelled Basis",KS,"Korea, South",2005,2014,10,125,Domestic Consumption,21,(MT),5300.0
577400,"Almonds, Shelled Basis",KS,"Korea, South",2005,2014,10,176,Ending Stocks,21,(MT),0.0
577400,"Almonds, Shelled Basis",KS,"Korea, South",2005,2014,10,88,Exports,21,(MT),0.0
577400,"Almonds, Shelled Basis",KS,"Korea, South",2005,2014,10,57,Imports,21,(MT),5300.0
577400,"Almonds, Shelled Basis",KS,"Korea, South",2005,2014,10,28,Production,21,(MT),0.0
577400,"Almonds, Shelled Basis",KS,"Korea, South",2005,2014,10,178,Total Distribution,21,(MT),5300.0
577400,"Almonds, Shelled Basis",KS,"Korea, South",2005,2014,10,86,Total Supply,21,(MT),5300.0
577400,"Almonds, Shelled Basis",KS,"Korea, South",2006,2014,10,20,Beginning Stocks,21,(MT),0.0
577400,"Almonds, Shelled Basis",KS,"Korea, South",2006,2014,10,125,Domestic Consumption,21,(MT),6000.0
577400,"Almonds, Shelled Basis",KS,"Korea, South",2006,2014,10,176,Ending Stocks,21,(MT),0.0
577400,"Almonds, Shelled Basis",KS,"Korea, South",2006,2014,10,88,Exports,21,(MT),0.0
577400,"Almonds, Shelled Basis",KS,"Korea, South",2006,2014,10,57,Imports,21,(MT),6000.0
577400,"Almonds, Shelled Basis",KS,"Korea, South",2006,2014,10,28,Production,21,(MT),0.0
577400,"Almonds, Shelled Basis",KS,"Korea, South",2006,2014,10,178,Total Distribution,21,(MT),6000.0
577400,"Almonds, Shelled Basis",KS,"Korea, South",2006,2014,10,86,Total Supply,21,(MT),6000.0
577400,"Almonds, Shelled Basis",KS,"Korea, South",2007,2009,8,20,Beginning Stocks,21,(MT),0.0
577400,"Almonds, Shelled Basis",KS,"Korea, South",2007,2009,8,125,Domestic Consumption,21,(MT),7700.0
577400,"Almonds, Shelled Basis",KS,"Korea, South",2007,2009,8,176,Ending Stocks,21,(MT),0.0
577400,"Almonds, Shelled Basis",KS,"Korea, South",2007,2009,8,88,Exports,21,(MT),0.0
577400,"Almonds, Shelled Basis",KS,"Korea, South",2007,2009,8,57,Imports,21,(MT),7700.0
577400,"Almonds, Shelled Basis",KS,"Korea, South",2007,2009,8,28,Production,21,(MT),0.0
577400,"Almonds, Shelled Basis",KS,"Korea, South",2007,2009,8,178,Total Distribution,21,(MT),7700.0
577400,"Almonds, Shelled Basis",KS,"Korea, South",2007,2009,8,86,Total Supply,21,(MT),7700.0
577400,"Almonds, Shelled Basis",KS,"Korea, South",2008,2014,10,20,Beginning Stocks,21,(MT),0.0
577400,"Almonds, Shelled Basis",KS,"Korea, South",2008,2014,10,125,Domestic Consumption,21,(MT),9200.0
577400,"Almonds, Shelled Basis",KS,"Korea, South",2008,2014,10,176,Ending Stocks,21,(MT),0.0
577400,"Almonds, Shelled Basis",KS,"Korea, South",2008,2014,10,88,Exports,21,(MT),0.0
577400,"Almonds, Shelled Basis",KS,"Korea, South",2008,2014,10,57,Imports,21,(MT),9200.0
577400,"Almonds, Shelled Basis",KS,"Korea, South",2008,2014,10,28,Production,21,(MT),0.0
577400,"Almonds, Shelled Basis",KS,"Korea, South",2008,2014,10,178,Total Distribution,21,(MT),9200.0
577400,"Almonds, Shelled Basis",KS,"Korea, South",2008,2014,10,86,Total Supply,21,(MT),9200.0
577400,"Almonds, Shelled Basis",KS,"Korea, South",2009,2014,10,20,Beginning Stocks,21,(MT),0.0
577400,"Almonds, Shelled Basis",KS,"Korea, South",2009,2014,10,125,Domestic Consumption,21,(MT),11700.0
577400,"Almonds, Shelled Basis",KS,"Korea, South",2009,2014,10,176,Ending Stocks,21,(MT),0.0
577400,"Almonds, Shelled Basis",KS,"Korea, South",2009,2014,10,88,Exports,21,(MT),0.0
577400,"Almonds, Shelled Basis",KS,"Korea, South",2009,2014,10,57,Imports,21,(MT),11700.0
577400,"Almonds, Shelled Basis",KS,"Korea, South",2009,2014,10,28,Production,21,(MT),0.0
577400,"Almonds, Shelled Basis",KS,"Korea, South",2009,2014,10,178,Total Distribution,21,(MT),11700.0
577400,"Almonds, Shelled Basis",KS,"Korea, South",2009,2014,10,86,Total Supply,21,(MT),11700.0
577400,"Almonds, Shelled Basis",KS,"Korea, South",2010,2014,10,20,Beginning Stocks,21,(MT),0.0
577400,"Almonds, Shelled Basis",KS,"Korea, South",2010,2014,10,125,Domestic Consumption,21,(MT),14200.0
577400,"Almonds, Shelled Basis",KS,"Korea, South",2010,2014,10,176,Ending Stocks,21,(MT),0.0
577400,"Almonds, Shelled Basis",KS,"Korea, South",2010,2014,10,88,Exports,21,(MT),0.0
577400,"Almonds, Shelled Basis",KS,"Korea, South",2010,2014,10,57,Imports,21,(MT),14200.0
577400,"Almonds, Shelled Basis",KS,"Korea, South",2010,2014,10,28,Production,21,(MT),0.0
577400,"Almonds, Shelled Basis",KS,"Korea, South",2010,2014,10,178,Total Distribution,21,(MT),14200.0
577400,"Almonds, Shelled Basis",KS,"Korea, South",2010,2014,10,86,Total Supply,21,(MT),14200.0
577400,"Almonds, Shelled Basis",KS,"Korea, South",2011,2014,10,20,Beginning Stocks,21,(MT),0.0
577400,"Almonds, Shelled Basis",KS,"Korea, South",2011,2014,10,125,Domestic Consumption,21,(MT),20300.0
577400,"Almonds, Shelled Basis",KS,"Korea, South",2011,2014,10,176,Ending Stocks,21,(MT),0.0
577400,"Almonds, Shelled Basis",KS,"Korea, South",2011,2014,10,88,Exports,21,(MT),0.0
577400,"Almonds, Shelled Basis",KS,"Korea, South",2011,2014,10,57,Imports,21,(MT),20300.0
577400,"Almonds, Shelled Basis",KS,"Korea, South",2011,2014,10,28,Production,21,(MT),0.0
577400,"Almonds, Shelled Basis",KS,"Korea, South",2011,2014,10,178,Total Distribution,21,(MT),20300.0
577400,"Almonds, Shelled Basis",KS,"Korea, South",2011,2014,10,86,Total Supply,21,(MT),20300.0
577400,"Almonds, Shelled Basis",KS,"Korea, South",2012,2013,11,20,Beginning Stocks,21,(MT),0.0
577400,"Almonds, Shelled Basis",KS,"Korea, South",2012,2013,11,125,Domestic Consumption,21,(MT),21300.0
577400,"Almonds, Shelled Basis",KS,"Korea, South",2012,2013,11,176,Ending Stocks,21,(MT),0.0
577400,"Almonds, Shelled Basis",KS,"Korea, South",2012,2013,11,88,Exports,21,(MT),0.0
577400,"Almonds, Shelled Basis",KS,"Korea, South",2012,2013,11,57,Imports,21,(MT),21300.0
577400,"Almonds, Shelled Basis",KS,"Korea, South",2012,2013,11,28,Production,21,(MT),0.0
577400,"Almonds, Shelled Basis",KS,"Korea, South",2012,2013,11,178,Total Distribution,21,(MT),21300.0
577400,"Almonds, Shelled Basis",KS,"Korea, South",2012,2013,11,86,Total Supply,21,(MT),21300.0
577400,"Almonds, Shelled Basis",KS,"Korea, South",2013,2014,10,20,Beginning Stocks,21,(MT),0.0
577400,"Almonds, Shelled Basis",KS,"Korea, South",2013,2014,10,125,Domestic Consumption,21,(MT),25800.0
577400,"Almonds, Shelled Basis",KS,"Korea, South",2013,2014,10,176,Ending Stocks,21,(MT),0.0
577400,"Almonds, Shelled Basis",KS,"Korea, South",2013,2014,10,88,Exports,21,(MT),0.0
577400,"Almonds, Shelled Basis",KS,"Korea, South",2013,2014,10,57,Imports,21,(MT),25800.0
577400,"Almonds, Shelled Basis",KS,"Korea, South",2013,2014,10,28,Production,21,(MT),0.0
577400,"Almonds, Shelled Basis",KS,"Korea, South",2013,2014,10,178,Total Distribution,21,(MT),25800.0
577400,"Almonds, Shelled Basis",KS,"Korea, South",2013,2014,10,86,Total Supply,21,(MT),25800.0
577400,"Almonds, Shelled Basis",KS,"Korea, South",2014,2016,10,20,Beginning Stocks,21,(MT),0.0
577400,"Almonds, Shelled Basis",KS,"Korea, South",2014,2016,10,125,Domestic Consumption,21,(MT),25800.0
577400,"Almonds, Shelled Basis",KS,"Korea, South",2014,2016,10,176,Ending Stocks,21,(MT),0.0
577400,"Almonds, Shelled Basis",KS,"Korea, South",2014,2016,10,88,Exports,21,(MT),0.0
577400,"Almonds, Shelled Basis",KS,"Korea, South",2014,2016,10,57,Imports,21,(MT),25800.0
577400,"Almonds, Shelled Basis",KS,"Korea, South",2014,2016,10,28,Production,21,(MT),0.0
577400,"Almonds, Shelled Basis",KS,"Korea, South",2014,2016,10,178,Total Distribution,21,(MT),25800.0
577400,"Almonds, Shelled Basis",KS,"Korea, South",2014,2016,10,86,Total Supply,21,(MT),25800.0
577400,"Almonds, Shelled Basis",KS,"Korea, South",2015,2016,10,20,Beginning Stocks,21,(MT),0.0
577400,"Almonds, Shelled Basis",KS,"Korea, South",2015,2016,10,125,Domestic Consumption,21,(MT),22100.0
577400,"Almonds, Shelled Basis",KS,"Korea, South",2015,2016,10,176,Ending Stocks,21,(MT),0.0
577400,"Almonds, Shelled Basis",KS,"Korea, South",2015,2016,10,88,Exports,21,(MT),0.0
577400,"Almonds, Shelled Basis",KS,"Korea, South",2015,2016,10,57,Imports,21,(MT),22100.0
577400,"Almonds, Shelled Basis",KS,"Korea, South",2015,2016,10,28,Production,21,(MT),0.0
577400,"Almonds, Shelled Basis",KS,"Korea, South",2015,2016,10,178,Total Distribution,21,(MT),22100.0
577400,"Almonds, Shelled Basis",KS,"Korea, South",2015,2016,10,86,Total Supply,21,(MT),22100.0
577400,"Almonds, Shelled Basis",KS,"Korea, South",2016,2017,10,20,Beginning Stocks,21,(MT),0.0
577400,"Almonds, Shelled Basis",KS,"Korea, South",2016,2017,10,125,Domestic Consumption,21,(MT),25600.0
577400,"Almonds, Shelled Basis",KS,"Korea, South",2016,2017,10,176,Ending Stocks,21,(MT),0.0
577400,"Almonds, Shelled Basis",KS,"Korea, South",2016,2017,10,88,Exports,21,(MT),0.0
577400,"Almonds, Shelled Basis",KS,"Korea, South",2016,2017,10,57,Imports,21,(MT),25600.0
577400,"Almonds, Shelled Basis",KS,"Korea, South",2016,2017,10,28,Production,21,(MT),0.0
577400,"Almonds, Shelled Basis",KS,"Korea, South",2016,2017,10,178,Total Distribution,21,(MT),25600.0
577400,"Almonds, Shelled Basis",KS,"Korea, South",2016,2017,10,86,Total Supply,21,(MT),25600.0
577400,"Almonds, Shelled Basis",KS,"Korea, South",2017,2019,10,20,Beginning Stocks,21,(MT),0.0
577400,"Almonds, Shelled Basis",KS,"Korea, South",2017,2019,10,125,Domestic Consumption,21,(MT),23700.0
577400,"Almonds, Shelled Basis",KS,"Korea, South",2017,2019,10,176,Ending Stocks,21,(MT),0.0
577400,"Almonds, Shelled Basis",KS,"Korea, South",2017,2019,10,88,Exports,21,(MT),0.0
577400,"Almonds, Shelled Basis",KS,"Korea, South",2017,2019,10,57,Imports,21,(MT),23700.0
577400,"Almonds, Shelled Basis",KS,"Korea, South",2017,2019,10,28,Production,21,(MT),0.0
577400,"Almonds, Shelled Basis",KS,"Korea, South",2017,2019,10,178,Total Distribution,21,(MT),23700.0
577400,"Almonds, Shelled Basis",KS,"Korea, South",2017,2019,10,86,Total Supply,21,(MT),23700.0
577400,"Almonds, Shelled Basis",KS,"Korea, South",2018,2020,10,20,Beginning Stocks,21,(MT),0.0
577400,"Almonds, Shelled Basis",KS,"Korea, South",2018,2020,10,125,Domestic Consumption,21,(MT),25600.0
577400,"Almonds, Shelled Basis",KS,"Korea, South",2018,2020,10,176,Ending Stocks,21,(MT),0.0
577400,"Almonds, Shelled Basis",KS,"Korea, South",2018,2020,10,88,Exports,21,(MT),0.0
577400,"Almonds, Shelled Basis",KS,"Korea, South",2018,2020,10,57,Imports,21,(MT),25600.0
577400,"Almonds, Shelled Basis",KS,"Korea, South",2018,2020,10,28,Production,21,(MT),0.0
577400,"Almonds, Shelled Basis",KS,"Korea, South",2018,2020,10,178,Total Distribution,21,(MT),25600.0
577400,"Almonds, Shelled Basis",KS,"Korea, South",2018,2020,10,86,Total Supply,21,(MT),25600.0
577400,"Almonds, Shelled Basis",KS,"Korea, South",2019,2020,10,20,Beginning Stocks,21,(MT),0.0
577400,"Almonds, Shelled Basis",KS,"Korea, South",2019,2020,10,125,Domestic Consumption,21,(MT),24700.0
577400,"Almonds, Shelled Basis",KS,"Korea, South",2019,2020,10,176,Ending Stocks,21,(MT),0.0
577400,"Almonds, Shelled Basis",KS,"Korea, South",2019,2020,10,88,Exports,21,(MT),0.0
577400,"Almonds, Shelled Basis",KS,"Korea, South",2019,2020,10,57,Imports,21,(MT),24700.0
577400,"Almonds, Shelled Basis",KS,"Korea, South",2019,2020,10,28,Production,21,(MT),0.0
577400,"Almonds, Shelled Basis",KS,"Korea, South",2019,2020,10,178,Total Distribution,21,(MT),24700.0
577400,"Almonds, Shelled Basis",KS,"Korea, South",2019,2020,10,86,Total Supply,21,(MT),24700.0
577400,"Almonds, Shelled Basis",KS,"Korea, South",2020,2020,10,20,Beginning Stocks,21,(MT),0.0
577400,"Almonds, Shelled Basis",KS,"Korea, South",2020,2020,10,125,Domestic Consumption,21,(MT),28000.0
577400,"Almonds, Shelled Basis",KS,"Korea, South",2020,2020,10,176,Ending Stocks,21,(MT),0.0
577400,"Almonds, Shelled Basis",KS,"Korea, South",2020,2020,10,88,Exports,21,(MT),0.0
577400,"Almonds, Shelled Basis",KS,"Korea, South",2020,2020,10,57,Imports,21,(MT),28000.0
577400,"Almonds, Shelled Basis",KS,"Korea, South",2020,2020,10,28,Production,21,(MT),0.0
577400,"Almonds, Shelled Basis",KS,"Korea, South",2020,2020,10,178,Total Distribution,21,(MT),28000.0
577400,"Almonds, Shelled Basis",KS,"Korea, South",2020,2020,10,86,Total Supply,21,(MT),28000.0
577400,"Almonds, Shelled Basis",MY,Malaysia,2001,2010,10,20,Beginning Stocks,21,(MT),0.0
577400,"Almonds, Shelled Basis",MY,Malaysia,2001,2010,10,125,Domestic Consumption,21,(MT),1200.0
577400,"Almonds, Shelled Basis",MY,Malaysia,2001,2010,10,176,Ending Stocks,21,(MT),0.0
577400,"Almonds, Shelled Basis",MY,Malaysia,2001,2010,10,88,Exports,21,(MT),0.0
577400,"Almonds, Shelled Basis",MY,Malaysia,2001,2010,10,57,Imports,21,(MT),1200.0
577400,"Almonds, Shelled Basis",MY,Malaysia,2001,2010,10,28,Production,21,(MT),0.0
577400,"Almonds, Shelled Basis",MY,Malaysia,2001,2010,10,178,Total Distribution,21,(MT),1200.0
577400,"Almonds, Shelled Basis",MY,Malaysia,2001,2010,10,86,Total Supply,21,(MT),1200.0
577400,"Almonds, Shelled Basis",MY,Malaysia,2002,2014,10,20,Beginning Stocks,21,(MT),0.0
577400,"Almonds, Shelled Basis",MY,Malaysia,2002,2014,10,125,Domestic Consumption,21,(MT),1300.0
577400,"Almonds, Shelled Basis",MY,Malaysia,2002,2014,10,176,Ending Stocks,21,(MT),0.0
577400,"Almonds, Shelled Basis",MY,Malaysia,2002,2014,10,88,Exports,21,(MT),0.0
577400,"Almonds, Shelled Basis",MY,Malaysia,2002,2014,10,57,Imports,21,(MT),1300.0
577400,"Almonds, Shelled Basis",MY,Malaysia,2002,2014,10,28,Production,21,(MT),0.0
577400,"Almonds, Shelled Basis",MY,Malaysia,2002,2014,10,178,Total Distribution,21,(MT),1300.0
577400,"Almonds, Shelled Basis",MY,Malaysia,2002,2014,10,86,Total Supply,21,(MT),1300.0
577400,"Almonds, Shelled Basis",MY,Malaysia,2003,2014,10,20,Beginning Stocks,21,(MT),0.0
577400,"Almonds, Shelled Basis",MY,Malaysia,2003,2014,10,125,Domestic Consumption,21,(MT),1300.0
577400,"Almonds, Shelled Basis",MY,Malaysia,2003,2014,10,176,Ending Stocks,21,(MT),0.0
577400,"Almonds, Shelled Basis",MY,Malaysia,2003,2014,10,88,Exports,21,(MT),0.0
577400,"Almonds, Shelled Basis",MY,Malaysia,2003,2014,10,57,Imports,21,(MT),1300.0
577400,"Almonds, Shelled Basis",MY,Malaysia,2003,2014,10,28,Production,21,(MT),0.0
577400,"Almonds, Shelled Basis",MY,Malaysia,2003,2014,10,178,Total Distribution,21,(MT),1300.0
577400,"Almonds, Shelled Basis",MY,Malaysia,2003,2014,10,86,Total Supply,21,(MT),1300.0
577400,"Almonds, Shelled Basis",MY,Malaysia,2004,2009,8,20,Beginning Stocks,21,(MT),0.0
577400,"Almonds, Shelled Basis",MY,Malaysia,2004,2009,8,125,Domestic Consumption,21,(MT),1500.0
577400,"Almonds, Shelled Basis",MY,Malaysia,2004,2009,8,176,Ending Stocks,21,(MT),0.0
577400,"Almonds, Shelled Basis",MY,Malaysia,2004,2009,8,88,Exports,21,(MT),0.0
577400,"Almonds, Shelled Basis",MY,Malaysia,2004,2009,8,57,Imports,21,(MT),1500.0
577400,"Almonds, Shelled Basis",MY,Malaysia,2004,2009,8,28,Production,21,(MT),0.0
577400,"Almonds, Shelled Basis",MY,Malaysia,2004,2009,8,178,Total Distribution,21,(MT),1500.0
577400,"Almonds, Shelled Basis",MY,Malaysia,2004,2009,8,86,Total Supply,21,(MT),1500.0
577400,"Almonds, Shelled Basis",MY,Malaysia,2005,2009,8,20,Beginning Stocks,21,(MT),0.0
577400,"Almonds, Shelled Basis",MY,Malaysia,2005,2009,8,125,Domestic Consumption,21,(MT),1500.0
577400,"Almonds, Shelled Basis",MY,Malaysia,2005,2009,8,176,Ending Stocks,21,(MT),0.0
577400,"Almonds, Shelled Basis",MY,Malaysia,2005,2009,8,88,Exports,21,(MT),0.0
577400,"Almonds, Shelled Basis",MY,Malaysia,2005,2009,8,57,Imports,21,(MT),1500.0
577400,"Almonds, Shelled Basis",MY,Malaysia,2005,2009,8,28,Production,21,(MT),0.0
577400,"Almonds, Shelled Basis",MY,Malaysia,2005,2009,8,178,Total Distribution,21,(MT),1500.0
577400,"Almonds, Shelled Basis",MY,Malaysia,2005,2009,8,86,Total Supply,21,(MT),1500.0
577400,"Almonds, Shelled Basis",MY,Malaysia,2006,2009,8,20,Beginning Stocks,21,(MT),0.0
577400,"Almonds, Shelled Basis",MY,Malaysia,2006,2009,8,125,Domestic Consumption,21,(MT),1500.0
577400,"Almonds, Shelled Basis",MY,Malaysia,2006,2009,8,176,Ending Stocks,21,(MT),0.0
577400,"Almonds, Shelled Basis",MY,Malaysia,2006,2009,8,88,Exports,21,(MT),0.0
577400,"Almonds, Shelled Basis",MY,Malaysia,2006,2009,8,57,Imports,21,(MT),1500.0
577400,"Almonds, Shelled Basis",MY,Malaysia,2006,2009,8,28,Production,21,(MT),0.0
577400,"Almonds, Shelled Basis",MY,Malaysia,2006,2009,8,178,Total Distribution,21,(MT),1500.0
577400,"Almonds, Shelled Basis",MY,Malaysia,2006,2009,8,86,Total Supply,21,(MT),1500.0
577400,"Almonds, Shelled Basis",MY,Malaysia,2007,2014,10,20,Beginning Stocks,21,(MT),0.0
577400,"Almonds, Shelled Basis",MY,Malaysia,2007,2014,10,125,Domestic Consumption,21,(MT),1800.0
577400,"Almonds, Shelled Basis",MY,Malaysia,2007,2014,10,176,Ending Stocks,21,(MT),0.0
577400,"Almonds, Shelled Basis",MY,Malaysia,2007,2014,10,88,Exports,21,(MT),0.0
577400,"Almonds, Shelled Basis",MY,Malaysia,2007,2014,10,57,Imports,21,(MT),1800.0
577400,"Almonds, Shelled Basis",MY,Malaysia,2007,2014,10,28,Production,21,(MT),0.0
577400,"Almonds, Shelled Basis",MY,Malaysia,2007,2014,10,178,Total Distribution,21,(MT),1800.0
577400,"Almonds, Shelled Basis",MY,Malaysia,2007,2014,10,86,Total Supply,21,(MT),1800.0
577400,"Almonds, Shelled Basis",MY,Malaysia,2008,2014,10,20,Beginning Stocks,21,(MT),0.0
577400,"Almonds, Shelled Basis",MY,Malaysia,2008,2014,10,125,Domestic Consumption,21,(MT),1500.0
577400,"Almonds, Shelled Basis",MY,Malaysia,2008,2014,10,176,Ending Stocks,21,(MT),0.0
577400,"Almonds, Shelled Basis",MY,Malaysia,2008,2014,10,88,Exports,21,(MT),0.0
577400,"Almonds, Shelled Basis",MY,Malaysia,2008,2014,10,57,Imports,21,(MT),1500.0
577400,"Almonds, Shelled Basis",MY,Malaysia,2008,2014,10,28,Production,21,(MT),0.0
577400,"Almonds, Shelled Basis",MY,Malaysia,2008,2014,10,178,Total Distribution,21,(MT),1500.0
577400,"Almonds, Shelled Basis",MY,Malaysia,2008,2014,10,86,Total Supply,21,(MT),1500.0
577400,"Almonds, Shelled Basis",MY,Malaysia,2009,2014,10,20,Beginning Stocks,21,(MT),0.0
577400,"Almonds, Shelled Basis",MY,Malaysia,2009,2014,10,125,Domestic Consumption,21,(MT),2400.0
577400,"Almonds, Shelled Basis",MY,Malaysia,2009,2014,10,176,Ending Stocks,21,(MT),0.0
577400,"Almonds, Shelled Basis",MY,Malaysia,2009,2014,10,88,Exports,21,(MT),0.0
577400,"Almonds, Shelled Basis",MY,Malaysia,2009,2014,10,57,Imports,21,(MT),2400.0
577400,"Almonds, Shelled Basis",MY,Malaysia,2009,2014,10,28,Production,21,(MT),0.0
577400,"Almonds, Shelled Basis",MY,Malaysia,2009,2014,10,178,Total Distribution,21,(MT),2400.0
577400,"Almonds, Shelled Basis",MY,Malaysia,2009,2014,10,86,Total Supply,21,(MT),2400.0
577400,"Almonds, Shelled Basis",MY,Malaysia,2010,2014,10,20,Beginning Stocks,21,(MT),0.0
577400,"Almonds, Shelled Basis",MY,Malaysia,2010,2014,10,125,Domestic Consumption,21,(MT),2800.0
577400,"Almonds, Shelled Basis",MY,Malaysia,2010,2014,10,176,Ending Stocks,21,(MT),0.0
577400,"Almonds, Shelled Basis",MY,Malaysia,2010,2014,10,88,Exports,21,(MT),0.0
577400,"Almonds, Shelled Basis",MY,Malaysia,2010,2014,10,57,Imports,21,(MT),2800.0
577400,"Almonds, Shelled Basis",MY,Malaysia,2010,2014,10,28,Production,21,(MT),0.0
577400,"Almonds, Shelled Basis",MY,Malaysia,2010,2014,10,178,Total Distribution,21,(MT),2800.0
577400,"Almonds, Shelled Basis",MY,Malaysia,2010,2014,10,86,Total Supply,21,(MT),2800.0
577400,"Almonds, Shelled Basis",MY,Malaysia,2011,2014,10,20,Beginning Stocks,21,(MT),0.0
577400,"Almonds, Shelled Basis",MY,Malaysia,2011,2014,10,125,Domestic Consumption,21,(MT),2900.0
577400,"Almonds, Shelled Basis",MY,Malaysia,2011,2014,10,176,Ending Stocks,21,(MT),0.0
577400,"Almonds, Shelled Basis",MY,Malaysia,2011,2014,10,88,Exports,21,(MT),0.0
577400,"Almonds, Shelled Basis",MY,Malaysia,2011,2014,10,57,Imports,21,(MT),2900.0
577400,"Almonds, Shelled Basis",MY,Malaysia,2011,2014,10,28,Production,21,(MT),0.0
577400,"Almonds, Shelled Basis",MY,Malaysia,2011,2014,10,178,Total Distribution,21,(MT),2900.0
577400,"Almonds, Shelled Basis",MY,Malaysia,2011,2014,10,86,Total Supply,21,(MT),2900.0
577400,"Almonds, Shelled Basis",MY,Malaysia,2012,2014,10,20,Beginning Stocks,21,(MT),0.0
577400,"Almonds, Shelled Basis",MY,Malaysia,2012,2014,10,125,Domestic Consumption,21,(MT),2800.0
577400,"Almonds, Shelled Basis",MY,Malaysia,2012,2014,10,176,Ending Stocks,21,(MT),0.0
577400,"Almonds, Shelled Basis",MY,Malaysia,2012,2014,10,88,Exports,21,(MT),0.0
577400,"Almonds, Shelled Basis",MY,Malaysia,2012,2014,10,57,Imports,21,(MT),2800.0
577400,"Almonds, Shelled Basis",MY,Malaysia,2012,2014,10,28,Production,21,(MT),0.0
577400,"Almonds, Shelled Basis",MY,Malaysia,2012,2014,10,178,Total Distribution,21,(MT),2800.0
577400,"Almonds, Shelled Basis",MY,Malaysia,2012,2014,10,86,Total Supply,21,(MT),2800.0
577400,"Almonds, Shelled Basis",MY,Malaysia,2013,2014,10,20,Beginning Stocks,21,(MT),0.0
577400,"Almonds, Shelled Basis",MY,Malaysia,2013,2014,10,125,Domestic Consumption,21,(MT),3500.0
577400,"Almonds, Shelled Basis",MY,Malaysia,2013,2014,10,176,Ending Stocks,21,(MT),0.0
577400,"Almonds, Shelled Basis",MY,Malaysia,2013,2014,10,88,Exports,21,(MT),0.0
577400,"Almonds, Shelled Basis",MY,Malaysia,2013,2014,10,57,Imports,21,(MT),3500.0
577400,"Almonds, Shelled Basis",MY,Malaysia,2013,2014,10,28,Production,21,(MT),0.0
577400,"Almonds, Shelled Basis",MY,Malaysia,2013,2014,10,178,Total Distribution,21,(MT),3500.0
577400,"Almonds, Shelled Basis",MY,Malaysia,2013,2014,10,86,Total Supply,21,(MT),3500.0
577400,"Almonds, Shelled Basis",MY,Malaysia,2014,2015,10,20,Beginning Stocks,21,(MT),0.0
577400,"Almonds, Shelled Basis",MY,Malaysia,2014,2015,10,125,Domestic Consumption,21,(MT),2700.0
577400,"Almonds, Shelled Basis",MY,Malaysia,2014,2015,10,176,Ending Stocks,21,(MT),0.0
577400,"Almonds, Shelled Basis",MY,Malaysia,2014,2015,10,88,Exports,21,(MT),0.0
577400,"Almonds, Shelled Basis",MY,Malaysia,2014,2015,10,57,Imports,21,(MT),2700.0
577400,"Almonds, Shelled Basis",MY,Malaysia,2014,2015,10,28,Production,21,(MT),0.0
577400,"Almonds, Shelled Basis",MY,Malaysia,2014,2015,10,178,Total Distribution,21,(MT),2700.0
577400,"Almonds, Shelled Basis",MY,Malaysia,2014,2015,10,86,Total Supply,21,(MT),2700.0
577400,"Almonds, Shelled Basis",MY,Malaysia,2015,2016,10,20,Beginning Stocks,21,(MT),0.0
577400,"Almonds, Shelled Basis",MY,Malaysia,2015,2016,10,125,Domestic Consumption,21,(MT),3200.0
577400,"Almonds, Shelled Basis",MY,Malaysia,2015,2016,10,176,Ending Stocks,21,(MT),0.0
577400,"Almonds, Shelled Basis",MY,Malaysia,2015,2016,10,88,Exports,21,(MT),0.0
577400,"Almonds, Shelled Basis",MY,Malaysia,2015,2016,10,57,Imports,21,(MT),3200.0
577400,"Almonds, Shelled Basis",MY,Malaysia,2015,2016,10,28,Production,21,(MT),0.0
577400,"Almonds, Shelled Basis",MY,Malaysia,2015,2016,10,178,Total Distribution,21,(MT),3200.0
577400,"Almonds, Shelled Basis",MY,Malaysia,2015,2016,10,86,Total Supply,21,(MT),3200.0
577400,"Almonds, Shelled Basis",MY,Malaysia,2016,2017,10,20,Beginning Stocks,21,(MT),0.0
577400,"Almonds, Shelled Basis",MY,Malaysia,2016,2017,10,125,Domestic Consumption,21,(MT),2900.0
577400,"Almonds, Shelled Basis",MY,Malaysia,2016,2017,10,176,Ending Stocks,21,(MT),0.0
577400,"Almonds, Shelled Basis",MY,Malaysia,2016,2017,10,88,Exports,21,(MT),0.0
577400,"Almonds, Shelled Basis",MY,Malaysia,2016,2017,10,57,Imports,21,(MT),2900.0
577400,"Almonds, Shelled Basis",MY,Malaysia,2016,2017,10,28,Production,21,(MT),0.0
577400,"Almonds, Shelled Basis",MY,Malaysia,2016,2017,10,178,Total Distribution,21,(MT),2900.0
577400,"Almonds, Shelled Basis",MY,Malaysia,2016,2017,10,86,Total Supply,21,(MT),2900.0
577400,"Almonds, Shelled Basis",MY,Malaysia,2017,2019,10,20,Beginning Stocks,21,(MT),0.0
577400,"Almonds, Shelled Basis",MY,Malaysia,2017,2019,10,125,Domestic Consumption,21,(MT),3600.0
577400,"Almonds, Shelled Basis",MY,Malaysia,2017,2019,10,176,Ending Stocks,21,(MT),0.0
577400,"Almonds, Shelled Basis",MY,Malaysia,2017,2019,10,88,Exports,21,(MT),0.0
577400,"Almonds, Shelled Basis",MY,Malaysia,2017,2019,10,57,Imports,21,(MT),3600.0
577400,"Almonds, Shelled Basis",MY,Malaysia,2017,2019,10,28,Production,21,(MT),0.0
577400,"Almonds, Shelled Basis",MY,Malaysia,2017,2019,10,178,Total Distribution,21,(MT),3600.0
577400,"Almonds, Shelled Basis",MY,Malaysia,2017,2019,10,86,Total Supply,21,(MT),3600.0
577400,"Almonds, Shelled Basis",MY,Malaysia,2018,2020,10,20,Beginning Stocks,21,(MT),0.0
577400,"Almonds, Shelled Basis",MY,Malaysia,2018,2020,10,125,Domestic Consumption,21,(MT),5000.0
577400,"Almonds, Shelled Basis",MY,Malaysia,2018,2020,10,176,Ending Stocks,21,(MT),0.0
577400,"Almonds, Shelled Basis",MY,Malaysia,2018,2020,10,88,Exports,21,(MT),0.0
577400,"Almonds, Shelled Basis",MY,Malaysia,2018,2020,10,57,Imports,21,(MT),5000.0
577400,"Almonds, Shelled Basis",MY,Malaysia,2018,2020,10,28,Production,21,(MT),0.0
577400,"Almonds, Shelled Basis",MY,Malaysia,2018,2020,10,178,Total Distribution,21,(MT),5000.0
577400,"Almonds, Shelled Basis",MY,Malaysia,2018,2020,10,86,Total Supply,21,(MT),5000.0
577400,"Almonds, Shelled Basis",MY,Malaysia,2019,2020,10,20,Beginning Stocks,21,(MT),0.0
577400,"Almonds, Shelled Basis",MY,Malaysia,2019,2020,10,125,Domestic Consumption,21,(MT),4600.0
577400,"Almonds, Shelled Basis",MY,Malaysia,2019,2020,10,176,Ending Stocks,21,(MT),0.0
577400,"Almonds, Shelled Basis",MY,Malaysia,2019,2020,10,88,Exports,21,(MT),0.0
577400,"Almonds, Shelled Basis",MY,Malaysia,2019,2020,10,57,Imports,21,(MT),4600.0
577400,"Almonds, Shelled Basis",MY,Malaysia,2019,2020,10,28,Production,21,(MT),0.0
577400,"Almonds, Shelled Basis",MY,Malaysia,2019,2020,10,178,Total Distribution,21,(MT),4600.0
577400,"Almonds, Shelled Basis",MY,Malaysia,2019,2020,10,86,Total Supply,21,(MT),4600.0
577400,"Almonds, Shelled Basis",MY,Malaysia,2020,2020,10,20,Beginning Stocks,21,(MT),0.0
577400,"Almonds, Shelled Basis",MY,Malaysia,2020,2020,10,125,Domestic Consumption,21,(MT),5000.0
577400,"Almonds, Shelled Basis",MY,Malaysia,2020,2020,10,176,Ending Stocks,21,(MT),0.0
577400,"Almonds, Shelled Basis",MY,Malaysia,2020,2020,10,88,Exports,21,(MT),0.0
577400,"Almonds, Shelled Basis",MY,Malaysia,2020,2020,10,57,Imports,21,(MT),5000.0
577400,"Almonds, Shelled Basis",MY,Malaysia,2020,2020,10,28,Production,21,(MT),0.0
577400,"Almonds, Shelled Basis",MY,Malaysia,2020,2020,10,178,Total Distribution,21,(MT),5000.0
577400,"Almonds, Shelled Basis",MY,Malaysia,2020,2020,10,86,Total Supply,21,(MT),5000.0
577400,"Almonds, Shelled Basis",MX,Mexico,2001,2010,10,20,Beginning Stocks,21,(MT),0.0
577400,"Almonds, Shelled Basis",MX,Mexico,2001,2010,10,125,Domestic Consumption,21,(MT),4100.0
577400,"Almonds, Shelled Basis",MX,Mexico,2001,2010,10,176,Ending Stocks,21,(MT),0.0
577400,"Almonds, Shelled Basis",MX,Mexico,2001,2010,10,88,Exports,21,(MT),0.0
577400,"Almonds, Shelled Basis",MX,Mexico,2001,2010,10,57,Imports,21,(MT),4100.0
577400,"Almonds, Shelled Basis",MX,Mexico,2001,2010,10,28,Production,21,(MT),0.0
577400,"Almonds, Shelled Basis",MX,Mexico,2001,2010,10,178,Total Distribution,21,(MT),4100.0
577400,"Almonds, Shelled Basis",MX,Mexico,2001,2010,10,86,Total Supply,21,(MT),4100.0
577400,"Almonds, Shelled Basis",MX,Mexico,2002,2014,10,20,Beginning Stocks,21,(MT),0.0
577400,"Almonds, Shelled Basis",MX,Mexico,2002,2014,10,125,Domestic Consumption,21,(MT),4500.0
577400,"Almonds, Shelled Basis",MX,Mexico,2002,2014,10,176,Ending Stocks,21,(MT),0.0
577400,"Almonds, Shelled Basis",MX,Mexico,2002,2014,10,88,Exports,21,(MT),0.0
577400,"Almonds, Shelled Basis",MX,Mexico,2002,2014,10,57,Imports,21,(MT),4500.0
577400,"Almonds, Shelled Basis",MX,Mexico,2002,2014,10,28,Production,21,(MT),0.0
577400,"Almonds, Shelled Basis",MX,Mexico,2002,2014,10,178,Total Distribution,21,(MT),4500.0
577400,"Almonds, Shelled Basis",MX,Mexico,2002,2014,10,86,Total Supply,21,(MT),4500.0
577400,"Almonds, Shelled Basis",MX,Mexico,2003,2014,10,20,Beginning Stocks,21,(MT),0.0
577400,"Almonds, Shelled Basis",MX,Mexico,2003,2014,10,125,Domestic Consumption,21,(MT),6400.0
577400,"Almonds, Shelled Basis",MX,Mexico,2003,2014,10,176,Ending Stocks,21,(MT),0.0
577400,"Almonds, Shelled Basis",MX,Mexico,2003,2014,10,88,Exports,21,(MT),0.0
577400,"Almonds, Shelled Basis",MX,Mexico,2003,2014,10,57,Imports,21,(MT),6400.0
577400,"Almonds, Shelled Basis",MX,Mexico,2003,2014,10,28,Production,21,(MT),0.0
577400,"Almonds, Shelled Basis",MX,Mexico,2003,2014,10,178,Total Distribution,21,(MT),6400.0
577400,"Almonds, Shelled Basis",MX,Mexico,2003,2014,10,86,Total Supply,21,(MT),6400.0
577400,"Almonds, Shelled Basis",MX,Mexico,2004,2014,10,20,Beginning Stocks,21,(MT),0.0
577400,"Almonds, Shelled Basis",MX,Mexico,2004,2014,10,125,Domestic Consumption,21,(MT),6200.0
577400,"Almonds, Shelled Basis",MX,Mexico,2004,2014,10,176,Ending Stocks,21,(MT),0.0
577400,"Almonds, Shelled Basis",MX,Mexico,2004,2014,10,88,Exports,21,(MT),0.0
577400,"Almonds, Shelled Basis",MX,Mexico,2004,2014,10,57,Imports,21,(MT),6200.0
577400,"Almonds, Shelled Basis",MX,Mexico,2004,2014,10,28,Production,21,(MT),0.0
577400,"Almonds, Shelled Basis",MX,Mexico,2004,2014,10,178,Total Distribution,21,(MT),6200.0
577400,"Almonds, Shelled Basis",MX,Mexico,2004,2014,10,86,Total Supply,21,(MT),6200.0
577400,"Almonds, Shelled Basis",MX,Mexico,2005,2014,10,20,Beginning Stocks,21,(MT),0.0
577400,"Almonds, Shelled Basis",MX,Mexico,2005,2014,10,125,Domestic Consumption,21,(MT),5200.0
577400,"Almonds, Shelled Basis",MX,Mexico,2005,2014,10,176,Ending Stocks,21,(MT),0.0
577400,"Almonds, Shelled Basis",MX,Mexico,2005,2014,10,88,Exports,21,(MT),0.0
577400,"Almonds, Shelled Basis",MX,Mexico,2005,2014,10,57,Imports,21,(MT),5200.0
577400,"Almonds, Shelled Basis",MX,Mexico,2005,2014,10,28,Production,21,(MT),0.0
577400,"Almonds, Shelled Basis",MX,Mexico,2005,2014,10,178,Total Distribution,21,(MT),5200.0
577400,"Almonds, Shelled Basis",MX,Mexico,2005,2014,10,86,Total Supply,21,(MT),5200.0
577400,"Almonds, Shelled Basis",MX,Mexico,2006,2014,10,20,Beginning Stocks,21,(MT),0.0
577400,"Almonds, Shelled Basis",MX,Mexico,2006,2014,10,125,Domestic Consumption,21,(MT),6100.0
577400,"Almonds, Shelled Basis",MX,Mexico,2006,2014,10,176,Ending Stocks,21,(MT),0.0
577400,"Almonds, Shelled Basis",MX,Mexico,2006,2014,10,88,Exports,21,(MT),0.0
577400,"Almonds, Shelled Basis",MX,Mexico,2006,2014,10,57,Imports,21,(MT),6100.0
577400,"Almonds, Shelled Basis",MX,Mexico,2006,2014,10,28,Production,21,(MT),0.0
577400,"Almonds, Shelled Basis",MX,Mexico,2006,2014,10,178,Total Distribution,21,(MT),6100.0
577400,"Almonds, Shelled Basis",MX,Mexico,2006,2014,10,86,Total Supply,21,(MT),6100.0
577400,"Almonds, Shelled Basis",MX,Mexico,2007,2014,10,20,Beginning Stocks,21,(MT),0.0
577400,"Almonds, Shelled Basis",MX,Mexico,2007,2014,10,125,Domestic Consumption,21,(MT),5100.0
577400,"Almonds, Shelled Basis",MX,Mexico,2007,2014,10,176,Ending Stocks,21,(MT),0.0
577400,"Almonds, Shelled Basis",MX,Mexico,2007,2014,10,88,Exports,21,(MT),0.0
577400,"Almonds, Shelled Basis",MX,Mexico,2007,2014,10,57,Imports,21,(MT),5100.0
577400,"Almonds, Shelled Basis",MX,Mexico,2007,2014,10,28,Production,21,(MT),0.0
577400,"Almonds, Shelled Basis",MX,Mexico,2007,2014,10,178,Total Distribution,21,(MT),5100.0
577400,"Almonds, Shelled Basis",MX,Mexico,2007,2014,10,86,Total Supply,21,(MT),5100.0
577400,"Almonds, Shelled Basis",MX,Mexico,2008,2014,10,20,Beginning Stocks,21,(MT),0.0
577400,"Almonds, Shelled Basis",MX,Mexico,2008,2014,10,125,Domestic Consumption,21,(MT),6200.0
577400,"Almonds, Shelled Basis",MX,Mexico,2008,2014,10,176,Ending Stocks,21,(MT),0.0
577400,"Almonds, Shelled Basis",MX,Mexico,2008,2014,10,88,Exports,21,(MT),0.0
577400,"Almonds, Shelled Basis",MX,Mexico,2008,2014,10,57,Imports,21,(MT),6200.0
577400,"Almonds, Shelled Basis",MX,Mexico,2008,2014,10,28,Production,21,(MT),0.0
577400,"Almonds, Shelled Basis",MX,Mexico,2008,2014,10,178,Total Distribution,21,(MT),6200.0
577400,"Almonds, Shelled Basis",MX,Mexico,2008,2014,10,86,Total Supply,21,(MT),6200.0
577400,"Almonds, Shelled Basis",MX,Mexico,2009,2014,10,20,Beginning Stocks,21,(MT),0.0
577400,"Almonds, Shelled Basis",MX,Mexico,2009,2014,10,125,Domestic Consumption,21,(MT),8100.0
577400,"Almonds, Shelled Basis",MX,Mexico,2009,2014,10,176,Ending Stocks,21,(MT),0.0
577400,"Almonds, Shelled Basis",MX,Mexico,2009,2014,10,88,Exports,21,(MT),0.0
577400,"Almonds, Shelled Basis",MX,Mexico,2009,2014,10,57,Imports,21,(MT),8100.0
577400,"Almonds, Shelled Basis",MX,Mexico,2009,2014,10,28,Production,21,(MT),0.0
577400,"Almonds, Shelled Basis",MX,Mexico,2009,2014,10,178,Total Distribution,21,(MT),8100.0
577400,"Almonds, Shelled Basis",MX,Mexico,2009,2014,10,86,Total Supply,21,(MT),8100.0
577400,"Almonds, Shelled Basis",MX,Mexico,2010,2014,10,20,Beginning Stocks,21,(MT),0.0
577400,"Almonds, Shelled Basis",MX,Mexico,2010,2014,10,125,Domestic Consumption,21,(MT),7900.0
577400,"Almonds, Shelled Basis",MX,Mexico,2010,2014,10,176,Ending Stocks,21,(MT),0.0
577400,"Almonds, Shelled Basis",MX,Mexico,2010,2014,10,88,Exports,21,(MT),0.0
577400,"Almonds, Shelled Basis",MX,Mexico,2010,2014,10,57,Imports,21,(MT),7900.0
577400,"Almonds, Shelled Basis",MX,Mexico,2010,2014,10,28,Production,21,(MT),0.0
577400,"Almonds, Shelled Basis",MX,Mexico,2010,2014,10,178,Total Distribution,21,(MT),7900.0
577400,"Almonds, Shelled Basis",MX,Mexico,2010,2014,10,86,Total Supply,21,(MT),7900.0
577400,"Almonds, Shelled Basis",MX,Mexico,2011,2014,10,20,Beginning Stocks,21,(MT),0.0
577400,"Almonds, Shelled Basis",MX,Mexico,2011,2014,10,125,Domestic Consumption,21,(MT),7500.0
577400,"Almonds, Shelled Basis",MX,Mexico,2011,2014,10,176,Ending Stocks,21,(MT),0.0
577400,"Almonds, Shelled Basis",MX,Mexico,2011,2014,10,88,Exports,21,(MT),0.0
577400,"Almonds, Shelled Basis",MX,Mexico,2011,2014,10,57,Imports,21,(MT),7500.0
577400,"Almonds, Shelled Basis",MX,Mexico,2011,2014,10,28,Production,21,(MT),0.0
577400,"Almonds, Shelled Basis",MX,Mexico,2011,2014,10,178,Total Distribution,21,(MT),7500.0
577400,"Almonds, Shelled Basis",MX,Mexico,2011,2014,10,86,Total Supply,21,(MT),7500.0
577400,"Almonds, Shelled Basis",MX,Mexico,2012,2014,10,20,Beginning Stocks,21,(MT),0.0
577400,"Almonds, Shelled Basis",MX,Mexico,2012,2014,10,125,Domestic Consumption,21,(MT),10000.0
577400,"Almonds, Shelled Basis",MX,Mexico,2012,2014,10,176,Ending Stocks,21,(MT),0.0
577400,"Almonds, Shelled Basis",MX,Mexico,2012,2014,10,88,Exports,21,(MT),0.0
577400,"Almonds, Shelled Basis",MX,Mexico,2012,2014,10,57,Imports,21,(MT),10000.0
577400,"Almonds, Shelled Basis",MX,Mexico,2012,2014,10,28,Production,21,(MT),0.0
577400,"Almonds, Shelled Basis",MX,Mexico,2012,2014,10,178,Total Distribution,21,(MT),10000.0
577400,"Almonds, Shelled Basis",MX,Mexico,2012,2014,10,86,Total Supply,21,(MT),10000.0
577400,"Almonds, Shelled Basis",MX,Mexico,2013,2015,10,20,Beginning Stocks,21,(MT),0.0
577400,"Almonds, Shelled Basis",MX,Mexico,2013,2015,10,125,Domestic Consumption,21,(MT),9400.0
577400,"Almonds, Shelled Basis",MX,Mexico,2013,2015,10,176,Ending Stocks,21,(MT),0.0
577400,"Almonds, Shelled Basis",MX,Mexico,2013,2015,10,88,Exports,21,(MT),0.0
577400,"Almonds, Shelled Basis",MX,Mexico,2013,2015,10,57,Imports,21,(MT),9400.0
577400,"Almonds, Shelled Basis",MX,Mexico,2013,2015,10,28,Production,21,(MT),0.0
577400,"Almonds, Shelled Basis",MX,Mexico,2013,2015,10,178,Total Distribution,21,(MT),9400.0
577400,"Almonds, Shelled Basis",MX,Mexico,2013,2015,10,86,Total Supply,21,(MT),9400.0
577400,"Almonds, Shelled Basis",MX,Mexico,2014,2015,10,20,Beginning Stocks,21,(MT),0.0
577400,"Almonds, Shelled Basis",MX,Mexico,2014,2015,10,125,Domestic Consumption,21,(MT),11700.0
577400,"Almonds, Shelled Basis",MX,Mexico,2014,2015,10,176,Ending Stocks,21,(MT),0.0
577400,"Almonds, Shelled Basis",MX,Mexico,2014,2015,10,88,Exports,21,(MT),0.0
577400,"Almonds, Shelled Basis",MX,Mexico,2014,2015,10,57,Imports,21,(MT),11700.0
577400,"Almonds, Shelled Basis",MX,Mexico,2014,2015,10,28,Production,21,(MT),0.0
577400,"Almonds, Shelled Basis",MX,Mexico,2014,2015,10,178,Total Distribution,21,(MT),11700.0
577400,"Almonds, Shelled Basis",MX,Mexico,2014,2015,10,86,Total Supply,21,(MT),11700.0
577400,"Almonds, Shelled Basis",MX,Mexico,2015,2016,10,20,Beginning Stocks,21,(MT),0.0
577400,"Almonds, Shelled Basis",MX,Mexico,2015,2016,10,125,Domestic Consumption,21,(MT),10400.0
577400,"Almonds, Shelled Basis",MX,Mexico,2015,2016,10,176,Ending Stocks,21,(MT),0.0
577400,"Almonds, Shelled Basis",MX,Mexico,2015,2016,10,88,Exports,21,(MT),0.0
577400,"Almonds, Shelled Basis",MX,Mexico,2015,2016,10,57,Imports,21,(MT),10400.0
577400,"Almonds, Shelled Basis",MX,Mexico,2015,2016,10,28,Production,21,(MT),0.0
577400,"Almonds, Shelled Basis",MX,Mexico,2015,2016,10,178,Total Distribution,21,(MT),10400.0
577400,"Almonds, Shelled Basis",MX,Mexico,2015,2016,10,86,Total Supply,21,(MT),10400.0
577400,"Almonds, Shelled Basis",MX,Mexico,2016,2017,10,20,Beginning Stocks,21,(MT),0.0
577400,"Almonds, Shelled Basis",MX,Mexico,2016,2017,10,125,Domestic Consumption,21,(MT),9800.0
577400,"Almonds, Shelled Basis",MX,Mexico,2016,2017,10,176,Ending Stocks,21,(MT),0.0
577400,"Almonds, Shelled Basis",MX,Mexico,2016,2017,10,88,Exports,21,(MT),0.0
577400,"Almonds, Shelled Basis",MX,Mexico,2016,2017,10,57,Imports,21,(MT),9800.0
577400,"Almonds, Shelled Basis",MX,Mexico,2016,2017,10,28,Production,21,(MT),0.0
577400,"Almonds, Shelled Basis",MX,Mexico,2016,2017,10,178,Total Distribution,21,(MT),9800.0
577400,"Almonds, Shelled Basis",MX,Mexico,2016,2017,10,86,Total Supply,21,(MT),9800.0
577400,"Almonds, Shelled Basis",MX,Mexico,2017,2019,10,20,Beginning Stocks,21,(MT),0.0
577400,"Almonds, Shelled Basis",MX,Mexico,2017,2019,10,125,Domestic Consumption,21,(MT),11500.0
577400,"Almonds, Shelled Basis",MX,Mexico,2017,2019,10,176,Ending Stocks,21,(MT),0.0
577400,"Almonds, Shelled Basis",MX,Mexico,2017,2019,10,88,Exports,21,(MT),0.0
577400,"Almonds, Shelled Basis",MX,Mexico,2017,2019,10,57,Imports,21,(MT),11500.0
577400,"Almonds, Shelled Basis",MX,Mexico,2017,2019,10,28,Production,21,(MT),0.0
577400,"Almonds, Shelled Basis",MX,Mexico,2017,2019,10,178,Total Distribution,21,(MT),11500.0
577400,"Almonds, Shelled Basis",MX,Mexico,2017,2019,10,86,Total Supply,21,(MT),11500.0
577400,"Almonds, Shelled Basis",MX,Mexico,2018,2020,10,20,Beginning Stocks,21,(MT),0.0
577400,"Almonds, Shelled Basis",MX,Mexico,2018,2020,10,125,Domestic Consumption,21,(MT),11400.0
577400,"Almonds, Shelled Basis",MX,Mexico,2018,2020,10,176,Ending Stocks,21,(MT),0.0
577400,"Almonds, Shelled Basis",MX,Mexico,2018,2020,10,88,Exports,21,(MT),0.0
577400,"Almonds, Shelled Basis",MX,Mexico,2018,2020,10,57,Imports,21,(MT),11400.0
577400,"Almonds, Shelled Basis",MX,Mexico,2018,2020,10,28,Production,21,(MT),0.0
577400,"Almonds, Shelled Basis",MX,Mexico,2018,2020,10,178,Total Distribution,21,(MT),11400.0
577400,"Almonds, Shelled Basis",MX,Mexico,2018,2020,10,86,Total Supply,21,(MT),11400.0
577400,"Almonds, Shelled Basis",MX,Mexico,2019,2020,10,20,Beginning Stocks,21,(MT),0.0
577400,"Almonds, Shelled Basis",MX,Mexico,2019,2020,10,125,Domestic Consumption,21,(MT),12000.0
577400,"Almonds, Shelled Basis",MX,Mexico,2019,2020,10,176,Ending Stocks,21,(MT),0.0
577400,"Almonds, Shelled Basis",MX,Mexico,2019,2020,10,88,Exports,21,(MT),0.0
577400,"Almonds, Shelled Basis",MX,Mexico,2019,2020,10,57,Imports,21,(MT),12000.0
577400,"Almonds, Shelled Basis",MX,Mexico,2019,2020,10,28,Production,21,(MT),0.0
577400,"Almonds, Shelled Basis",MX,Mexico,2019,2020,10,178,Total Distribution,21,(MT),12000.0
577400,"Almonds, Shelled Basis",MX,Mexico,2019,2020,10,86,Total Supply,21,(MT),12000.0
577400,"Almonds, Shelled Basis",MX,Mexico,2020,2020,10,20,Beginning Stocks,21,(MT),0.0
577400,"Almonds, Shelled Basis",MX,Mexico,2020,2020,10,125,Domestic Consumption,21,(MT),13000.0
577400,"Almonds, Shelled Basis",MX,Mexico,2020,2020,10,176,Ending Stocks,21,(MT),0.0
577400,"Almonds, Shelled Basis",MX,Mexico,2020,2020,10,88,Exports,21,(MT),0.0
577400,"Almonds, Shelled Basis",MX,Mexico,2020,2020,10,57,Imports,21,(MT),13000.0
577400,"Almonds, Shelled Basis",MX,Mexico,2020,2020,10,28,Production,21,(MT),0.0
577400,"Almonds, Shelled Basis",MX,Mexico,2020,2020,10,178,Total Distribution,21,(MT),13000.0
577400,"Almonds, Shelled Basis",MX,Mexico,2020,2020,10,86,Total Supply,21,(MT),13000.0
577400,"Almonds, Shelled Basis",MO,Morocco,1960,1961,0,20,Beginning Stocks,21,(MT),0.0
577400,"Almonds, Shelled Basis",MO,Morocco,1960,1961,0,125,Domestic Consumption,21,(MT),0.0
577400,"Almonds, Shelled Basis",MO,Morocco,1960,1961,0,176,Ending Stocks,21,(MT),0.0
577400,"Almonds, Shelled Basis",MO,Morocco,1960,1961,0,88,Exports,21,(MT),0.0
577400,"Almonds, Shelled Basis",MO,Morocco,1960,1961,0,57,Imports,21,(MT),0.0
577400,"Almonds, Shelled Basis",MO,Morocco,1960,1961,0,28,Production,21,(MT),2.0
577400,"Almonds, Shelled Basis",MO,Morocco,1960,1961,0,178,Total Distribution,21,(MT),0.0
577400,"Almonds, Shelled Basis",MO,Morocco,1960,1961,0,86,Total Supply,21,(MT),2.0
577400,"Almonds, Shelled Basis",MO,Morocco,1961,1962,0,20,Beginning Stocks,21,(MT),0.0
577400,"Almonds, Shelled Basis",MO,Morocco,1961,1962,0,125,Domestic Consumption,21,(MT),0.0
577400,"Almonds, Shelled Basis",MO,Morocco,1961,1962,0,176,Ending Stocks,21,(MT),0.0
577400,"Almonds, Shelled Basis",MO,Morocco,1961,1962,0,88,Exports,21,(MT),0.0
577400,"Almonds, Shelled Basis",MO,Morocco,1961,1962,0,57,Imports,21,(MT),0.0
577400,"Almonds, Shelled Basis",MO,Morocco,1961,1962,0,28,Production,21,(MT),4.0
577400,"Almonds, Shelled Basis",MO,Morocco,1961,1962,0,178,Total Distribution,21,(MT),0.0
577400,"Almonds, Shelled Basis",MO,Morocco,1961,1962,0,86,Total Supply,21,(MT),4.0
577400,"Almonds, Shelled Basis",MO,Morocco,1962,1963,0,20,Beginning Stocks,21,(MT),0.0
577400,"Almonds, Shelled Basis",MO,Morocco,1962,1963,0,125,Domestic Consumption,21,(MT),0.0
577400,"Almonds, Shelled Basis",MO,Morocco,1962,1963,0,176,Ending Stocks,21,(MT),0.0
577400,"Almonds, Shelled Basis",MO,Morocco,1962,1963,0,88,Exports,21,(MT),0.0
577400,"Almonds, Shelled Basis",MO,Morocco,1962,1963,0,57,Imports,21,(MT),0.0
577400,"Almonds, Shelled Basis",MO,Morocco,1962,1963,0,28,Production,21,(MT),2.0
577400,"Almonds, Shelled Basis",MO,Morocco,1962,1963,0,178,Total Distribution,21,(MT),0.0
577400,"Almonds, Shelled Basis",MO,Morocco,1962,1963,0,86,Total Supply,21,(MT),2.0
577400,"Almonds, Shelled Basis",MO,Morocco,1964,1965,0,20,Beginning Stocks,21,(MT),0.0
577400,"Almonds, Shelled Basis",MO,Morocco,1964,1965,0,125,Domestic Consumption,21,(MT),0.0
577400,"Almonds, Shelled Basis",MO,Morocco,1964,1965,0,176,Ending Stocks,21,(MT),200.0
577400,"Almonds, Shelled Basis",MO,Morocco,1964,1965,0,88,Exports,21,(MT),0.0
577400,"Almonds, Shelled Basis",MO,Morocco,1964,1965,0,57,Imports,21,(MT),0.0
577400,"Almonds, Shelled Basis",MO,Morocco,1964,1965,0,28,Production,21,(MT),200.0
577400,"Almonds, Shelled Basis",MO,Morocco,1964,1965,0,178,Total Distribution,21,(MT),200.0
577400,"Almonds, Shelled Basis",MO,Morocco,1964,1965,0,86,Total Supply,21,(MT),200.0
577400,"Almonds, Shelled Basis",MO,Morocco,1965,1966,0,20,Beginning Stocks,21,(MT),200.0
577400,"Almonds, Shelled Basis",MO,Morocco,1965,1966,0,125,Domestic Consumption,21,(MT),1700.0
577400,"Almonds, Shelled Basis",MO,Morocco,1965,1966,0,176,Ending Stocks,21,(MT),0.0
577400,"Almonds, Shelled Basis",MO,Morocco,1965,1966,0,88,Exports,21,(MT),4500.0
577400,"Almonds, Shelled Basis",MO,Morocco,1965,1966,0,57,Imports,21,(MT),0.0
577400,"Almonds, Shelled Basis",MO,Morocco,1965,1966,0,28,Production,21,(MT),6000.0
577400,"Almonds, Shelled Basis",MO,Morocco,1965,1966,0,178,Total Distribution,21,(MT),6200.0
577400,"Almonds, Shelled Basis",MO,Morocco,1965,1966,0,86,Total Supply,21,(MT),6200.0
577400,"Almonds, Shelled Basis",MO,Morocco,1966,1967,0,20,Beginning Stocks,21,(MT),0.0
577400,"Almonds, Shelled Basis",MO,Morocco,1966,1967,0,125,Domestic Consumption,21,(MT),1200.0
577400,"Almonds, Shelled Basis",MO,Morocco,1966,1967,0,176,Ending Stocks,21,(MT),0.0
577400,"Almonds, Shelled Basis",MO,Morocco,1966,1967,0,88,Exports,21,(MT),2800.0
577400,"Almonds, Shelled Basis",MO,Morocco,1966,1967,0,57,Imports,21,(MT),0.0
577400,"Almonds, Shelled Basis",MO,Morocco,1966,1967,0,28,Production,21,(MT),4000.0
577400,"Almonds, Shelled Basis",MO,Morocco,1966,1967,0,178,Total Distribution,21,(MT),4000.0
577400,"Almonds, Shelled Basis",MO,Morocco,1966,1967,0,86,Total Supply,21,(MT),4000.0
577400,"Almonds, Shelled Basis",MO,Morocco,1967,1968,0,20,Beginning Stocks,21,(MT),0.0
577400,"Almonds, Shelled Basis",MO,Morocco,1967,1968,0,125,Domestic Consumption,21,(MT),1190.0
577400,"Almonds, Shelled Basis",MO,Morocco,1967,1968,0,176,Ending Stocks,21,(MT),200.0
577400,"Almonds, Shelled Basis",MO,Morocco,1967,1968,0,88,Exports,21,(MT),3600.0
577400,"Almonds, Shelled Basis",MO,Morocco,1967,1968,0,57,Imports,21,(MT),0.0
577400,"Almonds, Shelled Basis",MO,Morocco,1967,1968,0,28,Production,21,(MT),4990.0
577400,"Almonds, Shelled Basis",MO,Morocco,1967,1968,0,178,Total Distribution,21,(MT),4990.0
577400,"Almonds, Shelled Basis",MO,Morocco,1967,1968,0,86,Total Supply,21,(MT),4990.0
577400,"Almonds, Shelled Basis",MO,Morocco,1968,1969,0,20,Beginning Stocks,21,(MT),200.0
577400,"Almonds, Shelled Basis",MO,Morocco,1968,1969,0,125,Domestic Consumption,21,(MT),1075.0
577400,"Almonds, Shelled Basis",MO,Morocco,1968,1969,0,176,Ending Stocks,21,(MT),0.0
577400,"Almonds, Shelled Basis",MO,Morocco,1968,1969,0,88,Exports,21,(MT),2300.0
577400,"Almonds, Shelled Basis",MO,Morocco,1968,1969,0,57,Imports,21,(MT),0.0
577400,"Almonds, Shelled Basis",MO,Morocco,1968,1969,0,28,Production,21,(MT),3175.0
577400,"Almonds, Shelled Basis",MO,Morocco,1968,1969,0,178,Total Distribution,21,(MT),3375.0
577400,"Almonds, Shelled Basis",MO,Morocco,1968,1969,0,86,Total Supply,21,(MT),3375.0
577400,"Almonds, Shelled Basis",MO,Morocco,1969,1970,0,20,Beginning Stocks,21,(MT),0.0
577400,"Almonds, Shelled Basis",MO,Morocco,1969,1970,0,125,Domestic Consumption,21,(MT),1000.0
577400,"Almonds, Shelled Basis",MO,Morocco,1969,1970,0,176,Ending Stocks,21,(MT),0.0
577400,"Almonds, Shelled Basis",MO,Morocco,1969,1970,0,88,Exports,21,(MT),2000.0
577400,"Almonds, Shelled Basis",MO,Morocco,1969,1970,0,57,Imports,21,(MT),0.0
577400,"Almonds, Shelled Basis",MO,Morocco,1969,1970,0,28,Production,21,(MT),3000.0
577400,"Almonds, Shelled Basis",MO,Morocco,1969,1970,0,178,Total Distribution,21,(MT),3000.0
577400,"Almonds, Shelled Basis",MO,Morocco,1969,1970,0,86,Total Supply,21,(MT),3000.0
577400,"Almonds, Shelled Basis",MO,Morocco,1970,1971,0,20,Beginning Stocks,21,(MT),0.0
577400,"Almonds, Shelled Basis",MO,Morocco,1970,1971,0,125,Domestic Consumption,21,(MT),1000.0
577400,"Almonds, Shelled Basis",MO,Morocco,1970,1971,0,176,Ending Stocks,21,(MT),0.0
577400,"Almonds, Shelled Basis",MO,Morocco,1970,1971,0,88,Exports,21,(MT),2000.0
577400,"Almonds, Shelled Basis",MO,Morocco,1970,1971,0,57,Imports,21,(MT),0.0
577400,"Almonds, Shelled Basis",MO,Morocco,1970,1971,0,28,Production,21,(MT),3000.0
577400,"Almonds, Shelled Basis",MO,Morocco,1970,1971,0,178,Total Distribution,21,(MT),3000.0
577400,"Almonds, Shelled Basis",MO,Morocco,1970,1971,0,86,Total Supply,21,(MT),3000.0
577400,"Almonds, Shelled Basis",MO,Morocco,1971,1972,0,20,Beginning Stocks,21,(MT),0.0
577400,"Almonds, Shelled Basis",MO,Morocco,1971,1972,0,125,Domestic Consumption,21,(MT),1000.0
577400,"Almonds, Shelled Basis",MO,Morocco,1971,1972,0,176,Ending Stocks,21,(MT),0.0
577400,"Almonds, Shelled Basis",MO,Morocco,1971,1972,0,88,Exports,21,(MT),1500.0
577400,"Almonds, Shelled Basis",MO,Morocco,1971,1972,0,57,Imports,21,(MT),0.0
577400,"Almonds, Shelled Basis",MO,Morocco,1971,1972,0,28,Production,21,(MT),2500.0
577400,"Almonds, Shelled Basis",MO,Morocco,1971,1972,0,178,Total Distribution,21,(MT),2500.0
577400,"Almonds, Shelled Basis",MO,Morocco,1971,1972,0,86,Total Supply,21,(MT),2500.0
577400,"Almonds, Shelled Basis",MO,Morocco,1972,1973,0,20,Beginning Stocks,21,(MT),0.0
577400,"Almonds, Shelled Basis",MO,Morocco,1972,1973,0,125,Domestic Consumption,21,(MT),1200.0
577400,"Almonds, Shelled Basis",MO,Morocco,1972,1973,0,176,Ending Stocks,21,(MT),0.0
577400,"Almonds, Shelled Basis",MO,Morocco,1972,1973,0,88,Exports,21,(MT),3600.0
577400,"Almonds, Shelled Basis",MO,Morocco,1972,1973,0,57,Imports,21,(MT),0.0
577400,"Almonds, Shelled Basis",MO,Morocco,1972,1973,0,28,Production,21,(MT),4800.0
577400,"Almonds, Shelled Basis",MO,Morocco,1972,1973,0,178,Total Distribution,21,(MT),4800.0
577400,"Almonds, Shelled Basis",MO,Morocco,1972,1973,0,86,Total Supply,21,(MT),4800.0
577400,"Almonds, Shelled Basis",MO,Morocco,1973,1974,0,20,Beginning Stocks,21,(MT),0.0
577400,"Almonds, Shelled Basis",MO,Morocco,1973,1974,0,125,Domestic Consumption,21,(MT),1200.0
577400,"Almonds, Shelled Basis",MO,Morocco,1973,1974,0,176,Ending Stocks,21,(MT),0.0
577400,"Almonds, Shelled Basis",MO,Morocco,1973,1974,0,88,Exports,21,(MT),3800.0
577400,"Almonds, Shelled Basis",MO,Morocco,1973,1974,0,57,Imports,21,(MT),0.0
577400,"Almonds, Shelled Basis",MO,Morocco,1973,1974,0,28,Production,21,(MT),5000.0
577400,"Almonds, Shelled Basis",MO,Morocco,1973,1974,0,178,Total Distribution,21,(MT),5000.0
577400,"Almonds, Shelled Basis",MO,Morocco,1973,1974,0,86,Total Supply,21,(MT),5000.0
577400,"Almonds, Shelled Basis",MO,Morocco,1974,1975,0,20,Beginning Stocks,21,(MT),0.0
577400,"Almonds, Shelled Basis",MO,Morocco,1974,1975,0,125,Domestic Consumption,21,(MT),1300.0
577400,"Almonds, Shelled Basis",MO,Morocco,1974,1975,0,176,Ending Stocks,21,(MT),100.0
577400,"Almonds, Shelled Basis",MO,Morocco,1974,1975,0,88,Exports,21,(MT),100.0
577400,"Almonds, Shelled Basis",MO,Morocco,1974,1975,0,57,Imports,21,(MT),0.0
577400,"Almonds, Shelled Basis",MO,Morocco,1974,1975,0,28,Production,21,(MT),1500.0
577400,"Almonds, Shelled Basis",MO,Morocco,1974,1975,0,178,Total Distribution,21,(MT),1500.0
577400,"Almonds, Shelled Basis",MO,Morocco,1974,1975,0,86,Total Supply,21,(MT),1500.0
577400,"Almonds, Shelled Basis",MO,Morocco,1975,1976,0,20,Beginning Stocks,21,(MT),100.0
577400,"Almonds, Shelled Basis",MO,Morocco,1975,1976,0,125,Domestic Consumption,21,(MT),1500.0
577400,"Almonds, Shelled Basis",MO,Morocco,1975,1976,0,176,Ending Stocks,21,(MT),100.0
577400,"Almonds, Shelled Basis",MO,Morocco,1975,1976,0,88,Exports,21,(MT),0.0
577400,"Almonds, Shelled Basis",MO,Morocco,1975,1976,0,57,Imports,21,(MT),0.0
577400,"Almonds, Shelled Basis",MO,Morocco,1975,1976,0,28,Production,21,(MT),1500.0
577400,"Almonds, Shelled Basis",MO,Morocco,1975,1976,0,178,Total Distribution,21,(MT),1600.0
577400,"Almonds, Shelled Basis",MO,Morocco,1975,1976,0,86,Total Supply,21,(MT),1600.0
577400,"Almonds, Shelled Basis",MO,Morocco,1976,1977,0,20,Beginning Stocks,21,(MT),100.0
577400,"Almonds, Shelled Basis",MO,Morocco,1976,1977,0,125,Domestic Consumption,21,(MT),2000.0
577400,"Almonds, Shelled Basis",MO,Morocco,1976,1977,0,176,Ending Stocks,21,(MT),100.0
577400,"Almonds, Shelled Basis",MO,Morocco,1976,1977,0,88,Exports,21,(MT),0.0
577400,"Almonds, Shelled Basis",MO,Morocco,1976,1977,0,57,Imports,21,(MT),0.0
577400,"Almonds, Shelled Basis",MO,Morocco,1976,1977,0,28,Production,21,(MT),2000.0
577400,"Almonds, Shelled Basis",MO,Morocco,1976,1977,0,178,Total Distribution,21,(MT),2100.0
577400,"Almonds, Shelled Basis",MO,Morocco,1976,1977,0,86,Total Supply,21,(MT),2100.0
577400,"Almonds, Shelled Basis",MO,Morocco,1977,1978,0,20,Beginning Stocks,21,(MT),100.0
577400,"Almonds, Shelled Basis",MO,Morocco,1977,1978,0,125,Domestic Consumption,21,(MT),1500.0
577400,"Almonds, Shelled Basis",MO,Morocco,1977,1978,0,176,Ending Stocks,21,(MT),0.0
577400,"Almonds, Shelled Basis",MO,Morocco,1977,1978,0,88,Exports,21,(MT),300.0
577400,"Almonds, Shelled Basis",MO,Morocco,1977,1978,0,57,Imports,21,(MT),0.0
577400,"Almonds, Shelled Basis",MO,Morocco,1977,1978,0,28,Production,21,(MT),1700.0
577400,"Almonds, Shelled Basis",MO,Morocco,1977,1978,0,178,Total Distribution,21,(MT),1800.0
577400,"Almonds, Shelled Basis",MO,Morocco,1977,1978,0,86,Total Supply,21,(MT),1800.0
577400,"Almonds, Shelled Basis",MO,Morocco,1978,1979,0,20,Beginning Stocks,21,(MT),0.0
577400,"Almonds, Shelled Basis",MO,Morocco,1978,1979,0,125,Domestic Consumption,21,(MT),1500.0
577400,"Almonds, Shelled Basis",MO,Morocco,1978,1979,0,176,Ending Stocks,21,(MT),100.0
577400,"Almonds, Shelled Basis",MO,Morocco,1978,1979,0,88,Exports,21,(MT),1900.0
577400,"Almonds, Shelled Basis",MO,Morocco,1978,1979,0,57,Imports,21,(MT),0.0
577400,"Almonds, Shelled Basis",MO,Morocco,1978,1979,0,28,Production,21,(MT),3500.0
577400,"Almonds, Shelled Basis",MO,Morocco,1978,1979,0,178,Total Distribution,21,(MT),3500.0
577400,"Almonds, Shelled Basis",MO,Morocco,1978,1979,0,86,Total Supply,21,(MT),3500.0
577400,"Almonds, Shelled Basis",MO,Morocco,1979,1980,0,20,Beginning Stocks,21,(MT),100.0
577400,"Almonds, Shelled Basis",MO,Morocco,1979,1980,0,125,Domestic Consumption,21,(MT),2200.0
577400,"Almonds, Shelled Basis",MO,Morocco,1979,1980,0,176,Ending Stocks,21,(MT),0.0
577400,"Almonds, Shelled Basis",MO,Morocco,1979,1980,0,88,Exports,21,(MT),400.0
577400,"Almonds, Shelled Basis",MO,Morocco,1979,1980,0,57,Imports,21,(MT),0.0
577400,"Almonds, Shelled Basis",MO,Morocco,1979,1980,0,28,Production,21,(MT),2500.0
577400,"Almonds, Shelled Basis",MO,Morocco,1979,1980,0,178,Total Distribution,21,(MT),2600.0
577400,"Almonds, Shelled Basis",MO,Morocco,1979,1980,0,86,Total Supply,21,(MT),2600.0
577400,"Almonds, Shelled Basis",MO,Morocco,1980,1981,0,20,Beginning Stocks,21,(MT),0.0
577400,"Almonds, Shelled Basis",MO,Morocco,1980,1981,0,125,Domestic Consumption,21,(MT),2300.0
577400,"Almonds, Shelled Basis",MO,Morocco,1980,1981,0,176,Ending Stocks,21,(MT),200.0
577400,"Almonds, Shelled Basis",MO,Morocco,1980,1981,0,88,Exports,21,(MT),0.0
577400,"Almonds, Shelled Basis",MO,Morocco,1980,1981,0,57,Imports,21,(MT),0.0
577400,"Almonds, Shelled Basis",MO,Morocco,1980,1981,0,28,Production,21,(MT),2500.0
577400,"Almonds, Shelled Basis",MO,Morocco,1980,1981,0,178,Total Distribution,21,(MT),2500.0
577400,"Almonds, Shelled Basis",MO,Morocco,1980,1981,0,86,Total Supply,21,(MT),2500.0
577400,"Almonds, Shelled Basis",MO,Morocco,1981,1982,0,20,Beginning Stocks,21,(MT),200.0
577400,"Almonds, Shelled Basis",MO,Morocco,1981,1982,0,125,Domestic Consumption,21,(MT),3500.0
577400,"Almonds, Shelled Basis",MO,Morocco,1981,1982,0,176,Ending Stocks,21,(MT),300.0
577400,"Almonds, Shelled Basis",MO,Morocco,1981,1982,0,88,Exports,21,(MT),1200.0
577400,"Almonds, Shelled Basis",MO,Morocco,1981,1982,0,57,Imports,21,(MT),0.0
577400,"Almonds, Shelled Basis",MO,Morocco,1981,1982,0,28,Production,21,(MT),4800.0
577400,"Almonds, Shelled Basis",MO,Morocco,1981,1982,0,178,Total Distribution,21,(MT),5000.0
577400,"Almonds, Shelled Basis",MO,Morocco,1981,1982,0,86,Total Supply,21,(MT),5000.0
577400,"Almonds, Shelled Basis",MO,Morocco,1982,1983,0,20,Beginning Stocks,21,(MT),300.0
577400,"Almonds, Shelled Basis",MO,Morocco,1982,1983,0,125,Domestic Consumption,21,(MT),2500.0
577400,"Almonds, Shelled Basis",MO,Morocco,1982,1983,0,176,Ending Stocks,21,(MT),200.0
577400,"Almonds, Shelled Basis",MO,Morocco,1982,1983,0,88,Exports,21,(MT),1100.0
577400,"Almonds, Shelled Basis",MO,Morocco,1982,1983,0,57,Imports,21,(MT),0.0
577400,"Almonds, Shelled Basis",MO,Morocco,1982,1983,0,28,Production,21,(MT),3500.0
577400,"Almonds, Shelled Basis",MO,Morocco,1982,1983,0,178,Total Distribution,21,(MT),3800.0
577400,"Almonds, Shelled Basis",MO,Morocco,1982,1983,0,86,Total Supply,21,(MT),3800.0
577400,"Almonds, Shelled Basis",MO,Morocco,1983,1984,0,20,Beginning Stocks,21,(MT),200.0
577400,"Almonds, Shelled Basis",MO,Morocco,1983,1984,0,125,Domestic Consumption,21,(MT),3029.0
577400,"Almonds, Shelled Basis",MO,Morocco,1983,1984,0,176,Ending Stocks,21,(MT),300.0
577400,"Almonds, Shelled Basis",MO,Morocco,1983,1984,0,88,Exports,21,(MT),1471.0
577400,"Almonds, Shelled Basis",MO,Morocco,1983,1984,0,57,Imports,21,(MT),0.0
577400,"Almonds, Shelled Basis",MO,Morocco,1983,1984,0,28,Production,21,(MT),4600.0
577400,"Almonds, Shelled Basis",MO,Morocco,1983,1984,0,178,Total Distribution,21,(MT),4800.0
577400,"Almonds, Shelled Basis",MO,Morocco,1983,1984,0,86,Total Supply,21,(MT),4800.0
577400,"Almonds, Shelled Basis",MO,Morocco,1984,1985,0,20,Beginning Stocks,21,(MT),150.0
577400,"Almonds, Shelled Basis",MO,Morocco,1984,1985,0,125,Domestic Consumption,21,(MT),4546.0
577400,"Almonds, Shelled Basis",MO,Morocco,1984,1985,0,176,Ending Stocks,21,(MT),800.0
577400,"Almonds, Shelled Basis",MO,Morocco,1984,1985,0,88,Exports,21,(MT),934.0
577400,"Almonds, Shelled Basis",MO,Morocco,1984,1985,0,57,Imports,21,(MT),0.0
577400,"Almonds, Shelled Basis",MO,Morocco,1984,1985,0,28,Production,21,(MT),6130.0
577400,"Almonds, Shelled Basis",MO,Morocco,1984,1985,0,178,Total Distribution,21,(MT),6280.0
577400,"Almonds, Shelled Basis",MO,Morocco,1984,1985,0,86,Total Supply,21,(MT),6280.0
577400,"Almonds, Shelled Basis",MO,Morocco,1985,1986,0,20,Beginning Stocks,21,(MT),800.0
577400,"Almonds, Shelled Basis",MO,Morocco,1985,1986,0,125,Domestic Consumption,21,(MT),4537.0
577400,"Almonds, Shelled Basis",MO,Morocco,1985,1986,0,176,Ending Stocks,21,(MT),250.0
577400,"Almonds, Shelled Basis",MO,Morocco,1985,1986,0,88,Exports,21,(MT),1923.0
577400,"Almonds, Shelled Basis",MO,Morocco,1985,1986,0,57,Imports,21,(MT),0.0
577400,"Almonds, Shelled Basis",MO,Morocco,1985,1986,0,28,Production,21,(MT),5910.0
577400,"Almonds, Shelled Basis",MO,Morocco,1985,1986,0,178,Total Distribution,21,(MT),6710.0
577400,"Almonds, Shelled Basis",MO,Morocco,1985,1986,0,86,Total Supply,21,(MT),6710.0
577400,"Almonds, Shelled Basis",MO,Morocco,1986,1987,0,20,Beginning Stocks,21,(MT),250.0
577400,"Almonds, Shelled Basis",MO,Morocco,1986,1987,0,125,Domestic Consumption,21,(MT),4506.0
577400,"Almonds, Shelled Basis",MO,Morocco,1986,1987,0,176,Ending Stocks,21,(MT),600.0
577400,"Almonds, Shelled Basis",MO,Morocco,1986,1987,0,88,Exports,21,(MT),2196.0
577400,"Almonds, Shelled Basis",MO,Morocco,1986,1987,0,57,Imports,21,(MT),0.0
577400,"Almonds, Shelled Basis",MO,Morocco,1986,1987,0,28,Production,21,(MT),7052.0
577400,"Almonds, Shelled Basis",MO,Morocco,1986,1987,0,178,Total Distribution,21,(MT),7302.0
577400,"Almonds, Shelled Basis",MO,Morocco,1986,1987,0,86,Total Supply,21,(MT),7302.0
577400,"Almonds, Shelled Basis",MO,Morocco,1987,1988,0,20,Beginning Stocks,21,(MT),600.0
577400,"Almonds, Shelled Basis",MO,Morocco,1987,1988,0,125,Domestic Consumption,21,(MT),5018.0
577400,"Almonds, Shelled Basis",MO,Morocco,1987,1988,0,176,Ending Stocks,21,(MT),600.0
577400,"Almonds, Shelled Basis",MO,Morocco,1987,1988,0,88,Exports,21,(MT),1262.0
577400,"Almonds, Shelled Basis",MO,Morocco,1987,1988,0,57,Imports,21,(MT),0.0
577400,"Almonds, Shelled Basis",MO,Morocco,1987,1988,0,28,Production,21,(MT),6280.0
577400,"Almonds, Shelled Basis",MO,Morocco,1987,1988,0,178,Total Distribution,21,(MT),6880.0
577400,"Almonds, Shelled Basis",MO,Morocco,1987,1988,0,86,Total Supply,21,(MT),6880.0
577400,"Almonds, Shelled Basis",MO,Morocco,1988,1989,0,20,Beginning Stocks,21,(MT),600.0
577400,"Almonds, Shelled Basis",MO,Morocco,1988,1989,0,125,Domestic Consumption,21,(MT),6284.0
577400,"Almonds, Shelled Basis",MO,Morocco,1988,1989,0,176,Ending Stocks,21,(MT),600.0
577400,"Almonds, Shelled Basis",MO,Morocco,1988,1989,0,88,Exports,21,(MT),1133.0
577400,"Almonds, Shelled Basis",MO,Morocco,1988,1989,0,57,Imports,21,(MT),0.0
577400,"Almonds, Shelled Basis",MO,Morocco,1988,1989,0,28,Production,21,(MT),7417.0
577400,"Almonds, Shelled Basis",MO,Morocco,1988,1989,0,178,Total Distribution,21,(MT),8017.0
577400,"Almonds, Shelled Basis",MO,Morocco,1988,1989,0,86,Total Supply,21,(MT),8017.0
577400,"Almonds, Shelled Basis",MO,Morocco,1989,1990,0,20,Beginning Stocks,21,(MT),600.0
577400,"Almonds, Shelled Basis",MO,Morocco,1989,1990,0,125,Domestic Consumption,21,(MT),9638.0
577400,"Almonds, Shelled Basis",MO,Morocco,1989,1990,0,176,Ending Stocks,21,(MT),900.0
577400,"Almonds, Shelled Basis",MO,Morocco,1989,1990,0,88,Exports,21,(MT),1226.0
577400,"Almonds, Shelled Basis",MO,Morocco,1989,1990,0,57,Imports,21,(MT),54.0
577400,"Almonds, Shelled Basis",MO,Morocco,1989,1990,0,28,Production,21,(MT),11110.0
577400,"Almonds, Shelled Basis",MO,Morocco,1989,1990,0,178,Total Distribution,21,(MT),11764.0
577400,"Almonds, Shelled Basis",MO,Morocco,1989,1990,0,86,Total Supply,21,(MT),11764.0
577400,"Almonds, Shelled Basis",MO,Morocco,1990,1991,0,20,Beginning Stocks,21,(MT),900.0
577400,"Almonds, Shelled Basis",MO,Morocco,1990,1991,0,125,Domestic Consumption,21,(MT),10410.0
577400,"Almonds, Shelled Basis",MO,Morocco,1990,1991,0,176,Ending Stocks,21,(MT),900.0
577400,"Almonds, Shelled Basis",MO,Morocco,1990,1991,0,88,Exports,21,(MT),1264.0
577400,"Almonds, Shelled Basis",MO,Morocco,1990,1991,0,57,Imports,21,(MT),134.0
577400,"Almonds, Shelled Basis",MO,Morocco,1990,1991,0,28,Production,21,(MT),11540.0
577400,"Almonds, Shelled Basis",MO,Morocco,1990,1991,0,178,Total Distribution,21,(MT),12574.0
577400,"Almonds, Shelled Basis",MO,Morocco,1990,1991,0,86,Total Supply,21,(MT),12574.0
577400,"Almonds, Shelled Basis",MO,Morocco,1991,1992,0,20,Beginning Stocks,21,(MT),900.0
577400,"Almonds, Shelled Basis",MO,Morocco,1991,1992,0,125,Domestic Consumption,21,(MT),9515.0
577400,"Almonds, Shelled Basis",MO,Morocco,1991,1992,0,176,Ending Stocks,21,(MT),1300.0
577400,"Almonds, Shelled Basis",MO,Morocco,1991,1992,0,88,Exports,21,(MT),77.0
577400,"Almonds, Shelled Basis",MO,Morocco,1991,1992,0,57,Imports,21,(MT),68.0
577400,"Almonds, Shelled Basis",MO,Morocco,1991,1992,0,28,Production,21,(MT),9924.0
577400,"Almonds, Shelled Basis",MO,Morocco,1991,1992,0,178,Total Distribution,21,(MT),10892.0
577400,"Almonds, Shelled Basis",MO,Morocco,1991,1992,0,86,Total Supply,21,(MT),10892.0
577400,"Almonds, Shelled Basis",MO,Morocco,1992,1993,0,20,Beginning Stocks,21,(MT),1300.0
577400,"Almonds, Shelled Basis",MO,Morocco,1992,1993,0,125,Domestic Consumption,21,(MT),8200.0
577400,"Almonds, Shelled Basis",MO,Morocco,1992,1993,0,176,Ending Stocks,21,(MT),1323.0
577400,"Almonds, Shelled Basis",MO,Morocco,1992,1993,0,88,Exports,21,(MT),0.0
577400,"Almonds, Shelled Basis",MO,Morocco,1992,1993,0,57,Imports,21,(MT),10.0
577400,"Almonds, Shelled Basis",MO,Morocco,1992,1993,0,28,Production,21,(MT),8213.0
577400,"Almonds, Shelled Basis",MO,Morocco,1992,1993,0,178,Total Distribution,21,(MT),9523.0
577400,"Almonds, Shelled Basis",MO,Morocco,1992,1993,0,86,Total Supply,21,(MT),9523.0
577400,"Almonds, Shelled Basis",MO,Morocco,1993,1994,0,20,Beginning Stocks,21,(MT),1323.0
577400,"Almonds, Shelled Basis",MO,Morocco,1993,1994,0,125,Domestic Consumption,21,(MT),8500.0
577400,"Almonds, Shelled Basis",MO,Morocco,1993,1994,0,176,Ending Stocks,21,(MT),1600.0
577400,"Almonds, Shelled Basis",MO,Morocco,1993,1994,0,88,Exports,21,(MT),123.0
577400,"Almonds, Shelled Basis",MO,Morocco,1993,1994,0,57,Imports,21,(MT),9.0
577400,"Almonds, Shelled Basis",MO,Morocco,1993,1994,0,28,Production,21,(MT),8891.0
577400,"Almonds, Shelled Basis",MO,Morocco,1993,1994,0,178,Total Distribution,21,(MT),10223.0
577400,"Almonds, Shelled Basis",MO,Morocco,1993,1994,0,86,Total Supply,21,(MT),10223.0
577400,"Almonds, Shelled Basis",MO,Morocco,1994,1995,0,20,Beginning Stocks,21,(MT),1600.0
577400,"Almonds, Shelled Basis",MO,Morocco,1994,1995,0,125,Domestic Consumption,21,(MT),6800.0
577400,"Almonds, Shelled Basis",MO,Morocco,1994,1995,0,176,Ending Stocks,21,(MT),551.0
577400,"Almonds, Shelled Basis",MO,Morocco,1994,1995,0,88,Exports,21,(MT),20.0
577400,"Almonds, Shelled Basis",MO,Morocco,1994,1995,0,57,Imports,21,(MT),28.0
577400,"Almonds, Shelled Basis",MO,Morocco,1994,1995,0,28,Production,21,(MT),5743.0
577400,"Almonds, Shelled Basis",MO,Morocco,1994,1995,0,178,Total Distribution,21,(MT),7371.0
577400,"Almonds, Shelled Basis",MO,Morocco,1994,1995,0,86,Total Supply,21,(MT),7371.0
577400,"Almonds, Shelled Basis",MO,Morocco,1995,1996,0,20,Beginning Stocks,21,(MT),551.0
577400,"Almonds, Shelled Basis",MO,Morocco,1995,1996,0,125,Domestic Consumption,21,(MT),7000.0
577400,"Almonds, Shelled Basis",MO,Morocco,1995,1996,0,176,Ending Stocks,21,(MT),957.0
577400,"Almonds, Shelled Basis",MO,Morocco,1995,1996,0,88,Exports,21,(MT),0.0
577400,"Almonds, Shelled Basis",MO,Morocco,1995,1996,0,57,Imports,21,(MT),6.0
577400,"Almonds, Shelled Basis",MO,Morocco,1995,1996,0,28,Production,21,(MT),7400.0
577400,"Almonds, Shelled Basis",MO,Morocco,1995,1996,0,178,Total Distribution,21,(MT),7957.0
577400,"Almonds, Shelled Basis",MO,Morocco,1995,1996,0,86,Total Supply,21,(MT),7957.0
577400,"Almonds, Shelled Basis",MO,Morocco,1996,1997,0,20,Beginning Stocks,21,(MT),957.0
577400,"Almonds, Shelled Basis",MO,Morocco,1996,1997,0,125,Domestic Consumption,21,(MT),6000.0
577400,"Almonds, Shelled Basis",MO,Morocco,1996,1997,0,176,Ending Stocks,21,(MT),100.0
577400,"Almonds, Shelled Basis",MO,Morocco,1996,1997,0,88,Exports,21,(MT),0.0
577400,"Almonds, Shelled Basis",MO,Morocco,1996,1997,0,57,Imports,21,(MT),43.0
577400,"Almonds, Shelled Basis",MO,Morocco,1996,1997,0,28,Production,21,(MT),5100.0
577400,"Almonds, Shelled Basis",MO,Morocco,1996,1997,0,178,Total Distribution,21,(MT),6100.0
577400,"Almonds, Shelled Basis",MO,Morocco,1996,1997,0,86,Total Supply,21,(MT),6100.0
577400,"Almonds, Shelled Basis",MO,Morocco,1997,1998,0,20,Beginning Stocks,21,(MT),100.0
577400,"Almonds, Shelled Basis",MO,Morocco,1997,1998,0,125,Domestic Consumption,21,(MT),10800.0
577400,"Almonds, Shelled Basis",MO,Morocco,1997,1998,0,176,Ending Stocks,21,(MT),310.0
577400,"Almonds, Shelled Basis",MO,Morocco,1997,1998,0,88,Exports,21,(MT),0.0
577400,"Almonds, Shelled Basis",MO,Morocco,1997,1998,0,57,Imports,21,(MT),10.0
577400,"Almonds, Shelled Basis",MO,Morocco,1997,1998,0,28,Production,21,(MT),11000.0
577400,"Almonds, Shelled Basis",MO,Morocco,1997,1998,0,178,Total Distribution,21,(MT),11110.0
577400,"Almonds, Shelled Basis",MO,Morocco,1997,1998,0,86,Total Supply,21,(MT),11110.0
577400,"Almonds, Shelled Basis",MO,Morocco,1998,1999,0,20,Beginning Stocks,21,(MT),310.0
577400,"Almonds, Shelled Basis",MO,Morocco,1998,1999,0,125,Domestic Consumption,21,(MT),8200.0
577400,"Almonds, Shelled Basis",MO,Morocco,1998,1999,0,176,Ending Stocks,21,(MT),140.0
577400,"Almonds, Shelled Basis",MO,Morocco,1998,1999,0,88,Exports,21,(MT),0.0
577400,"Almonds, Shelled Basis",MO,Morocco,1998,1999,0,57,Imports,21,(MT),30.0
577400,"Almonds, Shelled Basis",MO,Morocco,1998,1999,0,28,Production,21,(MT),8000.0
577400,"Almonds, Shelled Basis",MO,Morocco,1998,1999,0,178,Total Distribution,21,(MT),8340.0
577400,"Almonds, Shelled Basis",MO,Morocco,1998,1999,0,86,Total Supply,21,(MT),8340.0
577400,"Almonds, Shelled Basis",MO,Morocco,2001,2020,10,20,Beginning Stocks,21,(MT),0.0
577400,"Almonds, Shelled Basis",MO,Morocco,2001,2020,10,125,Domestic Consumption,21,(MT),0.0
577400,"Almonds, Shelled Basis",MO,Morocco,2001,2020,10,176,Ending Stocks,21,(MT),0.0
577400,"Almonds, Shelled Basis",MO,Morocco,2001,2020,10,88,Exports,21,(MT),0.0
577400,"Almonds, Shelled Basis",MO,Morocco,2001,2020,10,57,Imports,21,(MT),0.0
577400,"Almonds, Shelled Basis",MO,Morocco,2001,2020,10,28,Production,21,(MT),0.0
577400,"Almonds, Shelled Basis",MO,Morocco,2001,2020,10,178,Total Distribution,21,(MT),0.0
577400,"Almonds, Shelled Basis",MO,Morocco,2001,2020,10,86,Total Supply,21,(MT),0.0
577400,"Almonds, Shelled Basis",MO,Morocco,2002,2020,10,20,Beginning Stocks,21,(MT),0.0
577400,"Almonds, Shelled Basis",MO,Morocco,2002,2020,10,125,Domestic Consumption,21,(MT),0.0
577400,"Almonds, Shelled Basis",MO,Morocco,2002,2020,10,176,Ending Stocks,21,(MT),0.0
577400,"Almonds, Shelled Basis",MO,Morocco,2002,2020,10,88,Exports,21,(MT),0.0
577400,"Almonds, Shelled Basis",MO,Morocco,2002,2020,10,57,Imports,21,(MT),0.0
577400,"Almonds, Shelled Basis",MO,Morocco,2002,2020,10,28,Production,21,(MT),0.0
577400,"Almonds, Shelled Basis",MO,Morocco,2002,2020,10,178,Total Distribution,21,(MT),0.0
577400,"Almonds, Shelled Basis",MO,Morocco,2002,2020,10,86,Total Supply,21,(MT),0.0
577400,"Almonds, Shelled Basis",MO,Morocco,2003,2020,10,20,Beginning Stocks,21,(MT),0.0
577400,"Almonds, Shelled Basis",MO,Morocco,2003,2020,10,125,Domestic Consumption,21,(MT),0.0
577400,"Almonds, Shelled Basis",MO,Morocco,2003,2020,10,176,Ending Stocks,21,(MT),0.0
577400,"Almonds, Shelled Basis",MO,Morocco,2003,2020,10,88,Exports,21,(MT),0.0
577400,"Almonds, Shelled Basis",MO,Morocco,2003,2020,10,57,Imports,21,(MT),0.0
577400,"Almonds, Shelled Basis",MO,Morocco,2003,2020,10,28,Production,21,(MT),0.0
577400,"Almonds, Shelled Basis",MO,Morocco,2003,2020,10,178,Total Distribution,21,(MT),0.0
577400,"Almonds, Shelled Basis",MO,Morocco,2003,2020,10,86,Total Supply,21,(MT),0.0
577400,"Almonds, Shelled Basis",MO,Morocco,2004,2020,10,20,Beginning Stocks,21,(MT),0.0
577400,"Almonds, Shelled Basis",MO,Morocco,2004,2020,10,125,Domestic Consumption,21,(MT),0.0
577400,"Almonds, Shelled Basis",MO,Morocco,2004,2020,10,176,Ending Stocks,21,(MT),0.0
577400,"Almonds, Shelled Basis",MO,Morocco,2004,2020,10,88,Exports,21,(MT),0.0
577400,"Almonds, Shelled Basis",MO,Morocco,2004,2020,10,57,Imports,21,(MT),0.0
577400,"Almonds, Shelled Basis",MO,Morocco,2004,2020,10,28,Production,21,(MT),0.0
577400,"Almonds, Shelled Basis",MO,Morocco,2004,2020,10,178,Total Distribution,21,(MT),0.0
577400,"Almonds, Shelled Basis",MO,Morocco,2004,2020,10,86,Total Supply,21,(MT),0.0
577400,"Almonds, Shelled Basis",MO,Morocco,2005,2020,10,20,Beginning Stocks,21,(MT),0.0
577400,"Almonds, Shelled Basis",MO,Morocco,2005,2020,10,125,Domestic Consumption,21,(MT),0.0
577400,"Almonds, Shelled Basis",MO,Morocco,2005,2020,10,176,Ending Stocks,21,(MT),0.0
577400,"Almonds, Shelled Basis",MO,Morocco,2005,2020,10,88,Exports,21,(MT),0.0
577400,"Almonds, Shelled Basis",MO,Morocco,2005,2020,10,57,Imports,21,(MT),0.0
577400,"Almonds, Shelled Basis",MO,Morocco,2005,2020,10,28,Production,21,(MT),0.0
577400,"Almonds, Shelled Basis",MO,Morocco,2005,2020,10,178,Total Distribution,21,(MT),0.0
577400,"Almonds, Shelled Basis",MO,Morocco,2005,2020,10,86,Total Supply,21,(MT),0.0
577400,"Almonds, Shelled Basis",MO,Morocco,2006,2020,10,20,Beginning Stocks,21,(MT),0.0
577400,"Almonds, Shelled Basis",MO,Morocco,2006,2020,10,125,Domestic Consumption,21,(MT),0.0
577400,"Almonds, Shelled Basis",MO,Morocco,2006,2020,10,176,Ending Stocks,21,(MT),0.0
577400,"Almonds, Shelled Basis",MO,Morocco,2006,2020,10,88,Exports,21,(MT),0.0
577400,"Almonds, Shelled Basis",MO,Morocco,2006,2020,10,57,Imports,21,(MT),0.0
577400,"Almonds, Shelled Basis",MO,Morocco,2006,2020,10,28,Production,21,(MT),0.0
577400,"Almonds, Shelled Basis",MO,Morocco,2006,2020,10,178,Total Distribution,21,(MT),0.0
577400,"Almonds, Shelled Basis",MO,Morocco,2006,2020,10,86,Total Supply,21,(MT),0.0
577400,"Almonds, Shelled Basis",MO,Morocco,2007,2020,10,20,Beginning Stocks,21,(MT),0.0
577400,"Almonds, Shelled Basis",MO,Morocco,2007,2020,10,125,Domestic Consumption,21,(MT),0.0
577400,"Almonds, Shelled Basis",MO,Morocco,2007,2020,10,176,Ending Stocks,21,(MT),0.0
577400,"Almonds, Shelled Basis",MO,Morocco,2007,2020,10,88,Exports,21,(MT),0.0
577400,"Almonds, Shelled Basis",MO,Morocco,2007,2020,10,57,Imports,21,(MT),0.0
577400,"Almonds, Shelled Basis",MO,Morocco,2007,2020,10,28,Production,21,(MT),0.0
577400,"Almonds, Shelled Basis",MO,Morocco,2007,2020,10,178,Total Distribution,21,(MT),0.0
577400,"Almonds, Shelled Basis",MO,Morocco,2007,2020,10,86,Total Supply,21,(MT),0.0
577400,"Almonds, Shelled Basis",MO,Morocco,2008,2020,10,20,Beginning Stocks,21,(MT),0.0
577400,"Almonds, Shelled Basis",MO,Morocco,2008,2020,10,125,Domestic Consumption,21,(MT),0.0
577400,"Almonds, Shelled Basis",MO,Morocco,2008,2020,10,176,Ending Stocks,21,(MT),0.0
577400,"Almonds, Shelled Basis",MO,Morocco,2008,2020,10,88,Exports,21,(MT),0.0
577400,"Almonds, Shelled Basis",MO,Morocco,2008,2020,10,57,Imports,21,(MT),0.0
577400,"Almonds, Shelled Basis",MO,Morocco,2008,2020,10,28,Production,21,(MT),0.0
577400,"Almonds, Shelled Basis",MO,Morocco,2008,2020,10,178,Total Distribution,21,(MT),0.0
577400,"Almonds, Shelled Basis",MO,Morocco,2008,2020,10,86,Total Supply,21,(MT),0.0
577400,"Almonds, Shelled Basis",MO,Morocco,2009,2020,10,20,Beginning Stocks,21,(MT),0.0
577400,"Almonds, Shelled Basis",MO,Morocco,2009,2020,10,125,Domestic Consumption,21,(MT),0.0
577400,"Almonds, Shelled Basis",MO,Morocco,2009,2020,10,176,Ending Stocks,21,(MT),0.0
577400,"Almonds, Shelled Basis",MO,Morocco,2009,2020,10,88,Exports,21,(MT),0.0
577400,"Almonds, Shelled Basis",MO,Morocco,2009,2020,10,57,Imports,21,(MT),0.0
577400,"Almonds, Shelled Basis",MO,Morocco,2009,2020,10,28,Production,21,(MT),0.0
577400,"Almonds, Shelled Basis",MO,Morocco,2009,2020,10,178,Total Distribution,21,(MT),0.0
577400,"Almonds, Shelled Basis",MO,Morocco,2009,2020,10,86,Total Supply,21,(MT),0.0
577400,"Almonds, Shelled Basis",MO,Morocco,2010,2020,10,20,Beginning Stocks,21,(MT),0.0
577400,"Almonds, Shelled Basis",MO,Morocco,2010,2020,10,125,Domestic Consumption,21,(MT),0.0
577400,"Almonds, Shelled Basis",MO,Morocco,2010,2020,10,176,Ending Stocks,21,(MT),0.0
577400,"Almonds, Shelled Basis",MO,Morocco,2010,2020,10,88,Exports,21,(MT),0.0
577400,"Almonds, Shelled Basis",MO,Morocco,2010,2020,10,57,Imports,21,(MT),0.0
577400,"Almonds, Shelled Basis",MO,Morocco,2010,2020,10,28,Production,21,(MT),0.0
577400,"Almonds, Shelled Basis",MO,Morocco,2010,2020,10,178,Total Distribution,21,(MT),0.0
577400,"Almonds, Shelled Basis",MO,Morocco,2010,2020,10,86,Total Supply,21,(MT),0.0
577400,"Almonds, Shelled Basis",MO,Morocco,2011,2020,10,20,Beginning Stocks,21,(MT),0.0
577400,"Almonds, Shelled Basis",MO,Morocco,2011,2020,10,125,Domestic Consumption,21,(MT),0.0
577400,"Almonds, Shelled Basis",MO,Morocco,2011,2020,10,176,Ending Stocks,21,(MT),0.0
577400,"Almonds, Shelled Basis",MO,Morocco,2011,2020,10,88,Exports,21,(MT),0.0
577400,"Almonds, Shelled Basis",MO,Morocco,2011,2020,10,57,Imports,21,(MT),0.0
577400,"Almonds, Shelled Basis",MO,Morocco,2011,2020,10,28,Production,21,(MT),0.0
577400,"Almonds, Shelled Basis",MO,Morocco,2011,2020,10,178,Total Distribution,21,(MT),0.0
577400,"Almonds, Shelled Basis",MO,Morocco,2011,2020,10,86,Total Supply,21,(MT),0.0
577400,"Almonds, Shelled Basis",MO,Morocco,2012,2020,10,20,Beginning Stocks,21,(MT),0.0
577400,"Almonds, Shelled Basis",MO,Morocco,2012,2020,10,125,Domestic Consumption,21,(MT),0.0
577400,"Almonds, Shelled Basis",MO,Morocco,2012,2020,10,176,Ending Stocks,21,(MT),0.0
577400,"Almonds, Shelled Basis",MO,Morocco,2012,2020,10,88,Exports,21,(MT),0.0
577400,"Almonds, Shelled Basis",MO,Morocco,2012,2020,10,57,Imports,21,(MT),0.0
577400,"Almonds, Shelled Basis",MO,Morocco,2012,2020,10,28,Production,21,(MT),0.0
577400,"Almonds, Shelled Basis",MO,Morocco,2012,2020,10,178,Total Distribution,21,(MT),0.0
577400,"Almonds, Shelled Basis",MO,Morocco,2012,2020,10,86,Total Supply,21,(MT),0.0
577400,"Almonds, Shelled Basis",MO,Morocco,2013,2020,10,20,Beginning Stocks,21,(MT),0.0
577400,"Almonds, Shelled Basis",MO,Morocco,2013,2020,10,125,Domestic Consumption,21,(MT),0.0
577400,"Almonds, Shelled Basis",MO,Morocco,2013,2020,10,176,Ending Stocks,21,(MT),0.0
577400,"Almonds, Shelled Basis",MO,Morocco,2013,2020,10,88,Exports,21,(MT),0.0
577400,"Almonds, Shelled Basis",MO,Morocco,2013,2020,10,57,Imports,21,(MT),0.0
577400,"Almonds, Shelled Basis",MO,Morocco,2013,2020,10,28,Production,21,(MT),0.0
577400,"Almonds, Shelled Basis",MO,Morocco,2013,2020,10,178,Total Distribution,21,(MT),0.0
577400,"Almonds, Shelled Basis",MO,Morocco,2013,2020,10,86,Total Supply,21,(MT),0.0
577400,"Almonds, Shelled Basis",MO,Morocco,2014,2020,10,20,Beginning Stocks,21,(MT),0.0
577400,"Almonds, Shelled Basis",MO,Morocco,2014,2020,10,125,Domestic Consumption,21,(MT),0.0
577400,"Almonds, Shelled Basis",MO,Morocco,2014,2020,10,176,Ending Stocks,21,(MT),0.0
577400,"Almonds, Shelled Basis",MO,Morocco,2014,2020,10,88,Exports,21,(MT),0.0
577400,"Almonds, Shelled Basis",MO,Morocco,2014,2020,10,57,Imports,21,(MT),0.0
577400,"Almonds, Shelled Basis",MO,Morocco,2014,2020,10,28,Production,21,(MT),0.0
577400,"Almonds, Shelled Basis",MO,Morocco,2014,2020,10,178,Total Distribution,21,(MT),0.0
577400,"Almonds, Shelled Basis",MO,Morocco,2014,2020,10,86,Total Supply,21,(MT),0.0
577400,"Almonds, Shelled Basis",MO,Morocco,2015,2020,10,20,Beginning Stocks,21,(MT),0.0
577400,"Almonds, Shelled Basis",MO,Morocco,2015,2020,10,125,Domestic Consumption,21,(MT),0.0
577400,"Almonds, Shelled Basis",MO,Morocco,2015,2020,10,176,Ending Stocks,21,(MT),0.0
577400,"Almonds, Shelled Basis",MO,Morocco,2015,2020,10,88,Exports,21,(MT),0.0
577400,"Almonds, Shelled Basis",MO,Morocco,2015,2020,10,57,Imports,21,(MT),0.0
577400,"Almonds, Shelled Basis",MO,Morocco,2015,2020,10,28,Production,21,(MT),0.0
577400,"Almonds, Shelled Basis",MO,Morocco,2015,2020,10,178,Total Distribution,21,(MT),0.0
577400,"Almonds, Shelled Basis",MO,Morocco,2015,2020,10,86,Total Supply,21,(MT),0.0
577400,"Almonds, Shelled Basis",MO,Morocco,2016,2020,10,20,Beginning Stocks,21,(MT),0.0
577400,"Almonds, Shelled Basis",MO,Morocco,2016,2020,10,125,Domestic Consumption,21,(MT),600.0
577400,"Almonds, Shelled Basis",MO,Morocco,2016,2020,10,176,Ending Stocks,21,(MT),0.0
577400,"Almonds, Shelled Basis",MO,Morocco,2016,2020,10,88,Exports,21,(MT),0.0
577400,"Almonds, Shelled Basis",MO,Morocco,2016,2020,10,57,Imports,21,(MT),600.0
577400,"Almonds, Shelled Basis",MO,Morocco,2016,2020,10,28,Production,21,(MT),0.0
577400,"Almonds, Shelled Basis",MO,Morocco,2016,2020,10,178,Total Distribution,21,(MT),600.0
577400,"Almonds, Shelled Basis",MO,Morocco,2016,2020,10,86,Total Supply,21,(MT),600.0
577400,"Almonds, Shelled Basis",MO,Morocco,2017,2020,10,20,Beginning Stocks,21,(MT),0.0
577400,"Almonds, Shelled Basis",MO,Morocco,2017,2020,10,125,Domestic Consumption,21,(MT),1700.0
577400,"Almonds, Shelled Basis",MO,Morocco,2017,2020,10,176,Ending Stocks,21,(MT),0.0
577400,"Almonds, Shelled Basis",MO,Morocco,2017,2020,10,88,Exports,21,(MT),0.0
577400,"Almonds, Shelled Basis",MO,Morocco,2017,2020,10,57,Imports,21,(MT),1700.0
577400,"Almonds, Shelled Basis",MO,Morocco,2017,2020,10,28,Production,21,(MT),0.0
577400,"Almonds, Shelled Basis",MO,Morocco,2017,2020,10,178,Total Distribution,21,(MT),1700.0
577400,"Almonds, Shelled Basis",MO,Morocco,2017,2020,10,86,Total Supply,21,(MT),1700.0
577400,"Almonds, Shelled Basis",MO,Morocco,2018,2020,10,20,Beginning Stocks,21,(MT),0.0
577400,"Almonds, Shelled Basis",MO,Morocco,2018,2020,10,125,Domestic Consumption,21,(MT),4100.0
577400,"Almonds, Shelled Basis",MO,Morocco,2018,2020,10,176,Ending Stocks,21,(MT),0.0
577400,"Almonds, Shelled Basis",MO,Morocco,2018,2020,10,88,Exports,21,(MT),0.0
577400,"Almonds, Shelled Basis",MO,Morocco,2018,2020,10,57,Imports,21,(MT),4100.0
577400,"Almonds, Shelled Basis",MO,Morocco,2018,2020,10,28,Production,21,(MT),0.0
577400,"Almonds, Shelled Basis",MO,Morocco,2018,2020,10,178,Total Distribution,21,(MT),4100.0
577400,"Almonds, Shelled Basis",MO,Morocco,2018,2020,10,86,Total Supply,21,(MT),4100.0
577400,"Almonds, Shelled Basis",MO,Morocco,2019,2020,10,20,Beginning Stocks,21,(MT),0.0
577400,"Almonds, Shelled Basis",MO,Morocco,2019,2020,10,125,Domestic Consumption,21,(MT),11800.0
577400,"Almonds, Shelled Basis",MO,Morocco,2019,2020,10,176,Ending Stocks,21,(MT),0.0
577400,"Almonds, Shelled Basis",MO,Morocco,2019,2020,10,88,Exports,21,(MT),0.0
577400,"Almonds, Shelled Basis",MO,Morocco,2019,2020,10,57,Imports,21,(MT),11800.0
577400,"Almonds, Shelled Basis",MO,Morocco,2019,2020,10,28,Production,21,(MT),0.0
577400,"Almonds, Shelled Basis",MO,Morocco,2019,2020,10,178,Total Distribution,21,(MT),11800.0
577400,"Almonds, Shelled Basis",MO,Morocco,2019,2020,10,86,Total Supply,21,(MT),11800.0
577400,"Almonds, Shelled Basis",MO,Morocco,2020,2020,10,20,Beginning Stocks,21,(MT),0.0
577400,"Almonds, Shelled Basis",MO,Morocco,2020,2020,10,125,Domestic Consumption,21,(MT),13000.0
577400,"Almonds, Shelled Basis",MO,Morocco,2020,2020,10,176,Ending Stocks,21,(MT),0.0
577400,"Almonds, Shelled Basis",MO,Morocco,2020,2020,10,88,Exports,21,(MT),0.0
577400,"Almonds, Shelled Basis",MO,Morocco,2020,2020,10,57,Imports,21,(MT),13000.0
577400,"Almonds, Shelled Basis",MO,Morocco,2020,2020,10,28,Production,21,(MT),0.0
577400,"Almonds, Shelled Basis",MO,Morocco,2020,2020,10,178,Total Distribution,21,(MT),13000.0
577400,"Almonds, Shelled Basis",MO,Morocco,2020,2020,10,86,Total Supply,21,(MT),13000.0
577400,"Almonds, Shelled Basis",NZ,New Zealand,2001,2020,10,20,Beginning Stocks,21,(MT),0.0
577400,"Almonds, Shelled Basis",NZ,New Zealand,2001,2020,10,125,Domestic Consumption,21,(MT),0.0
577400,"Almonds, Shelled Basis",NZ,New Zealand,2001,2020,10,176,Ending Stocks,21,(MT),0.0
577400,"Almonds, Shelled Basis",NZ,New Zealand,2001,2020,10,88,Exports,21,(MT),0.0
577400,"Almonds, Shelled Basis",NZ,New Zealand,2001,2020,10,57,Imports,21,(MT),0.0
577400,"Almonds, Shelled Basis",NZ,New Zealand,2001,2020,10,28,Production,21,(MT),0.0
577400,"Almonds, Shelled Basis",NZ,New Zealand,2001,2020,10,178,Total Distribution,21,(MT),0.0
577400,"Almonds, Shelled Basis",NZ,New Zealand,2001,2020,10,86,Total Supply,21,(MT),0.0
577400,"Almonds, Shelled Basis",NZ,New Zealand,2002,2020,10,20,Beginning Stocks,21,(MT),0.0
577400,"Almonds, Shelled Basis",NZ,New Zealand,2002,2020,10,125,Domestic Consumption,21,(MT),0.0
577400,"Almonds, Shelled Basis",NZ,New Zealand,2002,2020,10,176,Ending Stocks,21,(MT),0.0
577400,"Almonds, Shelled Basis",NZ,New Zealand,2002,2020,10,88,Exports,21,(MT),0.0
577400,"Almonds, Shelled Basis",NZ,New Zealand,2002,2020,10,57,Imports,21,(MT),0.0
577400,"Almonds, Shelled Basis",NZ,New Zealand,2002,2020,10,28,Production,21,(MT),0.0
577400,"Almonds, Shelled Basis",NZ,New Zealand,2002,2020,10,178,Total Distribution,21,(MT),0.0
577400,"Almonds, Shelled Basis",NZ,New Zealand,2002,2020,10,86,Total Supply,21,(MT),0.0
577400,"Almonds, Shelled Basis",NZ,New Zealand,2003,2020,10,20,Beginning Stocks,21,(MT),0.0
577400,"Almonds, Shelled Basis",NZ,New Zealand,2003,2020,10,125,Domestic Consumption,21,(MT),0.0
577400,"Almonds, Shelled Basis",NZ,New Zealand,2003,2020,10,176,Ending Stocks,21,(MT),0.0
577400,"Almonds, Shelled Basis",NZ,New Zealand,2003,2020,10,88,Exports,21,(MT),0.0
577400,"Almonds, Shelled Basis",NZ,New Zealand,2003,2020,10,57,Imports,21,(MT),0.0
577400,"Almonds, Shelled Basis",NZ,New Zealand,2003,2020,10,28,Production,21,(MT),0.0
577400,"Almonds, Shelled Basis",NZ,New Zealand,2003,2020,10,178,Total Distribution,21,(MT),0.0
577400,"Almonds, Shelled Basis",NZ,New Zealand,2003,2020,10,86,Total Supply,21,(MT),0.0
577400,"Almonds, Shelled Basis",NZ,New Zealand,2004,2020,10,20,Beginning Stocks,21,(MT),0.0
577400,"Almonds, Shelled Basis",NZ,New Zealand,2004,2020,10,125,Domestic Consumption,21,(MT),0.0
577400,"Almonds, Shelled Basis",NZ,New Zealand,2004,2020,10,176,Ending Stocks,21,(MT),0.0
577400,"Almonds, Shelled Basis",NZ,New Zealand,2004,2020,10,88,Exports,21,(MT),0.0
577400,"Almonds, Shelled Basis",NZ,New Zealand,2004,2020,10,57,Imports,21,(MT),0.0
577400,"Almonds, Shelled Basis",NZ,New Zealand,2004,2020,10,28,Production,21,(MT),0.0
577400,"Almonds, Shelled Basis",NZ,New Zealand,2004,2020,10,178,Total Distribution,21,(MT),0.0
577400,"Almonds, Shelled Basis",NZ,New Zealand,2004,2020,10,86,Total Supply,21,(MT),0.0
577400,"Almonds, Shelled Basis",NZ,New Zealand,2005,2020,10,20,Beginning Stocks,21,(MT),0.0
577400,"Almonds, Shelled Basis",NZ,New Zealand,2005,2020,10,125,Domestic Consumption,21,(MT),0.0
577400,"Almonds, Shelled Basis",NZ,New Zealand,2005,2020,10,176,Ending Stocks,21,(MT),0.0
577400,"Almonds, Shelled Basis",NZ,New Zealand,2005,2020,10,88,Exports,21,(MT),0.0
577400,"Almonds, Shelled Basis",NZ,New Zealand,2005,2020,10,57,Imports,21,(MT),0.0
577400,"Almonds, Shelled Basis",NZ,New Zealand,2005,2020,10,28,Production,21,(MT),0.0
577400,"Almonds, Shelled Basis",NZ,New Zealand,2005,2020,10,178,Total Distribution,21,(MT),0.0
577400,"Almonds, Shelled Basis",NZ,New Zealand,2005,2020,10,86,Total Supply,21,(MT),0.0
577400,"Almonds, Shelled Basis",NZ,New Zealand,2006,2020,10,20,Beginning Stocks,21,(MT),0.0
577400,"Almonds, Shelled Basis",NZ,New Zealand,2006,2020,10,125,Domestic Consumption,21,(MT),0.0
577400,"Almonds, Shelled Basis",NZ,New Zealand,2006,2020,10,176,Ending Stocks,21,(MT),0.0
577400,"Almonds, Shelled Basis",NZ,New Zealand,2006,2020,10,88,Exports,21,(MT),0.0
577400,"Almonds, Shelled Basis",NZ,New Zealand,2006,2020,10,57,Imports,21,(MT),0.0
577400,"Almonds, Shelled Basis",NZ,New Zealand,2006,2020,10,28,Production,21,(MT),0.0
577400,"Almonds, Shelled Basis",NZ,New Zealand,2006,2020,10,178,Total Distribution,21,(MT),0.0
577400,"Almonds, Shelled Basis",NZ,New Zealand,2006,2020,10,86,Total Supply,21,(MT),0.0
577400,"Almonds, Shelled Basis",NZ,New Zealand,2007,2020,10,20,Beginning Stocks,21,(MT),0.0
577400,"Almonds, Shelled Basis",NZ,New Zealand,2007,2020,10,125,Domestic Consumption,21,(MT),1500.0
577400,"Almonds, Shelled Basis",NZ,New Zealand,2007,2020,10,176,Ending Stocks,21,(MT),0.0
577400,"Almonds, Shelled Basis",NZ,New Zealand,2007,2020,10,88,Exports,21,(MT),0.0
577400,"Almonds, Shelled Basis",NZ,New Zealand,2007,2020,10,57,Imports,21,(MT),1500.0
577400,"Almonds, Shelled Basis",NZ,New Zealand,2007,2020,10,28,Production,21,(MT),0.0
577400,"Almonds, Shelled Basis",NZ,New Zealand,2007,2020,10,178,Total Distribution,21,(MT),1500.0
577400,"Almonds, Shelled Basis",NZ,New Zealand,2007,2020,10,86,Total Supply,21,(MT),1500.0
577400,"Almonds, Shelled Basis",NZ,New Zealand,2008,2020,10,20,Beginning Stocks,21,(MT),0.0
577400,"Almonds, Shelled Basis",NZ,New Zealand,2008,2020,10,125,Domestic Consumption,21,(MT),1500.0
577400,"Almonds, Shelled Basis",NZ,New Zealand,2008,2020,10,176,Ending Stocks,21,(MT),0.0
577400,"Almonds, Shelled Basis",NZ,New Zealand,2008,2020,10,88,Exports,21,(MT),0.0
577400,"Almonds, Shelled Basis",NZ,New Zealand,2008,2020,10,57,Imports,21,(MT),1500.0
577400,"Almonds, Shelled Basis",NZ,New Zealand,2008,2020,10,28,Production,21,(MT),0.0
577400,"Almonds, Shelled Basis",NZ,New Zealand,2008,2020,10,178,Total Distribution,21,(MT),1500.0
577400,"Almonds, Shelled Basis",NZ,New Zealand,2008,2020,10,86,Total Supply,21,(MT),1500.0
577400,"Almonds, Shelled Basis",NZ,New Zealand,2009,2020,10,20,Beginning Stocks,21,(MT),0.0
577400,"Almonds, Shelled Basis",NZ,New Zealand,2009,2020,10,125,Domestic Consumption,21,(MT),1800.0
577400,"Almonds, Shelled Basis",NZ,New Zealand,2009,2020,10,176,Ending Stocks,21,(MT),0.0
577400,"Almonds, Shelled Basis",NZ,New Zealand,2009,2020,10,88,Exports,21,(MT),0.0
577400,"Almonds, Shelled Basis",NZ,New Zealand,2009,2020,10,57,Imports,21,(MT),1800.0
577400,"Almonds, Shelled Basis",NZ,New Zealand,2009,2020,10,28,Production,21,(MT),0.0
577400,"Almonds, Shelled Basis",NZ,New Zealand,2009,2020,10,178,Total Distribution,21,(MT),1800.0
577400,"Almonds, Shelled Basis",NZ,New Zealand,2009,2020,10,86,Total Supply,21,(MT),1800.0
577400,"Almonds, Shelled Basis",NZ,New Zealand,2010,2020,10,20,Beginning Stocks,21,(MT),0.0
577400,"Almonds, Shelled Basis",NZ,New Zealand,2010,2020,10,125,Domestic Consumption,21,(MT),2300.0
577400,"Almonds, Shelled Basis",NZ,New Zealand,2010,2020,10,176,Ending Stocks,21,(MT),0.0
577400,"Almonds, Shelled Basis",NZ,New Zealand,2010,2020,10,88,Exports,21,(MT),0.0
577400,"Almonds, Shelled Basis",NZ,New Zealand,2010,2020,10,57,Imports,21,(MT),2300.0
577400,"Almonds, Shelled Basis",NZ,New Zealand,2010,2020,10,28,Production,21,(MT),0.0
577400,"Almonds, Shelled Basis",NZ,New Zealand,2010,2020,10,178,Total Distribution,21,(MT),2300.0
577400,"Almonds, Shelled Basis",NZ,New Zealand,2010,2020,10,86,Total Supply,21,(MT),2300.0
577400,"Almonds, Shelled Basis",NZ,New Zealand,2011,2020,10,20,Beginning Stocks,21,(MT),0.0
577400,"Almonds, Shelled Basis",NZ,New Zealand,2011,2020,10,125,Domestic Consumption,21,(MT),2400.0
577400,"Almonds, Shelled Basis",NZ,New Zealand,2011,2020,10,176,Ending Stocks,21,(MT),0.0
577400,"Almonds, Shelled Basis",NZ,New Zealand,2011,2020,10,88,Exports,21,(MT),0.0
577400,"Almonds, Shelled Basis",NZ,New Zealand,2011,2020,10,57,Imports,21,(MT),2400.0
577400,"Almonds, Shelled Basis",NZ,New Zealand,2011,2020,10,28,Production,21,(MT),0.0
577400,"Almonds, Shelled Basis",NZ,New Zealand,2011,2020,10,178,Total Distribution,21,(MT),2400.0
577400,"Almonds, Shelled Basis",NZ,New Zealand,2011,2020,10,86,Total Supply,21,(MT),2400.0
577400,"Almonds, Shelled Basis",NZ,New Zealand,2012,2020,10,20,Beginning Stocks,21,(MT),0.0
577400,"Almonds, Shelled Basis",NZ,New Zealand,2012,2020,10,125,Domestic Consumption,21,(MT),3000.0
577400,"Almonds, Shelled Basis",NZ,New Zealand,2012,2020,10,176,Ending Stocks,21,(MT),0.0
577400,"Almonds, Shelled Basis",NZ,New Zealand,2012,2020,10,88,Exports,21,(MT),0.0
577400,"Almonds, Shelled Basis",NZ,New Zealand,2012,2020,10,57,Imports,21,(MT),3000.0
577400,"Almonds, Shelled Basis",NZ,New Zealand,2012,2020,10,28,Production,21,(MT),0.0
577400,"Almonds, Shelled Basis",NZ,New Zealand,2012,2020,10,178,Total Distribution,21,(MT),3000.0
577400,"Almonds, Shelled Basis",NZ,New Zealand,2012,2020,10,86,Total Supply,21,(MT),3000.0
577400,"Almonds, Shelled Basis",NZ,New Zealand,2013,2020,10,20,Beginning Stocks,21,(MT),0.0
577400,"Almonds, Shelled Basis",NZ,New Zealand,2013,2020,10,125,Domestic Consumption,21,(MT),3100.0
577400,"Almonds, Shelled Basis",NZ,New Zealand,2013,2020,10,176,Ending Stocks,21,(MT),0.0
577400,"Almonds, Shelled Basis",NZ,New Zealand,2013,2020,10,88,Exports,21,(MT),0.0
577400,"Almonds, Shelled Basis",NZ,New Zealand,2013,2020,10,57,Imports,21,(MT),3100.0
577400,"Almonds, Shelled Basis",NZ,New Zealand,2013,2020,10,28,Production,21,(MT),0.0
577400,"Almonds, Shelled Basis",NZ,New Zealand,2013,2020,10,178,Total Distribution,21,(MT),3100.0
577400,"Almonds, Shelled Basis",NZ,New Zealand,2013,2020,10,86,Total Supply,21,(MT),3100.0
577400,"Almonds, Shelled Basis",NZ,New Zealand,2014,2020,10,20,Beginning Stocks,21,(MT),0.0
577400,"Almonds, Shelled Basis",NZ,New Zealand,2014,2020,10,125,Domestic Consumption,21,(MT),3300.0
577400,"Almonds, Shelled Basis",NZ,New Zealand,2014,2020,10,176,Ending Stocks,21,(MT),0.0
577400,"Almonds, Shelled Basis",NZ,New Zealand,2014,2020,10,88,Exports,21,(MT),0.0
577400,"Almonds, Shelled Basis",NZ,New Zealand,2014,2020,10,57,Imports,21,(MT),3300.0
577400,"Almonds, Shelled Basis",NZ,New Zealand,2014,2020,10,28,Production,21,(MT),0.0
577400,"Almonds, Shelled Basis",NZ,New Zealand,2014,2020,10,178,Total Distribution,21,(MT),3300.0
577400,"Almonds, Shelled Basis",NZ,New Zealand,2014,2020,10,86,Total Supply,21,(MT),3300.0
577400,"Almonds, Shelled Basis",NZ,New Zealand,2015,2020,10,20,Beginning Stocks,21,(MT),0.0
577400,"Almonds, Shelled Basis",NZ,New Zealand,2015,2020,10,125,Domestic Consumption,21,(MT),3600.0
577400,"Almonds, Shelled Basis",NZ,New Zealand,2015,2020,10,176,Ending Stocks,21,(MT),0.0
577400,"Almonds, Shelled Basis",NZ,New Zealand,2015,2020,10,88,Exports,21,(MT),0.0
577400,"Almonds, Shelled Basis",NZ,New Zealand,2015,2020,10,57,Imports,21,(MT),3600.0
577400,"Almonds, Shelled Basis",NZ,New Zealand,2015,2020,10,28,Production,21,(MT),0.0
577400,"Almonds, Shelled Basis",NZ,New Zealand,2015,2020,10,178,Total Distribution,21,(MT),3600.0
577400,"Almonds, Shelled Basis",NZ,New Zealand,2015,2020,10,86,Total Supply,21,(MT),3600.0
577400,"Almonds, Shelled Basis",NZ,New Zealand,2016,2020,10,20,Beginning Stocks,21,(MT),0.0
577400,"Almonds, Shelled Basis",NZ,New Zealand,2016,2020,10,125,Domestic Consumption,21,(MT),3500.0
577400,"Almonds, Shelled Basis",NZ,New Zealand,2016,2020,10,176,Ending Stocks,21,(MT),0.0
577400,"Almonds, Shelled Basis",NZ,New Zealand,2016,2020,10,88,Exports,21,(MT),0.0
577400,"Almonds, Shelled Basis",NZ,New Zealand,2016,2020,10,57,Imports,21,(MT),3500.0
577400,"Almonds, Shelled Basis",NZ,New Zealand,2016,2020,10,28,Production,21,(MT),0.0
577400,"Almonds, Shelled Basis",NZ,New Zealand,2016,2020,10,178,Total Distribution,21,(MT),3500.0
577400,"Almonds, Shelled Basis",NZ,New Zealand,2016,2020,10,86,Total Supply,21,(MT),3500.0
577400,"Almonds, Shelled Basis",NZ,New Zealand,2017,2020,10,20,Beginning Stocks,21,(MT),0.0
577400,"Almonds, Shelled Basis",NZ,New Zealand,2017,2020,10,125,Domestic Consumption,21,(MT),3500.0
577400,"Almonds, Shelled Basis",NZ,New Zealand,2017,2020,10,176,Ending Stocks,21,(MT),0.0
577400,"Almonds, Shelled Basis",NZ,New Zealand,2017,2020,10,88,Exports,21,(MT),0.0
577400,"Almonds, Shelled Basis",NZ,New Zealand,2017,2020,10,57,Imports,21,(MT),3500.0
577400,"Almonds, Shelled Basis",NZ,New Zealand,2017,2020,10,28,Production,21,(MT),0.0
577400,"Almonds, Shelled Basis",NZ,New Zealand,2017,2020,10,178,Total Distribution,21,(MT),3500.0
577400,"Almonds, Shelled Basis",NZ,New Zealand,2017,2020,10,86,Total Supply,21,(MT),3500.0
577400,"Almonds, Shelled Basis",NZ,New Zealand,2018,2020,10,20,Beginning Stocks,21,(MT),0.0
577400,"Almonds, Shelled Basis",NZ,New Zealand,2018,2020,10,125,Domestic Consumption,21,(MT),3500.0
577400,"Almonds, Shelled Basis",NZ,New Zealand,2018,2020,10,176,Ending Stocks,21,(MT),0.0
577400,"Almonds, Shelled Basis",NZ,New Zealand,2018,2020,10,88,Exports,21,(MT),0.0
577400,"Almonds, Shelled Basis",NZ,New Zealand,2018,2020,10,57,Imports,21,(MT),3500.0
577400,"Almonds, Shelled Basis",NZ,New Zealand,2018,2020,10,28,Production,21,(MT),0.0
577400,"Almonds, Shelled Basis",NZ,New Zealand,2018,2020,10,178,Total Distribution,21,(MT),3500.0
577400,"Almonds, Shelled Basis",NZ,New Zealand,2018,2020,10,86,Total Supply,21,(MT),3500.0
577400,"Almonds, Shelled Basis",NZ,New Zealand,2019,2020,10,20,Beginning Stocks,21,(MT),0.0
577400,"Almonds, Shelled Basis",NZ,New Zealand,2019,2020,10,125,Domestic Consumption,21,(MT),3900.0
577400,"Almonds, Shelled Basis",NZ,New Zealand,2019,2020,10,176,Ending Stocks,21,(MT),0.0
577400,"Almonds, Shelled Basis",NZ,New Zealand,2019,2020,10,88,Exports,21,(MT),0.0
577400,"Almonds, Shelled Basis",NZ,New Zealand,2019,2020,10,57,Imports,21,(MT),3900.0
577400,"Almonds, Shelled Basis",NZ,New Zealand,2019,2020,10,28,Production,21,(MT),0.0
577400,"Almonds, Shelled Basis",NZ,New Zealand,2019,2020,10,178,Total Distribution,21,(MT),3900.0
577400,"Almonds, Shelled Basis",NZ,New Zealand,2019,2020,10,86,Total Supply,21,(MT),3900.0
577400,"Almonds, Shelled Basis",NZ,New Zealand,2020,2020,10,20,Beginning Stocks,21,(MT),0.0
577400,"Almonds, Shelled Basis",NZ,New Zealand,2020,2020,10,125,Domestic Consumption,21,(MT),4500.0
577400,"Almonds, Shelled Basis",NZ,New Zealand,2020,2020,10,176,Ending Stocks,21,(MT),0.0
577400,"Almonds, Shelled Basis",NZ,New Zealand,2020,2020,10,88,Exports,21,(MT),0.0
577400,"Almonds, Shelled Basis",NZ,New Zealand,2020,2020,10,57,Imports,21,(MT),4500.0
577400,"Almonds, Shelled Basis",NZ,New Zealand,2020,2020,10,28,Production,21,(MT),0.0
577400,"Almonds, Shelled Basis",NZ,New Zealand,2020,2020,10,178,Total Distribution,21,(MT),4500.0
577400,"Almonds, Shelled Basis",NZ,New Zealand,2020,2020,10,86,Total Supply,21,(MT),4500.0
577400,"Almonds, Shelled Basis",NO,Norway,2001,2010,10,20,Beginning Stocks,21,(MT),0.0
577400,"Almonds, Shelled Basis",NO,Norway,2001,2010,10,125,Domestic Consumption,21,(MT),1600.0
577400,"Almonds, Shelled Basis",NO,Norway,2001,2010,10,176,Ending Stocks,21,(MT),0.0
577400,"Almonds, Shelled Basis",NO,Norway,2001,2010,10,88,Exports,21,(MT),0.0
577400,"Almonds, Shelled Basis",NO,Norway,2001,2010,10,57,Imports,21,(MT),1600.0
577400,"Almonds, Shelled Basis",NO,Norway,2001,2010,10,28,Production,21,(MT),0.0
577400,"Almonds, Shelled Basis",NO,Norway,2001,2010,10,178,Total Distribution,21,(MT),1600.0
577400,"Almonds, Shelled Basis",NO,Norway,2001,2010,10,86,Total Supply,21,(MT),1600.0
577400,"Almonds, Shelled Basis",NO,Norway,2002,2010,10,20,Beginning Stocks,21,(MT),0.0
577400,"Almonds, Shelled Basis",NO,Norway,2002,2010,10,125,Domestic Consumption,21,(MT),2000.0
577400,"Almonds, Shelled Basis",NO,Norway,2002,2010,10,176,Ending Stocks,21,(MT),0.0
577400,"Almonds, Shelled Basis",NO,Norway,2002,2010,10,88,Exports,21,(MT),0.0
577400,"Almonds, Shelled Basis",NO,Norway,2002,2010,10,57,Imports,21,(MT),2000.0
577400,"Almonds, Shelled Basis",NO,Norway,2002,2010,10,28,Production,21,(MT),0.0
577400,"Almonds, Shelled Basis",NO,Norway,2002,2010,10,178,Total Distribution,21,(MT),2000.0
577400,"Almonds, Shelled Basis",NO,Norway,2002,2010,10,86,Total Supply,21,(MT),2000.0
577400,"Almonds, Shelled Basis",NO,Norway,2003,2010,10,20,Beginning Stocks,21,(MT),0.0
577400,"Almonds, Shelled Basis",NO,Norway,2003,2010,10,125,Domestic Consumption,21,(MT),2100.0
577400,"Almonds, Shelled Basis",NO,Norway,2003,2010,10,176,Ending Stocks,21,(MT),0.0
577400,"Almonds, Shelled Basis",NO,Norway,2003,2010,10,88,Exports,21,(MT),0.0
577400,"Almonds, Shelled Basis",NO,Norway,2003,2010,10,57,Imports,21,(MT),2100.0
577400,"Almonds, Shelled Basis",NO,Norway,2003,2010,10,28,Production,21,(MT),0.0
577400,"Almonds, Shelled Basis",NO,Norway,2003,2010,10,178,Total Distribution,21,(MT),2100.0
577400,"Almonds, Shelled Basis",NO,Norway,2003,2010,10,86,Total Supply,21,(MT),2100.0
577400,"Almonds, Shelled Basis",NO,Norway,2004,2010,10,20,Beginning Stocks,21,(MT),0.0
577400,"Almonds, Shelled Basis",NO,Norway,2004,2010,10,125,Domestic Consumption,21,(MT),2100.0
577400,"Almonds, Shelled Basis",NO,Norway,2004,2010,10,176,Ending Stocks,21,(MT),0.0
577400,"Almonds, Shelled Basis",NO,Norway,2004,2010,10,88,Exports,21,(MT),0.0
577400,"Almonds, Shelled Basis",NO,Norway,2004,2010,10,57,Imports,21,(MT),2100.0
577400,"Almonds, Shelled Basis",NO,Norway,2004,2010,10,28,Production,21,(MT),0.0
577400,"Almonds, Shelled Basis",NO,Norway,2004,2010,10,178,Total Distribution,21,(MT),2100.0
577400,"Almonds, Shelled Basis",NO,Norway,2004,2010,10,86,Total Supply,21,(MT),2100.0
577400,"Almonds, Shelled Basis",NO,Norway,2005,2014,10,20,Beginning Stocks,21,(MT),0.0
577400,"Almonds, Shelled Basis",NO,Norway,2005,2014,10,125,Domestic Consumption,21,(MT),2400.0
577400,"Almonds, Shelled Basis",NO,Norway,2005,2014,10,176,Ending Stocks,21,(MT),0.0
577400,"Almonds, Shelled Basis",NO,Norway,2005,2014,10,88,Exports,21,(MT),0.0
577400,"Almonds, Shelled Basis",NO,Norway,2005,2014,10,57,Imports,21,(MT),2400.0
577400,"Almonds, Shelled Basis",NO,Norway,2005,2014,10,28,Production,21,(MT),0.0
577400,"Almonds, Shelled Basis",NO,Norway,2005,2014,10,178,Total Distribution,21,(MT),2400.0
577400,"Almonds, Shelled Basis",NO,Norway,2005,2014,10,86,Total Supply,21,(MT),2400.0
577400,"Almonds, Shelled Basis",NO,Norway,2006,2010,10,20,Beginning Stocks,21,(MT),0.0
577400,"Almonds, Shelled Basis",NO,Norway,2006,2010,10,125,Domestic Consumption,21,(MT),2100.0
577400,"Almonds, Shelled Basis",NO,Norway,2006,2010,10,176,Ending Stocks,21,(MT),0.0
577400,"Almonds, Shelled Basis",NO,Norway,2006,2010,10,88,Exports,21,(MT),0.0
577400,"Almonds, Shelled Basis",NO,Norway,2006,2010,10,57,Imports,21,(MT),2100.0
577400,"Almonds, Shelled Basis",NO,Norway,2006,2010,10,28,Production,21,(MT),0.0
577400,"Almonds, Shelled Basis",NO,Norway,2006,2010,10,178,Total Distribution,21,(MT),2100.0
577400,"Almonds, Shelled Basis",NO,Norway,2006,2010,10,86,Total Supply,21,(MT),2100.0
577400,"Almonds, Shelled Basis",NO,Norway,2007,2009,8,20,Beginning Stocks,21,(MT),0.0
577400,"Almonds, Shelled Basis",NO,Norway,2007,2009,8,125,Domestic Consumption,21,(MT),2300.0
577400,"Almonds, Shelled Basis",NO,Norway,2007,2009,8,176,Ending Stocks,21,(MT),0.0
577400,"Almonds, Shelled Basis",NO,Norway,2007,2009,8,88,Exports,21,(MT),0.0
577400,"Almonds, Shelled Basis",NO,Norway,2007,2009,8,57,Imports,21,(MT),2300.0
577400,"Almonds, Shelled Basis",NO,Norway,2007,2009,8,28,Production,21,(MT),0.0
577400,"Almonds, Shelled Basis",NO,Norway,2007,2009,8,178,Total Distribution,21,(MT),2300.0
577400,"Almonds, Shelled Basis",NO,Norway,2007,2009,8,86,Total Supply,21,(MT),2300.0
577400,"Almonds, Shelled Basis",NO,Norway,2008,2010,10,20,Beginning Stocks,21,(MT),0.0
577400,"Almonds, Shelled Basis",NO,Norway,2008,2010,10,125,Domestic Consumption,21,(MT),2300.0
577400,"Almonds, Shelled Basis",NO,Norway,2008,2010,10,176,Ending Stocks,21,(MT),0.0
577400,"Almonds, Shelled Basis",NO,Norway,2008,2010,10,88,Exports,21,(MT),0.0
577400,"Almonds, Shelled Basis",NO,Norway,2008,2010,10,57,Imports,21,(MT),2300.0
577400,"Almonds, Shelled Basis",NO,Norway,2008,2010,10,28,Production,21,(MT),0.0
577400,"Almonds, Shelled Basis",NO,Norway,2008,2010,10,178,Total Distribution,21,(MT),2300.0
577400,"Almonds, Shelled Basis",NO,Norway,2008,2010,10,86,Total Supply,21,(MT),2300.0
577400,"Almonds, Shelled Basis",NO,Norway,2009,2014,10,20,Beginning Stocks,21,(MT),0.0
577400,"Almonds, Shelled Basis",NO,Norway,2009,2014,10,125,Domestic Consumption,21,(MT),3000.0
577400,"Almonds, Shelled Basis",NO,Norway,2009,2014,10,176,Ending Stocks,21,(MT),0.0
577400,"Almonds, Shelled Basis",NO,Norway,2009,2014,10,88,Exports,21,(MT),0.0
577400,"Almonds, Shelled Basis",NO,Norway,2009,2014,10,57,Imports,21,(MT),3000.0
577400,"Almonds, Shelled Basis",NO,Norway,2009,2014,10,28,Production,21,(MT),0.0
577400,"Almonds, Shelled Basis",NO,Norway,2009,2014,10,178,Total Distribution,21,(MT),3000.0
577400,"Almonds, Shelled Basis",NO,Norway,2009,2014,10,86,Total Supply,21,(MT),3000.0
577400,"Almonds, Shelled Basis",NO,Norway,2010,2014,10,20,Beginning Stocks,21,(MT),0.0
577400,"Almonds, Shelled Basis",NO,Norway,2010,2014,10,125,Domestic Consumption,21,(MT),2400.0
577400,"Almonds, Shelled Basis",NO,Norway,2010,2014,10,176,Ending Stocks,21,(MT),0.0
577400,"Almonds, Shelled Basis",NO,Norway,2010,2014,10,88,Exports,21,(MT),0.0
577400,"Almonds, Shelled Basis",NO,Norway,2010,2014,10,57,Imports,21,(MT),2400.0
577400,"Almonds, Shelled Basis",NO,Norway,2010,2014,10,28,Production,21,(MT),0.0
577400,"Almonds, Shelled Basis",NO,Norway,2010,2014,10,178,Total Distribution,21,(MT),2400.0
577400,"Almonds, Shelled Basis",NO,Norway,2010,2014,10,86,Total Supply,21,(MT),2400.0
577400,"Almonds, Shelled Basis",NO,Norway,2011,2012,10,20,Beginning Stocks,21,(MT),0.0
577400,"Almonds, Shelled Basis",NO,Norway,2011,2012,10,125,Domestic Consumption,21,(MT),2900.0
577400,"Almonds, Shelled Basis",NO,Norway,2011,2012,10,176,Ending Stocks,21,(MT),0.0
577400,"Almonds, Shelled Basis",NO,Norway,2011,2012,10,88,Exports,21,(MT),0.0
577400,"Almonds, Shelled Basis",NO,Norway,2011,2012,10,57,Imports,21,(MT),2900.0
577400,"Almonds, Shelled Basis",NO,Norway,2011,2012,10,28,Production,21,(MT),0.0
577400,"Almonds, Shelled Basis",NO,Norway,2011,2012,10,178,Total Distribution,21,(MT),2900.0
577400,"Almonds, Shelled Basis",NO,Norway,2011,2012,10,86,Total Supply,21,(MT),2900.0
577400,"Almonds, Shelled Basis",NO,Norway,2012,2014,10,20,Beginning Stocks,21,(MT),0.0
577400,"Almonds, Shelled Basis",NO,Norway,2012,2014,10,125,Domestic Consumption,21,(MT),3100.0
577400,"Almonds, Shelled Basis",NO,Norway,2012,2014,10,176,Ending Stocks,21,(MT),0.0
577400,"Almonds, Shelled Basis",NO,Norway,2012,2014,10,88,Exports,21,(MT),0.0
577400,"Almonds, Shelled Basis",NO,Norway,2012,2014,10,57,Imports,21,(MT),3100.0
577400,"Almonds, Shelled Basis",NO,Norway,2012,2014,10,28,Production,21,(MT),0.0
577400,"Almonds, Shelled Basis",NO,Norway,2012,2014,10,178,Total Distribution,21,(MT),3100.0
577400,"Almonds, Shelled Basis",NO,Norway,2012,2014,10,86,Total Supply,21,(MT),3100.0
577400,"Almonds, Shelled Basis",NO,Norway,2013,2013,10,20,Beginning Stocks,21,(MT),0.0
577400,"Almonds, Shelled Basis",NO,Norway,2013,2013,10,125,Domestic Consumption,21,(MT),3000.0
577400,"Almonds, Shelled Basis",NO,Norway,2013,2013,10,176,Ending Stocks,21,(MT),0.0
577400,"Almonds, Shelled Basis",NO,Norway,2013,2013,10,88,Exports,21,(MT),0.0
577400,"Almonds, Shelled Basis",NO,Norway,2013,2013,10,57,Imports,21,(MT),3000.0
577400,"Almonds, Shelled Basis",NO,Norway,2013,2013,10,28,Production,21,(MT),0.0
577400,"Almonds, Shelled Basis",NO,Norway,2013,2013,10,178,Total Distribution,21,(MT),3000.0
577400,"Almonds, Shelled Basis",NO,Norway,2013,2013,10,86,Total Supply,21,(MT),3000.0
577400,"Almonds, Shelled Basis",NO,Norway,2014,2015,10,20,Beginning Stocks,21,(MT),0.0
577400,"Almonds, Shelled Basis",NO,Norway,2014,2015,10,125,Domestic Consumption,21,(MT),3600.0
577400,"Almonds, Shelled Basis",NO,Norway,2014,2015,10,176,Ending Stocks,21,(MT),0.0
577400,"Almonds, Shelled Basis",NO,Norway,2014,2015,10,88,Exports,21,(MT),0.0
577400,"Almonds, Shelled Basis",NO,Norway,2014,2015,10,57,Imports,21,(MT),3600.0
577400,"Almonds, Shelled Basis",NO,Norway,2014,2015,10,28,Production,21,(MT),0.0
577400,"Almonds, Shelled Basis",NO,Norway,2014,2015,10,178,Total Distribution,21,(MT),3600.0
577400,"Almonds, Shelled Basis",NO,Norway,2014,2015,10,86,Total Supply,21,(MT),3600.0
577400,"Almonds, Shelled Basis",NO,Norway,2015,2016,10,20,Beginning Stocks,21,(MT),0.0
577400,"Almonds, Shelled Basis",NO,Norway,2015,2016,10,125,Domestic Consumption,21,(MT),3400.0
577400,"Almonds, Shelled Basis",NO,Norway,2015,2016,10,176,Ending Stocks,21,(MT),0.0
577400,"Almonds, Shelled Basis",NO,Norway,2015,2016,10,88,Exports,21,(MT),0.0
577400,"Almonds, Shelled Basis",NO,Norway,2015,2016,10,57,Imports,21,(MT),3400.0
577400,"Almonds, Shelled Basis",NO,Norway,2015,2016,10,28,Production,21,(MT),0.0
577400,"Almonds, Shelled Basis",NO,Norway,2015,2016,10,178,Total Distribution,21,(MT),3400.0
577400,"Almonds, Shelled Basis",NO,Norway,2015,2016,10,86,Total Supply,21,(MT),3400.0
577400,"Almonds, Shelled Basis",NO,Norway,2016,2017,10,20,Beginning Stocks,21,(MT),0.0
577400,"Almonds, Shelled Basis",NO,Norway,2016,2017,10,125,Domestic Consumption,21,(MT),2900.0
577400,"Almonds, Shelled Basis",NO,Norway,2016,2017,10,176,Ending Stocks,21,(MT),0.0
577400,"Almonds, Shelled Basis",NO,Norway,2016,2017,10,88,Exports,21,(MT),0.0
577400,"Almonds, Shelled Basis",NO,Norway,2016,2017,10,57,Imports,21,(MT),2900.0
577400,"Almonds, Shelled Basis",NO,Norway,2016,2017,10,28,Production,21,(MT),0.0
577400,"Almonds, Shelled Basis",NO,Norway,2016,2017,10,178,Total Distribution,21,(MT),2900.0
577400,"Almonds, Shelled Basis",NO,Norway,2016,2017,10,86,Total Supply,21,(MT),2900.0
577400,"Almonds, Shelled Basis",NO,Norway,2017,2019,10,20,Beginning Stocks,21,(MT),0.0
577400,"Almonds, Shelled Basis",NO,Norway,2017,2019,10,125,Domestic Consumption,21,(MT),3300.0
577400,"Almonds, Shelled Basis",NO,Norway,2017,2019,10,176,Ending Stocks,21,(MT),0.0
577400,"Almonds, Shelled Basis",NO,Norway,2017,2019,10,88,Exports,21,(MT),0.0
577400,"Almonds, Shelled Basis",NO,Norway,2017,2019,10,57,Imports,21,(MT),3300.0
577400,"Almonds, Shelled Basis",NO,Norway,2017,2019,10,28,Production,21,(MT),0.0
577400,"Almonds, Shelled Basis",NO,Norway,2017,2019,10,178,Total Distribution,21,(MT),3300.0
577400,"Almonds, Shelled Basis",NO,Norway,2017,2019,10,86,Total Supply,21,(MT),3300.0
577400,"Almonds, Shelled Basis",NO,Norway,2018,2020,10,20,Beginning Stocks,21,(MT),0.0
577400,"Almonds, Shelled Basis",NO,Norway,2018,2020,10,125,Domestic Consumption,21,(MT),3200.0
577400,"Almonds, Shelled Basis",NO,Norway,2018,2020,10,176,Ending Stocks,21,(MT),0.0
577400,"Almonds, Shelled Basis",NO,Norway,2018,2020,10,88,Exports,21,(MT),0.0
577400,"Almonds, Shelled Basis",NO,Norway,2018,2020,10,57,Imports,21,(MT),3200.0
577400,"Almonds, Shelled Basis",NO,Norway,2018,2020,10,28,Production,21,(MT),0.0
577400,"Almonds, Shelled Basis",NO,Norway,2018,2020,10,178,Total Distribution,21,(MT),3200.0
577400,"Almonds, Shelled Basis",NO,Norway,2018,2020,10,86,Total Supply,21,(MT),3200.0
577400,"Almonds, Shelled Basis",NO,Norway,2019,2020,10,20,Beginning Stocks,21,(MT),0.0
577400,"Almonds, Shelled Basis",NO,Norway,2019,2020,10,125,Domestic Consumption,21,(MT),3600.0
577400,"Almonds, Shelled Basis",NO,Norway,2019,2020,10,176,Ending Stocks,21,(MT),0.0
577400,"Almonds, Shelled Basis",NO,Norway,2019,2020,10,88,Exports,21,(MT),0.0
577400,"Almonds, Shelled Basis",NO,Norway,2019,2020,10,57,Imports,21,(MT),3600.0
577400,"Almonds, Shelled Basis",NO,Norway,2019,2020,10,28,Production,21,(MT),0.0
577400,"Almonds, Shelled Basis",NO,Norway,2019,2020,10,178,Total Distribution,21,(MT),3600.0
577400,"Almonds, Shelled Basis",NO,Norway,2019,2020,10,86,Total Supply,21,(MT),3600.0
577400,"Almonds, Shelled Basis",NO,Norway,2020,2020,10,20,Beginning Stocks,21,(MT),0.0
577400,"Almonds, Shelled Basis",NO,Norway,2020,2020,10,125,Domestic Consumption,21,(MT),4000.0
577400,"Almonds, Shelled Basis",NO,Norway,2020,2020,10,176,Ending Stocks,21,(MT),0.0
577400,"Almonds, Shelled Basis",NO,Norway,2020,2020,10,88,Exports,21,(MT),0.0
577400,"Almonds, Shelled Basis",NO,Norway,2020,2020,10,57,Imports,21,(MT),4000.0
577400,"Almonds, Shelled Basis",NO,Norway,2020,2020,10,28,Production,21,(MT),0.0
577400,"Almonds, Shelled Basis",NO,Norway,2020,2020,10,178,Total Distribution,21,(MT),4000.0
577400,"Almonds, Shelled Basis",NO,Norway,2020,2020,10,86,Total Supply,21,(MT),4000.0
577400,"Almonds, Shelled Basis",PK,Pakistan,2001,2018,10,20,Beginning Stocks,21,(MT),0.0
577400,"Almonds, Shelled Basis",PK,Pakistan,2001,2018,10,125,Domestic Consumption,21,(MT),0.0
577400,"Almonds, Shelled Basis",PK,Pakistan,2001,2018,10,176,Ending Stocks,21,(MT),0.0
577400,"Almonds, Shelled Basis",PK,Pakistan,2001,2018,10,88,Exports,21,(MT),0.0
577400,"Almonds, Shelled Basis",PK,Pakistan,2001,2018,10,57,Imports,21,(MT),0.0
577400,"Almonds, Shelled Basis",PK,Pakistan,2001,2018,10,28,Production,21,(MT),0.0
577400,"Almonds, Shelled Basis",PK,Pakistan,2001,2018,10,178,Total Distribution,21,(MT),0.0
577400,"Almonds, Shelled Basis",PK,Pakistan,2001,2018,10,86,Total Supply,21,(MT),0.0
577400,"Almonds, Shelled Basis",PK,Pakistan,2002,2018,10,20,Beginning Stocks,21,(MT),0.0
577400,"Almonds, Shelled Basis",PK,Pakistan,2002,2018,10,125,Domestic Consumption,21,(MT),0.0
577400,"Almonds, Shelled Basis",PK,Pakistan,2002,2018,10,176,Ending Stocks,21,(MT),0.0
577400,"Almonds, Shelled Basis",PK,Pakistan,2002,2018,10,88,Exports,21,(MT),0.0
577400,"Almonds, Shelled Basis",PK,Pakistan,2002,2018,10,57,Imports,21,(MT),0.0
577400,"Almonds, Shelled Basis",PK,Pakistan,2002,2018,10,28,Production,21,(MT),0.0
577400,"Almonds, Shelled Basis",PK,Pakistan,2002,2018,10,178,Total Distribution,21,(MT),0.0
577400,"Almonds, Shelled Basis",PK,Pakistan,2002,2018,10,86,Total Supply,21,(MT),0.0
577400,"Almonds, Shelled Basis",PK,Pakistan,2003,2018,10,20,Beginning Stocks,21,(MT),0.0
577400,"Almonds, Shelled Basis",PK,Pakistan,2003,2018,10,125,Domestic Consumption,21,(MT),0.0
577400,"Almonds, Shelled Basis",PK,Pakistan,2003,2018,10,176,Ending Stocks,21,(MT),0.0
577400,"Almonds, Shelled Basis",PK,Pakistan,2003,2018,10,88,Exports,21,(MT),0.0
577400,"Almonds, Shelled Basis",PK,Pakistan,2003,2018,10,57,Imports,21,(MT),0.0
577400,"Almonds, Shelled Basis",PK,Pakistan,2003,2018,10,28,Production,21,(MT),0.0
577400,"Almonds, Shelled Basis",PK,Pakistan,2003,2018,10,178,Total Distribution,21,(MT),0.0
577400,"Almonds, Shelled Basis",PK,Pakistan,2003,2018,10,86,Total Supply,21,(MT),0.0
577400,"Almonds, Shelled Basis",PK,Pakistan,2004,2018,10,20,Beginning Stocks,21,(MT),0.0
577400,"Almonds, Shelled Basis",PK,Pakistan,2004,2018,10,125,Domestic Consumption,21,(MT),0.0
577400,"Almonds, Shelled Basis",PK,Pakistan,2004,2018,10,176,Ending Stocks,21,(MT),0.0
577400,"Almonds, Shelled Basis",PK,Pakistan,2004,2018,10,88,Exports,21,(MT),0.0
577400,"Almonds, Shelled Basis",PK,Pakistan,2004,2018,10,57,Imports,21,(MT),0.0
577400,"Almonds, Shelled Basis",PK,Pakistan,2004,2018,10,28,Production,21,(MT),0.0
577400,"Almonds, Shelled Basis",PK,Pakistan,2004,2018,10,178,Total Distribution,21,(MT),0.0
577400,"Almonds, Shelled Basis",PK,Pakistan,2004,2018,10,86,Total Supply,21,(MT),0.0
577400,"Almonds, Shelled Basis",PK,Pakistan,2005,2018,10,20,Beginning Stocks,21,(MT),0.0
577400,"Almonds, Shelled Basis",PK,Pakistan,2005,2018,10,125,Domestic Consumption,21,(MT),0.0
577400,"Almonds, Shelled Basis",PK,Pakistan,2005,2018,10,176,Ending Stocks,21,(MT),0.0
577400,"Almonds, Shelled Basis",PK,Pakistan,2005,2018,10,88,Exports,21,(MT),0.0
577400,"Almonds, Shelled Basis",PK,Pakistan,2005,2018,10,57,Imports,21,(MT),0.0
577400,"Almonds, Shelled Basis",PK,Pakistan,2005,2018,10,28,Production,21,(MT),0.0
577400,"Almonds, Shelled Basis",PK,Pakistan,2005,2018,10,178,Total Distribution,21,(MT),0.0
577400,"Almonds, Shelled Basis",PK,Pakistan,2005,2018,10,86,Total Supply,21,(MT),0.0
577400,"Almonds, Shelled Basis",PK,Pakistan,2006,2018,10,20,Beginning Stocks,21,(MT),0.0
577400,"Almonds, Shelled Basis",PK,Pakistan,2006,2018,10,125,Domestic Consumption,21,(MT),0.0
577400,"Almonds, Shelled Basis",PK,Pakistan,2006,2018,10,176,Ending Stocks,21,(MT),0.0
577400,"Almonds, Shelled Basis",PK,Pakistan,2006,2018,10,88,Exports,21,(MT),0.0
577400,"Almonds, Shelled Basis",PK,Pakistan,2006,2018,10,57,Imports,21,(MT),0.0
577400,"Almonds, Shelled Basis",PK,Pakistan,2006,2018,10,28,Production,21,(MT),0.0
577400,"Almonds, Shelled Basis",PK,Pakistan,2006,2018,10,178,Total Distribution,21,(MT),0.0
577400,"Almonds, Shelled Basis",PK,Pakistan,2006,2018,10,86,Total Supply,21,(MT),0.0
577400,"Almonds, Shelled Basis",PK,Pakistan,2007,2018,10,20,Beginning Stocks,21,(MT),0.0
577400,"Almonds, Shelled Basis",PK,Pakistan,2007,2018,10,125,Domestic Consumption,21,(MT),1000.0
577400,"Almonds, Shelled Basis",PK,Pakistan,2007,2018,10,176,Ending Stocks,21,(MT),0.0
577400,"Almonds, Shelled Basis",PK,Pakistan,2007,2018,10,88,Exports,21,(MT),0.0
577400,"Almonds, Shelled Basis",PK,Pakistan,2007,2018,10,57,Imports,21,(MT),1000.0
577400,"Almonds, Shelled Basis",PK,Pakistan,2007,2018,10,28,Production,21,(MT),0.0
577400,"Almonds, Shelled Basis",PK,Pakistan,2007,2018,10,178,Total Distribution,21,(MT),1000.0
577400,"Almonds, Shelled Basis",PK,Pakistan,2007,2018,10,86,Total Supply,21,(MT),1000.0
577400,"Almonds, Shelled Basis",PK,Pakistan,2008,2018,10,20,Beginning Stocks,21,(MT),0.0
577400,"Almonds, Shelled Basis",PK,Pakistan,2008,2018,10,125,Domestic Consumption,21,(MT),3000.0
577400,"Almonds, Shelled Basis",PK,Pakistan,2008,2018,10,176,Ending Stocks,21,(MT),0.0
577400,"Almonds, Shelled Basis",PK,Pakistan,2008,2018,10,88,Exports,21,(MT),0.0
577400,"Almonds, Shelled Basis",PK,Pakistan,2008,2018,10,57,Imports,21,(MT),3000.0
577400,"Almonds, Shelled Basis",PK,Pakistan,2008,2018,10,28,Production,21,(MT),0.0
577400,"Almonds, Shelled Basis",PK,Pakistan,2008,2018,10,178,Total Distribution,21,(MT),3000.0
577400,"Almonds, Shelled Basis",PK,Pakistan,2008,2018,10,86,Total Supply,21,(MT),3000.0
577400,"Almonds, Shelled Basis",PK,Pakistan,2009,2018,10,20,Beginning Stocks,21,(MT),0.0
577400,"Almonds, Shelled Basis",PK,Pakistan,2009,2018,10,125,Domestic Consumption,21,(MT),3700.0
577400,"Almonds, Shelled Basis",PK,Pakistan,2009,2018,10,176,Ending Stocks,21,(MT),0.0
577400,"Almonds, Shelled Basis",PK,Pakistan,2009,2018,10,88,Exports,21,(MT),0.0
577400,"Almonds, Shelled Basis",PK,Pakistan,2009,2018,10,57,Imports,21,(MT),3700.0
577400,"Almonds, Shelled Basis",PK,Pakistan,2009,2018,10,28,Production,21,(MT),0.0
577400,"Almonds, Shelled Basis",PK,Pakistan,2009,2018,10,178,Total Distribution,21,(MT),3700.0
577400,"Almonds, Shelled Basis",PK,Pakistan,2009,2018,10,86,Total Supply,21,(MT),3700.0
577400,"Almonds, Shelled Basis",PK,Pakistan,2010,2018,10,20,Beginning Stocks,21,(MT),0.0
577400,"Almonds, Shelled Basis",PK,Pakistan,2010,2018,10,125,Domestic Consumption,21,(MT),4600.0
577400,"Almonds, Shelled Basis",PK,Pakistan,2010,2018,10,176,Ending Stocks,21,(MT),0.0
577400,"Almonds, Shelled Basis",PK,Pakistan,2010,2018,10,88,Exports,21,(MT),0.0
577400,"Almonds, Shelled Basis",PK,Pakistan,2010,2018,10,57,Imports,21,(MT),4600.0
577400,"Almonds, Shelled Basis",PK,Pakistan,2010,2018,10,28,Production,21,(MT),0.0
577400,"Almonds, Shelled Basis",PK,Pakistan,2010,2018,10,178,Total Distribution,21,(MT),4600.0
577400,"Almonds, Shelled Basis",PK,Pakistan,2010,2018,10,86,Total Supply,21,(MT),4600.0
577400,"Almonds, Shelled Basis",PK,Pakistan,2011,2018,10,20,Beginning Stocks,21,(MT),0.0
577400,"Almonds, Shelled Basis",PK,Pakistan,2011,2018,10,125,Domestic Consumption,21,(MT),4800.0
577400,"Almonds, Shelled Basis",PK,Pakistan,2011,2018,10,176,Ending Stocks,21,(MT),0.0
577400,"Almonds, Shelled Basis",PK,Pakistan,2011,2018,10,88,Exports,21,(MT),0.0
577400,"Almonds, Shelled Basis",PK,Pakistan,2011,2018,10,57,Imports,21,(MT),4800.0
577400,"Almonds, Shelled Basis",PK,Pakistan,2011,2018,10,28,Production,21,(MT),0.0
577400,"Almonds, Shelled Basis",PK,Pakistan,2011,2018,10,178,Total Distribution,21,(MT),4800.0
577400,"Almonds, Shelled Basis",PK,Pakistan,2011,2018,10,86,Total Supply,21,(MT),4800.0
577400,"Almonds, Shelled Basis",PK,Pakistan,2012,2018,10,20,Beginning Stocks,21,(MT),0.0
577400,"Almonds, Shelled Basis",PK,Pakistan,2012,2018,10,125,Domestic Consumption,21,(MT),2200.0
577400,"Almonds, Shelled Basis",PK,Pakistan,2012,2018,10,176,Ending Stocks,21,(MT),0.0
577400,"Almonds, Shelled Basis",PK,Pakistan,2012,2018,10,88,Exports,21,(MT),0.0
577400,"Almonds, Shelled Basis",PK,Pakistan,2012,2018,10,57,Imports,21,(MT),2200.0
577400,"Almonds, Shelled Basis",PK,Pakistan,2012,2018,10,28,Production,21,(MT),0.0
577400,"Almonds, Shelled Basis",PK,Pakistan,2012,2018,10,178,Total Distribution,21,(MT),2200.0
577400,"Almonds, Shelled Basis",PK,Pakistan,2012,2018,10,86,Total Supply,21,(MT),2200.0
577400,"Almonds, Shelled Basis",PK,Pakistan,2013,2018,10,20,Beginning Stocks,21,(MT),0.0
577400,"Almonds, Shelled Basis",PK,Pakistan,2013,2018,10,125,Domestic Consumption,21,(MT),1600.0
577400,"Almonds, Shelled Basis",PK,Pakistan,2013,2018,10,176,Ending Stocks,21,(MT),0.0
577400,"Almonds, Shelled Basis",PK,Pakistan,2013,2018,10,88,Exports,21,(MT),0.0
577400,"Almonds, Shelled Basis",PK,Pakistan,2013,2018,10,57,Imports,21,(MT),1600.0
577400,"Almonds, Shelled Basis",PK,Pakistan,2013,2018,10,28,Production,21,(MT),0.0
577400,"Almonds, Shelled Basis",PK,Pakistan,2013,2018,10,178,Total Distribution,21,(MT),1600.0
577400,"Almonds, Shelled Basis",PK,Pakistan,2013,2018,10,86,Total Supply,21,(MT),1600.0
577400,"Almonds, Shelled Basis",PK,Pakistan,2014,2018,10,20,Beginning Stocks,21,(MT),0.0
577400,"Almonds, Shelled Basis",PK,Pakistan,2014,2018,10,125,Domestic Consumption,21,(MT),1400.0
577400,"Almonds, Shelled Basis",PK,Pakistan,2014,2018,10,176,Ending Stocks,21,(MT),0.0
577400,"Almonds, Shelled Basis",PK,Pakistan,2014,2018,10,88,Exports,21,(MT),0.0
577400,"Almonds, Shelled Basis",PK,Pakistan,2014,2018,10,57,Imports,21,(MT),1400.0
577400,"Almonds, Shelled Basis",PK,Pakistan,2014,2018,10,28,Production,21,(MT),0.0
577400,"Almonds, Shelled Basis",PK,Pakistan,2014,2018,10,178,Total Distribution,21,(MT),1400.0
577400,"Almonds, Shelled Basis",PK,Pakistan,2014,2018,10,86,Total Supply,21,(MT),1400.0
577400,"Almonds, Shelled Basis",PK,Pakistan,2015,2018,10,20,Beginning Stocks,21,(MT),0.0
577400,"Almonds, Shelled Basis",PK,Pakistan,2015,2018,10,125,Domestic Consumption,21,(MT),7900.0
577400,"Almonds, Shelled Basis",PK,Pakistan,2015,2018,10,176,Ending Stocks,21,(MT),0.0
577400,"Almonds, Shelled Basis",PK,Pakistan,2015,2018,10,88,Exports,21,(MT),0.0
577400,"Almonds, Shelled Basis",PK,Pakistan,2015,2018,10,57,Imports,21,(MT),7900.0
577400,"Almonds, Shelled Basis",PK,Pakistan,2015,2018,10,28,Production,21,(MT),0.0
577400,"Almonds, Shelled Basis",PK,Pakistan,2015,2018,10,178,Total Distribution,21,(MT),7900.0
577400,"Almonds, Shelled Basis",PK,Pakistan,2015,2018,10,86,Total Supply,21,(MT),7900.0
577400,"Almonds, Shelled Basis",PK,Pakistan,2016,2018,10,20,Beginning Stocks,21,(MT),0.0
577400,"Almonds, Shelled Basis",PK,Pakistan,2016,2018,10,125,Domestic Consumption,21,(MT),11600.0
577400,"Almonds, Shelled Basis",PK,Pakistan,2016,2018,10,176,Ending Stocks,21,(MT),0.0
577400,"Almonds, Shelled Basis",PK,Pakistan,2016,2018,10,88,Exports,21,(MT),0.0
577400,"Almonds, Shelled Basis",PK,Pakistan,2016,2018,10,57,Imports,21,(MT),11600.0
577400,"Almonds, Shelled Basis",PK,Pakistan,2016,2018,10,28,Production,21,(MT),0.0
577400,"Almonds, Shelled Basis",PK,Pakistan,2016,2018,10,178,Total Distribution,21,(MT),11600.0
577400,"Almonds, Shelled Basis",PK,Pakistan,2016,2018,10,86,Total Supply,21,(MT),11600.0
577400,"Almonds, Shelled Basis",PK,Pakistan,2017,2019,10,20,Beginning Stocks,21,(MT),0.0
577400,"Almonds, Shelled Basis",PK,Pakistan,2017,2019,10,125,Domestic Consumption,21,(MT),7000.0
577400,"Almonds, Shelled Basis",PK,Pakistan,2017,2019,10,176,Ending Stocks,21,(MT),0.0
577400,"Almonds, Shelled Basis",PK,Pakistan,2017,2019,10,88,Exports,21,(MT),0.0
577400,"Almonds, Shelled Basis",PK,Pakistan,2017,2019,10,57,Imports,21,(MT),7000.0
577400,"Almonds, Shelled Basis",PK,Pakistan,2017,2019,10,28,Production,21,(MT),0.0
577400,"Almonds, Shelled Basis",PK,Pakistan,2017,2019,10,178,Total Distribution,21,(MT),7000.0
577400,"Almonds, Shelled Basis",PK,Pakistan,2017,2019,10,86,Total Supply,21,(MT),7000.0
577400,"Almonds, Shelled Basis",PK,Pakistan,2018,2020,10,20,Beginning Stocks,21,(MT),0.0
577400,"Almonds, Shelled Basis",PK,Pakistan,2018,2020,10,125,Domestic Consumption,21,(MT),5600.0
577400,"Almonds, Shelled Basis",PK,Pakistan,2018,2020,10,176,Ending Stocks,21,(MT),0.0
577400,"Almonds, Shelled Basis",PK,Pakistan,2018,2020,10,88,Exports,21,(MT),0.0
577400,"Almonds, Shelled Basis",PK,Pakistan,2018,2020,10,57,Imports,21,(MT),5600.0
577400,"Almonds, Shelled Basis",PK,Pakistan,2018,2020,10,28,Production,21,(MT),0.0
577400,"Almonds, Shelled Basis",PK,Pakistan,2018,2020,10,178,Total Distribution,21,(MT),5600.0
577400,"Almonds, Shelled Basis",PK,Pakistan,2018,2020,10,86,Total Supply,21,(MT),5600.0
577400,"Almonds, Shelled Basis",PK,Pakistan,2019,2020,10,20,Beginning Stocks,21,(MT),0.0
577400,"Almonds, Shelled Basis",PK,Pakistan,2019,2020,10,125,Domestic Consumption,21,(MT),5500.0
577400,"Almonds, Shelled Basis",PK,Pakistan,2019,2020,10,176,Ending Stocks,21,(MT),0.0
577400,"Almonds, Shelled Basis",PK,Pakistan,2019,2020,10,88,Exports,21,(MT),0.0
577400,"Almonds, Shelled Basis",PK,Pakistan,2019,2020,10,57,Imports,21,(MT),5500.0
577400,"Almonds, Shelled Basis",PK,Pakistan,2019,2020,10,28,Production,21,(MT),0.0
577400,"Almonds, Shelled Basis",PK,Pakistan,2019,2020,10,178,Total Distribution,21,(MT),5500.0
577400,"Almonds, Shelled Basis",PK,Pakistan,2019,2020,10,86,Total Supply,21,(MT),5500.0
577400,"Almonds, Shelled Basis",PK,Pakistan,2020,2020,10,20,Beginning Stocks,21,(MT),0.0
577400,"Almonds, Shelled Basis",PK,Pakistan,2020,2020,10,125,Domestic Consumption,21,(MT),6000.0
577400,"Almonds, Shelled Basis",PK,Pakistan,2020,2020,10,176,Ending Stocks,21,(MT),0.0
577400,"Almonds, Shelled Basis",PK,Pakistan,2020,2020,10,88,Exports,21,(MT),0.0
577400,"Almonds, Shelled Basis",PK,Pakistan,2020,2020,10,57,Imports,21,(MT),6000.0
577400,"Almonds, Shelled Basis",PK,Pakistan,2020,2020,10,28,Production,21,(MT),0.0
577400,"Almonds, Shelled Basis",PK,Pakistan,2020,2020,10,178,Total Distribution,21,(MT),6000.0
577400,"Almonds, Shelled Basis",PK,Pakistan,2020,2020,10,86,Total Supply,21,(MT),6000.0
577400,"Almonds, Shelled Basis",PO,Portugal,1960,1961,0,20,Beginning Stocks,21,(MT),0.0
577400,"Almonds, Shelled Basis",PO,Portugal,1960,1961,0,125,Domestic Consumption,21,(MT),0.0
577400,"Almonds, Shelled Basis",PO,Portugal,1960,1961,0,176,Ending Stocks,21,(MT),0.0
577400,"Almonds, Shelled Basis",PO,Portugal,1960,1961,0,88,Exports,21,(MT),0.0
577400,"Almonds, Shelled Basis",PO,Portugal,1960,1961,0,57,Imports,21,(MT),0.0
577400,"Almonds, Shelled Basis",PO,Portugal,1960,1961,0,28,Production,21,(MT),1.0
577400,"Almonds, Shelled Basis",PO,Portugal,1960,1961,0,178,Total Distribution,21,(MT),0.0
577400,"Almonds, Shelled Basis",PO,Portugal,1960,1961,0,86,Total Supply,21,(MT),1.0
577400,"Almonds, Shelled Basis",PO,Portugal,1961,1962,0,20,Beginning Stocks,21,(MT),0.0
577400,"Almonds, Shelled Basis",PO,Portugal,1961,1962,0,125,Domestic Consumption,21,(MT),0.0
577400,"Almonds, Shelled Basis",PO,Portugal,1961,1962,0,176,Ending Stocks,21,(MT),0.0
577400,"Almonds, Shelled Basis",PO,Portugal,1961,1962,0,88,Exports,21,(MT),0.0
577400,"Almonds, Shelled Basis",PO,Portugal,1961,1962,0,57,Imports,21,(MT),0.0
577400,"Almonds, Shelled Basis",PO,Portugal,1961,1962,0,28,Production,21,(MT),5.0
577400,"Almonds, Shelled Basis",PO,Portugal,1961,1962,0,178,Total Distribution,21,(MT),0.0
577400,"Almonds, Shelled Basis",PO,Portugal,1961,1962,0,86,Total Supply,21,(MT),5.0
577400,"Almonds, Shelled Basis",PO,Portugal,1962,1963,0,20,Beginning Stocks,21,(MT),0.0
577400,"Almonds, Shelled Basis",PO,Portugal,1962,1963,0,125,Domestic Consumption,21,(MT),0.0
577400,"Almonds, Shelled Basis",PO,Portugal,1962,1963,0,176,Ending Stocks,21,(MT),0.0
577400,"Almonds, Shelled Basis",PO,Portugal,1962,1963,0,88,Exports,21,(MT),0.0
577400,"Almonds, Shelled Basis",PO,Portugal,1962,1963,0,57,Imports,21,(MT),0.0
577400,"Almonds, Shelled Basis",PO,Portugal,1962,1963,0,28,Production,21,(MT),4.0
577400,"Almonds, Shelled Basis",PO,Portugal,1962,1963,0,178,Total Distribution,21,(MT),0.0
577400,"Almonds, Shelled Basis",PO,Portugal,1962,1963,0,86,Total Supply,21,(MT),4.0
577400,"Almonds, Shelled Basis",PO,Portugal,1964,1965,0,20,Beginning Stocks,21,(MT),0.0
577400,"Almonds, Shelled Basis",PO,Portugal,1964,1965,0,125,Domestic Consumption,21,(MT),0.0
577400,"Almonds, Shelled Basis",PO,Portugal,1964,1965,0,176,Ending Stocks,21,(MT),600.0
577400,"Almonds, Shelled Basis",PO,Portugal,1964,1965,0,88,Exports,21,(MT),0.0
577400,"Almonds, Shelled Basis",PO,Portugal,1964,1965,0,57,Imports,21,(MT),0.0
577400,"Almonds, Shelled Basis",PO,Portugal,1964,1965,0,28,Production,21,(MT),600.0
577400,"Almonds, Shelled Basis",PO,Portugal,1964,1965,0,178,Total Distribution,21,(MT),600.0
577400,"Almonds, Shelled Basis",PO,Portugal,1964,1965,0,86,Total Supply,21,(MT),600.0
577400,"Almonds, Shelled Basis",PO,Portugal,1965,1966,0,20,Beginning Stocks,21,(MT),600.0
577400,"Almonds, Shelled Basis",PO,Portugal,1965,1966,0,125,Domestic Consumption,21,(MT),300.0
577400,"Almonds, Shelled Basis",PO,Portugal,1965,1966,0,176,Ending Stocks,21,(MT),1300.0
577400,"Almonds, Shelled Basis",PO,Portugal,1965,1966,0,88,Exports,21,(MT),3000.0
577400,"Almonds, Shelled Basis",PO,Portugal,1965,1966,0,57,Imports,21,(MT),0.0
577400,"Almonds, Shelled Basis",PO,Portugal,1965,1966,0,28,Production,21,(MT),4000.0
577400,"Almonds, Shelled Basis",PO,Portugal,1965,1966,0,178,Total Distribution,21,(MT),4600.0
577400,"Almonds, Shelled Basis",PO,Portugal,1965,1966,0,86,Total Supply,21,(MT),4600.0
577400,"Almonds, Shelled Basis",PO,Portugal,1966,1967,0,20,Beginning Stocks,21,(MT),1300.0
577400,"Almonds, Shelled Basis",PO,Portugal,1966,1967,0,125,Domestic Consumption,21,(MT),300.0
577400,"Almonds, Shelled Basis",PO,Portugal,1966,1967,0,176,Ending Stocks,21,(MT),1300.0
577400,"Almonds, Shelled Basis",PO,Portugal,1966,1967,0,88,Exports,21,(MT),1200.0
577400,"Almonds, Shelled Basis",PO,Portugal,1966,1967,0,57,Imports,21,(MT),0.0
577400,"Almonds, Shelled Basis",PO,Portugal,1966,1967,0,28,Production,21,(MT),1500.0
577400,"Almonds, Shelled Basis",PO,Portugal,1966,1967,0,178,Total Distribution,21,(MT),2800.0
577400,"Almonds, Shelled Basis",PO,Portugal,1966,1967,0,86,Total Supply,21,(MT),2800.0
577400,"Almonds, Shelled Basis",PO,Portugal,1967,1968,0,20,Beginning Stocks,21,(MT),1300.0
577400,"Almonds, Shelled Basis",PO,Portugal,1967,1968,0,125,Domestic Consumption,21,(MT),400.0
577400,"Almonds, Shelled Basis",PO,Portugal,1967,1968,0,176,Ending Stocks,21,(MT),1300.0
577400,"Almonds, Shelled Basis",PO,Portugal,1967,1968,0,88,Exports,21,(MT),5100.0
577400,"Almonds, Shelled Basis",PO,Portugal,1967,1968,0,57,Imports,21,(MT),0.0
577400,"Almonds, Shelled Basis",PO,Portugal,1967,1968,0,28,Production,21,(MT),5500.0
577400,"Almonds, Shelled Basis",PO,Portugal,1967,1968,0,178,Total Distribution,21,(MT),6800.0
577400,"Almonds, Shelled Basis",PO,Portugal,1967,1968,0,86,Total Supply,21,(MT),6800.0
577400,"Almonds, Shelled Basis",PO,Portugal,1968,1969,0,20,Beginning Stocks,21,(MT),1300.0
577400,"Almonds, Shelled Basis",PO,Portugal,1968,1969,0,125,Domestic Consumption,21,(MT),300.0
577400,"Almonds, Shelled Basis",PO,Portugal,1968,1969,0,176,Ending Stocks,21,(MT),1000.0
577400,"Almonds, Shelled Basis",PO,Portugal,1968,1969,0,88,Exports,21,(MT),4500.0
577400,"Almonds, Shelled Basis",PO,Portugal,1968,1969,0,57,Imports,21,(MT),0.0
577400,"Almonds, Shelled Basis",PO,Portugal,1968,1969,0,28,Production,21,(MT),4500.0
577400,"Almonds, Shelled Basis",PO,Portugal,1968,1969,0,178,Total Distribution,21,(MT),5800.0
577400,"Almonds, Shelled Basis",PO,Portugal,1968,1969,0,86,Total Supply,21,(MT),5800.0
577400,"Almonds, Shelled Basis",PO,Portugal,1969,1970,0,20,Beginning Stocks,21,(MT),1000.0
577400,"Almonds, Shelled Basis",PO,Portugal,1969,1970,0,125,Domestic Consumption,21,(MT),300.0
577400,"Almonds, Shelled Basis",PO,Portugal,1969,1970,0,176,Ending Stocks,21,(MT),1200.0
577400,"Almonds, Shelled Basis",PO,Portugal,1969,1970,0,88,Exports,21,(MT),1700.0
577400,"Almonds, Shelled Basis",PO,Portugal,1969,1970,0,57,Imports,21,(MT),0.0
577400,"Almonds, Shelled Basis",PO,Portugal,1969,1970,0,28,Production,21,(MT),2200.0
577400,"Almonds, Shelled Basis",PO,Portugal,1969,1970,0,178,Total Distribution,21,(MT),3200.0
577400,"Almonds, Shelled Basis",PO,Portugal,1969,1970,0,86,Total Supply,21,(MT),3200.0
577400,"Almonds, Shelled Basis",PO,Portugal,1970,1971,0,20,Beginning Stocks,21,(MT),1200.0
577400,"Almonds, Shelled Basis",PO,Portugal,1970,1971,0,125,Domestic Consumption,21,(MT),300.0
577400,"Almonds, Shelled Basis",PO,Portugal,1970,1971,0,176,Ending Stocks,21,(MT),1600.0
577400,"Almonds, Shelled Basis",PO,Portugal,1970,1971,0,88,Exports,21,(MT),5000.0
577400,"Almonds, Shelled Basis",PO,Portugal,1970,1971,0,57,Imports,21,(MT),0.0
577400,"Almonds, Shelled Basis",PO,Portugal,1970,1971,0,28,Production,21,(MT),5700.0
577400,"Almonds, Shelled Basis",PO,Portugal,1970,1971,0,178,Total Distribution,21,(MT),6900.0
577400,"Almonds, Shelled Basis",PO,Portugal,1970,1971,0,86,Total Supply,21,(MT),6900.0
577400,"Almonds, Shelled Basis",PO,Portugal,1971,1972,0,20,Beginning Stocks,21,(MT),1600.0
577400,"Almonds, Shelled Basis",PO,Portugal,1971,1972,0,125,Domestic Consumption,21,(MT),500.0
577400,"Almonds, Shelled Basis",PO,Portugal,1971,1972,0,176,Ending Stocks,21,(MT),2400.0
577400,"Almonds, Shelled Basis",PO,Portugal,1971,1972,0,88,Exports,21,(MT),5200.0
577400,"Almonds, Shelled Basis",PO,Portugal,1971,1972,0,57,Imports,21,(MT),0.0
577400,"Almonds, Shelled Basis",PO,Portugal,1971,1972,0,28,Production,21,(MT),6500.0
577400,"Almonds, Shelled Basis",PO,Portugal,1971,1972,0,178,Total Distribution,21,(MT),8100.0
577400,"Almonds, Shelled Basis",PO,Portugal,1971,1972,0,86,Total Supply,21,(MT),8100.0
577400,"Almonds, Shelled Basis",PO,Portugal,1972,1973,0,20,Beginning Stocks,21,(MT),2400.0
577400,"Almonds, Shelled Basis",PO,Portugal,1972,1973,0,125,Domestic Consumption,21,(MT),800.0
577400,"Almonds, Shelled Basis",PO,Portugal,1972,1973,0,176,Ending Stocks,21,(MT),2600.0
577400,"Almonds, Shelled Basis",PO,Portugal,1972,1973,0,88,Exports,21,(MT),5300.0
577400,"Almonds, Shelled Basis",PO,Portugal,1972,1973,0,57,Imports,21,(MT),0.0
577400,"Almonds, Shelled Basis",PO,Portugal,1972,1973,0,28,Production,21,(MT),6300.0
577400,"Almonds, Shelled Basis",PO,Portugal,1972,1973,0,178,Total Distribution,21,(MT),8700.0
577400,"Almonds, Shelled Basis",PO,Portugal,1972,1973,0,86,Total Supply,21,(MT),8700.0
577400,"Almonds, Shelled Basis",PO,Portugal,1973,1974,0,20,Beginning Stocks,21,(MT),2600.0
577400,"Almonds, Shelled Basis",PO,Portugal,1973,1974,0,125,Domestic Consumption,21,(MT),2186.0
577400,"Almonds, Shelled Basis",PO,Portugal,1973,1974,0,176,Ending Stocks,21,(MT),1814.0
577400,"Almonds, Shelled Basis",PO,Portugal,1973,1974,0,88,Exports,21,(MT),6600.0
577400,"Almonds, Shelled Basis",PO,Portugal,1973,1974,0,57,Imports,21,(MT),0.0
577400,"Almonds, Shelled Basis",PO,Portugal,1973,1974,0,28,Production,21,(MT),8000.0
577400,"Almonds, Shelled Basis",PO,Portugal,1973,1974,0,178,Total Distribution,21,(MT),10600.0
577400,"Almonds, Shelled Basis",PO,Portugal,1973,1974,0,86,Total Supply,21,(MT),10600.0
577400,"Almonds, Shelled Basis",PO,Portugal,1974,1975,0,20,Beginning Stocks,21,(MT),1814.0
577400,"Almonds, Shelled Basis",PO,Portugal,1974,1975,0,125,Domestic Consumption,21,(MT),1200.0
577400,"Almonds, Shelled Basis",PO,Portugal,1974,1975,0,176,Ending Stocks,21,(MT),2461.0
577400,"Almonds, Shelled Basis",PO,Portugal,1974,1975,0,88,Exports,21,(MT),3153.0
577400,"Almonds, Shelled Basis",PO,Portugal,1974,1975,0,57,Imports,21,(MT),0.0
577400,"Almonds, Shelled Basis",PO,Portugal,1974,1975,0,28,Production,21,(MT),5000.0
577400,"Almonds, Shelled Basis",PO,Portugal,1974,1975,0,178,Total Distribution,21,(MT),6814.0
577400,"Almonds, Shelled Basis",PO,Portugal,1974,1975,0,86,Total Supply,21,(MT),6814.0
577400,"Almonds, Shelled Basis",PO,Portugal,1975,1976,0,20,Beginning Stocks,21,(MT),2461.0
577400,"Almonds, Shelled Basis",PO,Portugal,1975,1976,0,125,Domestic Consumption,21,(MT),1200.0
577400,"Almonds, Shelled Basis",PO,Portugal,1975,1976,0,176,Ending Stocks,21,(MT),2962.0
577400,"Almonds, Shelled Basis",PO,Portugal,1975,1976,0,88,Exports,21,(MT),1799.0
577400,"Almonds, Shelled Basis",PO,Portugal,1975,1976,0,57,Imports,21,(MT),0.0
577400,"Almonds, Shelled Basis",PO,Portugal,1975,1976,0,28,Production,21,(MT),3500.0
577400,"Almonds, Shelled Basis",PO,Portugal,1975,1976,0,178,Total Distribution,21,(MT),5961.0
577400,"Almonds, Shelled Basis",PO,Portugal,1975,1976,0,86,Total Supply,21,(MT),5961.0
577400,"Almonds, Shelled Basis",PO,Portugal,1976,1977,0,20,Beginning Stocks,21,(MT),2962.0
577400,"Almonds, Shelled Basis",PO,Portugal,1976,1977,0,125,Domestic Consumption,21,(MT),1500.0
577400,"Almonds, Shelled Basis",PO,Portugal,1976,1977,0,176,Ending Stocks,21,(MT),4500.0
577400,"Almonds, Shelled Basis",PO,Portugal,1976,1977,0,88,Exports,21,(MT),2162.0
577400,"Almonds, Shelled Basis",PO,Portugal,1976,1977,0,57,Imports,21,(MT),0.0
577400,"Almonds, Shelled Basis",PO,Portugal,1976,1977,0,28,Production,21,(MT),5200.0
577400,"Almonds, Shelled Basis",PO,Portugal,1976,1977,0,178,Total Distribution,21,(MT),8162.0
577400,"Almonds, Shelled Basis",PO,Portugal,1976,1977,0,86,Total Supply,21,(MT),8162.0
577400,"Almonds, Shelled Basis",PO,Portugal,1977,1978,0,20,Beginning Stocks,21,(MT),3638.0
577400,"Almonds, Shelled Basis",PO,Portugal,1977,1978,0,125,Domestic Consumption,21,(MT),1355.0
577400,"Almonds, Shelled Basis",PO,Portugal,1977,1978,0,176,Ending Stocks,21,(MT),1562.0
577400,"Almonds, Shelled Basis",PO,Portugal,1977,1978,0,88,Exports,21,(MT),2281.0
577400,"Almonds, Shelled Basis",PO,Portugal,1977,1978,0,57,Imports,21,(MT),0.0
577400,"Almonds, Shelled Basis",PO,Portugal,1977,1978,0,28,Production,21,(MT),1560.0
577400,"Almonds, Shelled Basis",PO,Portugal,1977,1978,0,178,Total Distribution,21,(MT),5198.0
577400,"Almonds, Shelled Basis",PO,Portugal,1977,1978,0,86,Total Supply,21,(MT),5198.0
577400,"Almonds, Shelled Basis",PO,Portugal,1978,1979,0,20,Beginning Stocks,21,(MT),1562.0
577400,"Almonds, Shelled Basis",PO,Portugal,1978,1979,0,125,Domestic Consumption,21,(MT),1400.0
577400,"Almonds, Shelled Basis",PO,Portugal,1978,1979,0,176,Ending Stocks,21,(MT),1962.0
577400,"Almonds, Shelled Basis",PO,Portugal,1978,1979,0,88,Exports,21,(MT),1200.0
577400,"Almonds, Shelled Basis",PO,Portugal,1978,1979,0,57,Imports,21,(MT),0.0
577400,"Almonds, Shelled Basis",PO,Portugal,1978,1979,0,28,Production,21,(MT),3000.0
577400,"Almonds, Shelled Basis",PO,Portugal,1978,1979,0,178,Total Distribution,21,(MT),4562.0
577400,"Almonds, Shelled Basis",PO,Portugal,1978,1979,0,86,Total Supply,21,(MT),4562.0
577400,"Almonds, Shelled Basis",PO,Portugal,1979,1980,0,20,Beginning Stocks,21,(MT),1962.0
577400,"Almonds, Shelled Basis",PO,Portugal,1979,1980,0,125,Domestic Consumption,21,(MT),1400.0
577400,"Almonds, Shelled Basis",PO,Portugal,1979,1980,0,176,Ending Stocks,21,(MT),1162.0
577400,"Almonds, Shelled Basis",PO,Portugal,1979,1980,0,88,Exports,21,(MT),1500.0
577400,"Almonds, Shelled Basis",PO,Portugal,1979,1980,0,57,Imports,21,(MT),0.0
577400,"Almonds, Shelled Basis",PO,Portugal,1979,1980,0,28,Production,21,(MT),2100.0
577400,"Almonds, Shelled Basis",PO,Portugal,1979,1980,0,178,Total Distribution,21,(MT),4062.0
577400,"Almonds, Shelled Basis",PO,Portugal,1979,1980,0,86,Total Supply,21,(MT),4062.0
577400,"Almonds, Shelled Basis",PO,Portugal,1980,1981,0,20,Beginning Stocks,21,(MT),1162.0
577400,"Almonds, Shelled Basis",PO,Portugal,1980,1981,0,125,Domestic Consumption,21,(MT),1800.0
577400,"Almonds, Shelled Basis",PO,Portugal,1980,1981,0,176,Ending Stocks,21,(MT),2706.0
577400,"Almonds, Shelled Basis",PO,Portugal,1980,1981,0,88,Exports,21,(MT),1656.0
577400,"Almonds, Shelled Basis",PO,Portugal,1980,1981,0,57,Imports,21,(MT),0.0
577400,"Almonds, Shelled Basis",PO,Portugal,1980,1981,0,28,Production,21,(MT),5000.0
577400,"Almonds, Shelled Basis",PO,Portugal,1980,1981,0,178,Total Distribution,21,(MT),6162.0
577400,"Almonds, Shelled Basis",PO,Portugal,1980,1981,0,86,Total Supply,21,(MT),6162.0
577400,"Almonds, Shelled Basis",PO,Portugal,1981,1982,0,20,Beginning Stocks,21,(MT),2706.0
577400,"Almonds, Shelled Basis",PO,Portugal,1981,1982,0,125,Domestic Consumption,21,(MT),6206.0
577400,"Almonds, Shelled Basis",PO,Portugal,1981,1982,0,176,Ending Stocks,21,(MT),0.0
577400,"Almonds, Shelled Basis",PO,Portugal,1981,1982,0,88,Exports,21,(MT),0.0
577400,"Almonds, Shelled Basis",PO,Portugal,1981,1982,0,57,Imports,21,(MT),0.0
577400,"Almonds, Shelled Basis",PO,Portugal,1981,1982,0,28,Production,21,(MT),3500.0
577400,"Almonds, Shelled Basis",PO,Portugal,1981,1982,0,178,Total Distribution,21,(MT),6206.0
577400,"Almonds, Shelled Basis",PO,Portugal,1981,1982,0,86,Total Supply,21,(MT),6206.0
577400,"Almonds, Shelled Basis",PO,Portugal,1982,1983,0,20,Beginning Stocks,21,(MT),2919.0
577400,"Almonds, Shelled Basis",PO,Portugal,1982,1983,0,125,Domestic Consumption,21,(MT),1800.0
577400,"Almonds, Shelled Basis",PO,Portugal,1982,1983,0,176,Ending Stocks,21,(MT),4031.0
577400,"Almonds, Shelled Basis",PO,Portugal,1982,1983,0,88,Exports,21,(MT),1291.0
577400,"Almonds, Shelled Basis",PO,Portugal,1982,1983,0,57,Imports,21,(MT),3.0
577400,"Almonds, Shelled Basis",PO,Portugal,1982,1983,0,28,Production,21,(MT),4200.0
577400,"Almonds, Shelled Basis",PO,Portugal,1982,1983,0,178,Total Distribution,21,(MT),7122.0
577400,"Almonds, Shelled Basis",PO,Portugal,1982,1983,0,86,Total Supply,21,(MT),7122.0
577400,"Almonds, Shelled Basis",PO,Portugal,1983,1984,0,20,Beginning Stocks,21,(MT),4031.0
577400,"Almonds, Shelled Basis",PO,Portugal,1983,1984,0,125,Domestic Consumption,21,(MT),1800.0
577400,"Almonds, Shelled Basis",PO,Portugal,1983,1984,0,176,Ending Stocks,21,(MT),2374.0
577400,"Almonds, Shelled Basis",PO,Portugal,1983,1984,0,88,Exports,21,(MT),3357.0
577400,"Almonds, Shelled Basis",PO,Portugal,1983,1984,0,57,Imports,21,(MT),0.0
577400,"Almonds, Shelled Basis",PO,Portugal,1983,1984,0,28,Production,21,(MT),3500.0
577400,"Almonds, Shelled Basis",PO,Portugal,1983,1984,0,178,Total Distribution,21,(MT),7531.0
577400,"Almonds, Shelled Basis",PO,Portugal,1983,1984,0,86,Total Supply,21,(MT),7531.0
577400,"Almonds, Shelled Basis",PO,Portugal,1984,1985,0,20,Beginning Stocks,21,(MT),2374.0
577400,"Almonds, Shelled Basis",PO,Portugal,1984,1985,0,125,Domestic Consumption,21,(MT),1800.0
577400,"Almonds, Shelled Basis",PO,Portugal,1984,1985,0,176,Ending Stocks,21,(MT),670.0
577400,"Almonds, Shelled Basis",PO,Portugal,1984,1985,0,88,Exports,21,(MT),3902.0
577400,"Almonds, Shelled Basis",PO,Portugal,1984,1985,0,57,Imports,21,(MT),0.0
577400,"Almonds, Shelled Basis",PO,Portugal,1984,1985,0,28,Production,21,(MT),3998.0
577400,"Almonds, Shelled Basis",PO,Portugal,1984,1985,0,178,Total Distribution,21,(MT),6372.0
577400,"Almonds, Shelled Basis",PO,Portugal,1984,1985,0,86,Total Supply,21,(MT),6372.0
577400,"Almonds, Shelled Basis",PO,Portugal,1985,1986,0,20,Beginning Stocks,21,(MT),670.0
577400,"Almonds, Shelled Basis",PO,Portugal,1985,1986,0,125,Domestic Consumption,21,(MT),1890.0
577400,"Almonds, Shelled Basis",PO,Portugal,1985,1986,0,176,Ending Stocks,21,(MT),256.0
577400,"Almonds, Shelled Basis",PO,Portugal,1985,1986,0,88,Exports,21,(MT),1074.0
577400,"Almonds, Shelled Basis",PO,Portugal,1985,1986,0,57,Imports,21,(MT),0.0
577400,"Almonds, Shelled Basis",PO,Portugal,1985,1986,0,28,Production,21,(MT),2550.0
577400,"Almonds, Shelled Basis",PO,Portugal,1985,1986,0,178,Total Distribution,21,(MT),3220.0
577400,"Almonds, Shelled Basis",PO,Portugal,1985,1986,0,86,Total Supply,21,(MT),3220.0
577400,"Almonds, Shelled Basis",PO,Portugal,1986,1987,0,20,Beginning Stocks,21,(MT),256.0
577400,"Almonds, Shelled Basis",PO,Portugal,1986,1987,0,125,Domestic Consumption,21,(MT),1940.0
577400,"Almonds, Shelled Basis",PO,Portugal,1986,1987,0,176,Ending Stocks,21,(MT),195.0
577400,"Almonds, Shelled Basis",PO,Portugal,1986,1987,0,88,Exports,21,(MT),1334.0
577400,"Almonds, Shelled Basis",PO,Portugal,1986,1987,0,57,Imports,21,(MT),13.0
577400,"Almonds, Shelled Basis",PO,Portugal,1986,1987,0,28,Production,21,(MT),3200.0
577400,"Almonds, Shelled Basis",PO,Portugal,1986,1987,0,178,Total Distribution,21,(MT),3469.0
577400,"Almonds, Shelled Basis",PO,Portugal,1986,1987,0,86,Total Supply,21,(MT),3469.0
577400,"Almonds, Shelled Basis",PO,Portugal,1987,1988,0,20,Beginning Stocks,21,(MT),195.0
577400,"Almonds, Shelled Basis",PO,Portugal,1987,1988,0,125,Domestic Consumption,21,(MT),2028.0
577400,"Almonds, Shelled Basis",PO,Portugal,1987,1988,0,176,Ending Stocks,21,(MT),995.0
577400,"Almonds, Shelled Basis",PO,Portugal,1987,1988,0,88,Exports,21,(MT),534.0
577400,"Almonds, Shelled Basis",PO,Portugal,1987,1988,0,57,Imports,21,(MT),662.0
577400,"Almonds, Shelled Basis",PO,Portugal,1987,1988,0,28,Production,21,(MT),2700.0
577400,"Almonds, Shelled Basis",PO,Portugal,1987,1988,0,178,Total Distribution,21,(MT),3557.0
577400,"Almonds, Shelled Basis",PO,Portugal,1987,1988,0,86,Total Supply,21,(MT),3557.0
577400,"Almonds, Shelled Basis",PO,Portugal,1988,1989,0,20,Beginning Stocks,21,(MT),995.0
577400,"Almonds, Shelled Basis",PO,Portugal,1988,1989,0,125,Domestic Consumption,21,(MT),2000.0
577400,"Almonds, Shelled Basis",PO,Portugal,1988,1989,0,176,Ending Stocks,21,(MT),168.0
577400,"Almonds, Shelled Basis",PO,Portugal,1988,1989,0,88,Exports,21,(MT),417.0
577400,"Almonds, Shelled Basis",PO,Portugal,1988,1989,0,57,Imports,21,(MT),690.0
577400,"Almonds, Shelled Basis",PO,Portugal,1988,1989,0,28,Production,21,(MT),900.0
577400,"Almonds, Shelled Basis",PO,Portugal,1988,1989,0,178,Total Distribution,21,(MT),2585.0
577400,"Almonds, Shelled Basis",PO,Portugal,1988,1989,0,86,Total Supply,21,(MT),2585.0
577400,"Almonds, Shelled Basis",PO,Portugal,1989,1990,0,20,Beginning Stocks,21,(MT),168.0
577400,"Almonds, Shelled Basis",PO,Portugal,1989,1990,0,125,Domestic Consumption,21,(MT),2300.0
577400,"Almonds, Shelled Basis",PO,Portugal,1989,1990,0,176,Ending Stocks,21,(MT),458.0
577400,"Almonds, Shelled Basis",PO,Portugal,1989,1990,0,88,Exports,21,(MT),1116.0
577400,"Almonds, Shelled Basis",PO,Portugal,1989,1990,0,57,Imports,21,(MT),206.0
577400,"Almonds, Shelled Basis",PO,Portugal,1989,1990,0,28,Production,21,(MT),3500.0
577400,"Almonds, Shelled Basis",PO,Portugal,1989,1990,0,178,Total Distribution,21,(MT),3874.0
577400,"Almonds, Shelled Basis",PO,Portugal,1989,1990,0,86,Total Supply,21,(MT),3874.0
577400,"Almonds, Shelled Basis",PO,Portugal,1990,1991,0,20,Beginning Stocks,21,(MT),458.0
577400,"Almonds, Shelled Basis",PO,Portugal,1990,1991,0,125,Domestic Consumption,21,(MT),2550.0
577400,"Almonds, Shelled Basis",PO,Portugal,1990,1991,0,176,Ending Stocks,21,(MT),627.0
577400,"Almonds, Shelled Basis",PO,Portugal,1990,1991,0,88,Exports,21,(MT),1089.0
577400,"Almonds, Shelled Basis",PO,Portugal,1990,1991,0,57,Imports,21,(MT),808.0
577400,"Almonds, Shelled Basis",PO,Portugal,1990,1991,0,28,Production,21,(MT),3000.0
577400,"Almonds, Shelled Basis",PO,Portugal,1990,1991,0,178,Total Distribution,21,(MT),4266.0
577400,"Almonds, Shelled Basis",PO,Portugal,1990,1991,0,86,Total Supply,21,(MT),4266.0
577400,"Almonds, Shelled Basis",PO,Portugal,1991,1992,0,20,Beginning Stocks,21,(MT),627.0
577400,"Almonds, Shelled Basis",PO,Portugal,1991,1992,0,125,Domestic Consumption,21,(MT),2650.0
577400,"Almonds, Shelled Basis",PO,Portugal,1991,1992,0,176,Ending Stocks,21,(MT),530.0
577400,"Almonds, Shelled Basis",PO,Portugal,1991,1992,0,88,Exports,21,(MT),1472.0
577400,"Almonds, Shelled Basis",PO,Portugal,1991,1992,0,57,Imports,21,(MT),525.0
577400,"Almonds, Shelled Basis",PO,Portugal,1991,1992,0,28,Production,21,(MT),3500.0
577400,"Almonds, Shelled Basis",PO,Portugal,1991,1992,0,178,Total Distribution,21,(MT),4652.0
577400,"Almonds, Shelled Basis",PO,Portugal,1991,1992,0,86,Total Supply,21,(MT),4652.0
577400,"Almonds, Shelled Basis",PO,Portugal,1992,1993,0,20,Beginning Stocks,21,(MT),530.0
577400,"Almonds, Shelled Basis",PO,Portugal,1992,1993,0,125,Domestic Consumption,21,(MT),2750.0
577400,"Almonds, Shelled Basis",PO,Portugal,1992,1993,0,176,Ending Stocks,21,(MT),480.0
577400,"Almonds, Shelled Basis",PO,Portugal,1992,1993,0,88,Exports,21,(MT),1500.0
577400,"Almonds, Shelled Basis",PO,Portugal,1992,1993,0,57,Imports,21,(MT),800.0
577400,"Almonds, Shelled Basis",PO,Portugal,1992,1993,0,28,Production,21,(MT),3400.0
577400,"Almonds, Shelled Basis",PO,Portugal,1992,1993,0,178,Total Distribution,21,(MT),4730.0
577400,"Almonds, Shelled Basis",PO,Portugal,1992,1993,0,86,Total Supply,21,(MT),4730.0
577400,"Almonds, Shelled Basis",RS,Russia,2001,2010,10,20,Beginning Stocks,21,(MT),0.0
577400,"Almonds, Shelled Basis",RS,Russia,2001,2010,10,125,Domestic Consumption,21,(MT),3500.0
577400,"Almonds, Shelled Basis",RS,Russia,2001,2010,10,176,Ending Stocks,21,(MT),0.0
577400,"Almonds, Shelled Basis",RS,Russia,2001,2010,10,88,Exports,21,(MT),0.0
577400,"Almonds, Shelled Basis",RS,Russia,2001,2010,10,57,Imports,21,(MT),3500.0
577400,"Almonds, Shelled Basis",RS,Russia,2001,2010,10,28,Production,21,(MT),0.0
577400,"Almonds, Shelled Basis",RS,Russia,2001,2010,10,178,Total Distribution,21,(MT),3500.0
577400,"Almonds, Shelled Basis",RS,Russia,2001,2010,10,86,Total Supply,21,(MT),3500.0
577400,"Almonds, Shelled Basis",RS,Russia,2002,2014,10,20,Beginning Stocks,21,(MT),0.0
577400,"Almonds, Shelled Basis",RS,Russia,2002,2014,10,125,Domestic Consumption,21,(MT),3500.0
577400,"Almonds, Shelled Basis",RS,Russia,2002,2014,10,176,Ending Stocks,21,(MT),0.0
577400,"Almonds, Shelled Basis",RS,Russia,2002,2014,10,88,Exports,21,(MT),0.0
577400,"Almonds, Shelled Basis",RS,Russia,2002,2014,10,57,Imports,21,(MT),3500.0
577400,"Almonds, Shelled Basis",RS,Russia,2002,2014,10,28,Production,21,(MT),0.0
577400,"Almonds, Shelled Basis",RS,Russia,2002,2014,10,178,Total Distribution,21,(MT),3500.0
577400,"Almonds, Shelled Basis",RS,Russia,2002,2014,10,86,Total Supply,21,(MT),3500.0
577400,"Almonds, Shelled Basis",RS,Russia,2003,2014,10,20,Beginning Stocks,21,(MT),0.0
577400,"Almonds, Shelled Basis",RS,Russia,2003,2014,10,125,Domestic Consumption,21,(MT),6100.0
577400,"Almonds, Shelled Basis",RS,Russia,2003,2014,10,176,Ending Stocks,21,(MT),0.0
577400,"Almonds, Shelled Basis",RS,Russia,2003,2014,10,88,Exports,21,(MT),0.0
577400,"Almonds, Shelled Basis",RS,Russia,2003,2014,10,57,Imports,21,(MT),6100.0
577400,"Almonds, Shelled Basis",RS,Russia,2003,2014,10,28,Production,21,(MT),0.0
577400,"Almonds, Shelled Basis",RS,Russia,2003,2014,10,178,Total Distribution,21,(MT),6100.0
577400,"Almonds, Shelled Basis",RS,Russia,2003,2014,10,86,Total Supply,21,(MT),6100.0
577400,"Almonds, Shelled Basis",RS,Russia,2004,2014,10,20,Beginning Stocks,21,(MT),0.0
577400,"Almonds, Shelled Basis",RS,Russia,2004,2014,10,125,Domestic Consumption,21,(MT),6600.0
577400,"Almonds, Shelled Basis",RS,Russia,2004,2014,10,176,Ending Stocks,21,(MT),0.0
577400,"Almonds, Shelled Basis",RS,Russia,2004,2014,10,88,Exports,21,(MT),0.0
577400,"Almonds, Shelled Basis",RS,Russia,2004,2014,10,57,Imports,21,(MT),6600.0
577400,"Almonds, Shelled Basis",RS,Russia,2004,2014,10,28,Production,21,(MT),0.0
577400,"Almonds, Shelled Basis",RS,Russia,2004,2014,10,178,Total Distribution,21,(MT),6600.0
577400,"Almonds, Shelled Basis",RS,Russia,2004,2014,10,86,Total Supply,21,(MT),6600.0
577400,"Almonds, Shelled Basis",RS,Russia,2005,2014,10,20,Beginning Stocks,21,(MT),0.0
577400,"Almonds, Shelled Basis",RS,Russia,2005,2014,10,125,Domestic Consumption,21,(MT),6300.0
577400,"Almonds, Shelled Basis",RS,Russia,2005,2014,10,176,Ending Stocks,21,(MT),0.0
577400,"Almonds, Shelled Basis",RS,Russia,2005,2014,10,88,Exports,21,(MT),0.0
577400,"Almonds, Shelled Basis",RS,Russia,2005,2014,10,57,Imports,21,(MT),6300.0
577400,"Almonds, Shelled Basis",RS,Russia,2005,2014,10,28,Production,21,(MT),0.0
577400,"Almonds, Shelled Basis",RS,Russia,2005,2014,10,178,Total Distribution,21,(MT),6300.0
577400,"Almonds, Shelled Basis",RS,Russia,2005,2014,10,86,Total Supply,21,(MT),6300.0
577400,"Almonds, Shelled Basis",RS,Russia,2006,2014,10,20,Beginning Stocks,21,(MT),0.0
577400,"Almonds, Shelled Basis",RS,Russia,2006,2014,10,125,Domestic Consumption,21,(MT),8200.0
577400,"Almonds, Shelled Basis",RS,Russia,2006,2014,10,176,Ending Stocks,21,(MT),0.0
577400,"Almonds, Shelled Basis",RS,Russia,2006,2014,10,88,Exports,21,(MT),0.0
577400,"Almonds, Shelled Basis",RS,Russia,2006,2014,10,57,Imports,21,(MT),8200.0
577400,"Almonds, Shelled Basis",RS,Russia,2006,2014,10,28,Production,21,(MT),0.0
577400,"Almonds, Shelled Basis",RS,Russia,2006,2014,10,178,Total Distribution,21,(MT),8200.0
577400,"Almonds, Shelled Basis",RS,Russia,2006,2014,10,86,Total Supply,21,(MT),8200.0
577400,"Almonds, Shelled Basis",RS,Russia,2007,2014,10,20,Beginning Stocks,21,(MT),0.0
577400,"Almonds, Shelled Basis",RS,Russia,2007,2014,10,125,Domestic Consumption,21,(MT),8600.0
577400,"Almonds, Shelled Basis",RS,Russia,2007,2014,10,176,Ending Stocks,21,(MT),0.0
577400,"Almonds, Shelled Basis",RS,Russia,2007,2014,10,88,Exports,21,(MT),0.0
577400,"Almonds, Shelled Basis",RS,Russia,2007,2014,10,57,Imports,21,(MT),8600.0
577400,"Almonds, Shelled Basis",RS,Russia,2007,2014,10,28,Production,21,(MT),0.0
577400,"Almonds, Shelled Basis",RS,Russia,2007,2014,10,178,Total Distribution,21,(MT),8600.0
577400,"Almonds, Shelled Basis",RS,Russia,2007,2014,10,86,Total Supply,21,(MT),8600.0
577400,"Almonds, Shelled Basis",RS,Russia,2008,2014,10,20,Beginning Stocks,21,(MT),0.0
577400,"Almonds, Shelled Basis",RS,Russia,2008,2014,10,125,Domestic Consumption,21,(MT),9700.0
577400,"Almonds, Shelled Basis",RS,Russia,2008,2014,10,176,Ending Stocks,21,(MT),0.0
577400,"Almonds, Shelled Basis",RS,Russia,2008,2014,10,88,Exports,21,(MT),0.0
577400,"Almonds, Shelled Basis",RS,Russia,2008,2014,10,57,Imports,21,(MT),9700.0
577400,"Almonds, Shelled Basis",RS,Russia,2008,2014,10,28,Production,21,(MT),0.0
577400,"Almonds, Shelled Basis",RS,Russia,2008,2014,10,178,Total Distribution,21,(MT),9700.0
577400,"Almonds, Shelled Basis",RS,Russia,2008,2014,10,86,Total Supply,21,(MT),9700.0
577400,"Almonds, Shelled Basis",RS,Russia,2009,2014,10,20,Beginning Stocks,21,(MT),0.0
577400,"Almonds, Shelled Basis",RS,Russia,2009,2014,10,125,Domestic Consumption,21,(MT),12000.0
577400,"Almonds, Shelled Basis",RS,Russia,2009,2014,10,176,Ending Stocks,21,(MT),0.0
577400,"Almonds, Shelled Basis",RS,Russia,2009,2014,10,88,Exports,21,(MT),0.0
577400,"Almonds, Shelled Basis",RS,Russia,2009,2014,10,57,Imports,21,(MT),12000.0
577400,"Almonds, Shelled Basis",RS,Russia,2009,2014,10,28,Production,21,(MT),0.0
577400,"Almonds, Shelled Basis",RS,Russia,2009,2014,10,178,Total Distribution,21,(MT),12000.0
577400,"Almonds, Shelled Basis",RS,Russia,2009,2014,10,86,Total Supply,21,(MT),12000.0
577400,"Almonds, Shelled Basis",RS,Russia,2010,2014,10,20,Beginning Stocks,21,(MT),0.0
577400,"Almonds, Shelled Basis",RS,Russia,2010,2014,10,125,Domestic Consumption,21,(MT),15900.0
577400,"Almonds, Shelled Basis",RS,Russia,2010,2014,10,176,Ending Stocks,21,(MT),0.0
577400,"Almonds, Shelled Basis",RS,Russia,2010,2014,10,88,Exports,21,(MT),0.0
577400,"Almonds, Shelled Basis",RS,Russia,2010,2014,10,57,Imports,21,(MT),15900.0
577400,"Almonds, Shelled Basis",RS,Russia,2010,2014,10,28,Production,21,(MT),0.0
577400,"Almonds, Shelled Basis",RS,Russia,2010,2014,10,178,Total Distribution,21,(MT),15900.0
577400,"Almonds, Shelled Basis",RS,Russia,2010,2014,10,86,Total Supply,21,(MT),15900.0
577400,"Almonds, Shelled Basis",RS,Russia,2011,2014,10,20,Beginning Stocks,21,(MT),0.0
577400,"Almonds, Shelled Basis",RS,Russia,2011,2014,10,125,Domestic Consumption,21,(MT),19000.0
577400,"Almonds, Shelled Basis",RS,Russia,2011,2014,10,176,Ending Stocks,21,(MT),0.0
577400,"Almonds, Shelled Basis",RS,Russia,2011,2014,10,88,Exports,21,(MT),0.0
577400,"Almonds, Shelled Basis",RS,Russia,2011,2014,10,57,Imports,21,(MT),19000.0
577400,"Almonds, Shelled Basis",RS,Russia,2011,2014,10,28,Production,21,(MT),0.0
577400,"Almonds, Shelled Basis",RS,Russia,2011,2014,10,178,Total Distribution,21,(MT),19000.0
577400,"Almonds, Shelled Basis",RS,Russia,2011,2014,10,86,Total Supply,21,(MT),19000.0
577400,"Almonds, Shelled Basis",RS,Russia,2012,2014,10,20,Beginning Stocks,21,(MT),0.0
577400,"Almonds, Shelled Basis",RS,Russia,2012,2014,10,125,Domestic Consumption,21,(MT),21200.0
577400,"Almonds, Shelled Basis",RS,Russia,2012,2014,10,176,Ending Stocks,21,(MT),0.0
577400,"Almonds, Shelled Basis",RS,Russia,2012,2014,10,88,Exports,21,(MT),0.0
577400,"Almonds, Shelled Basis",RS,Russia,2012,2014,10,57,Imports,21,(MT),21200.0
577400,"Almonds, Shelled Basis",RS,Russia,2012,2014,10,28,Production,21,(MT),0.0
577400,"Almonds, Shelled Basis",RS,Russia,2012,2014,10,178,Total Distribution,21,(MT),21200.0
577400,"Almonds, Shelled Basis",RS,Russia,2012,2014,10,86,Total Supply,21,(MT),21200.0
577400,"Almonds, Shelled Basis",RS,Russia,2013,2015,3,20,Beginning Stocks,21,(MT),0.0
577400,"Almonds, Shelled Basis",RS,Russia,2013,2015,3,125,Domestic Consumption,21,(MT),17800.0
577400,"Almonds, Shelled Basis",RS,Russia,2013,2015,3,176,Ending Stocks,21,(MT),0.0
577400,"Almonds, Shelled Basis",RS,Russia,2013,2015,3,88,Exports,21,(MT),0.0
577400,"Almonds, Shelled Basis",RS,Russia,2013,2015,3,57,Imports,21,(MT),17800.0
577400,"Almonds, Shelled Basis",RS,Russia,2013,2015,3,28,Production,21,(MT),0.0
577400,"Almonds, Shelled Basis",RS,Russia,2013,2015,3,178,Total Distribution,21,(MT),17800.0
577400,"Almonds, Shelled Basis",RS,Russia,2013,2015,3,86,Total Supply,21,(MT),17800.0
577400,"Almonds, Shelled Basis",RS,Russia,2014,2016,10,20,Beginning Stocks,21,(MT),0.0
577400,"Almonds, Shelled Basis",RS,Russia,2014,2016,10,125,Domestic Consumption,21,(MT),4400.0
577400,"Almonds, Shelled Basis",RS,Russia,2014,2016,10,176,Ending Stocks,21,(MT),0.0
577400,"Almonds, Shelled Basis",RS,Russia,2014,2016,10,88,Exports,21,(MT),0.0
577400,"Almonds, Shelled Basis",RS,Russia,2014,2016,10,57,Imports,21,(MT),4400.0
577400,"Almonds, Shelled Basis",RS,Russia,2014,2016,10,28,Production,21,(MT),0.0
577400,"Almonds, Shelled Basis",RS,Russia,2014,2016,10,178,Total Distribution,21,(MT),4400.0
577400,"Almonds, Shelled Basis",RS,Russia,2014,2016,10,86,Total Supply,21,(MT),4400.0
577400,"Almonds, Shelled Basis",RS,Russia,2015,2016,10,20,Beginning Stocks,21,(MT),0.0
577400,"Almonds, Shelled Basis",RS,Russia,2015,2016,10,125,Domestic Consumption,21,(MT),3100.0
577400,"Almonds, Shelled Basis",RS,Russia,2015,2016,10,176,Ending Stocks,21,(MT),0.0
577400,"Almonds, Shelled Basis",RS,Russia,2015,2016,10,88,Exports,21,(MT),0.0
577400,"Almonds, Shelled Basis",RS,Russia,2015,2016,10,57,Imports,21,(MT),3100.0
577400,"Almonds, Shelled Basis",RS,Russia,2015,2016,10,28,Production,21,(MT),0.0
577400,"Almonds, Shelled Basis",RS,Russia,2015,2016,10,178,Total Distribution,21,(MT),3100.0
577400,"Almonds, Shelled Basis",RS,Russia,2015,2016,10,86,Total Supply,21,(MT),3100.0
577400,"Almonds, Shelled Basis",RS,Russia,2016,2017,10,20,Beginning Stocks,21,(MT),0.0
577400,"Almonds, Shelled Basis",RS,Russia,2016,2017,10,125,Domestic Consumption,21,(MT),3300.0
577400,"Almonds, Shelled Basis",RS,Russia,2016,2017,10,176,Ending Stocks,21,(MT),0.0
577400,"Almonds, Shelled Basis",RS,Russia,2016,2017,10,88,Exports,21,(MT),0.0
577400,"Almonds, Shelled Basis",RS,Russia,2016,2017,10,57,Imports,21,(MT),3300.0
577400,"Almonds, Shelled Basis",RS,Russia,2016,2017,10,28,Production,21,(MT),0.0
577400,"Almonds, Shelled Basis",RS,Russia,2016,2017,10,178,Total Distribution,21,(MT),3300.0
577400,"Almonds, Shelled Basis",RS,Russia,2016,2017,10,86,Total Supply,21,(MT),3300.0
577400,"Almonds, Shelled Basis",RS,Russia,2017,2020,10,20,Beginning Stocks,21,(MT),0.0
577400,"Almonds, Shelled Basis",RS,Russia,2017,2020,10,125,Domestic Consumption,21,(MT),9100.0
577400,"Almonds, Shelled Basis",RS,Russia,2017,2020,10,176,Ending Stocks,21,(MT),0.0
577400,"Almonds, Shelled Basis",RS,Russia,2017,2020,10,88,Exports,21,(MT),0.0
577400,"Almonds, Shelled Basis",RS,Russia,2017,2020,10,57,Imports,21,(MT),9100.0
577400,"Almonds, Shelled Basis",RS,Russia,2017,2020,10,28,Production,21,(MT),0.0
577400,"Almonds, Shelled Basis",RS,Russia,2017,2020,10,178,Total Distribution,21,(MT),9100.0
577400,"Almonds, Shelled Basis",RS,Russia,2017,2020,10,86,Total Supply,21,(MT),9100.0
577400,"Almonds, Shelled Basis",RS,Russia,2018,2020,10,20,Beginning Stocks,21,(MT),0.0
577400,"Almonds, Shelled Basis",RS,Russia,2018,2020,10,125,Domestic Consumption,21,(MT),7500.0
577400,"Almonds, Shelled Basis",RS,Russia,2018,2020,10,176,Ending Stocks,21,(MT),0.0
577400,"Almonds, Shelled Basis",RS,Russia,2018,2020,10,88,Exports,21,(MT),0.0
577400,"Almonds, Shelled Basis",RS,Russia,2018,2020,10,57,Imports,21,(MT),7500.0
577400,"Almonds, Shelled Basis",RS,Russia,2018,2020,10,28,Production,21,(MT),0.0
577400,"Almonds, Shelled Basis",RS,Russia,2018,2020,10,178,Total Distribution,21,(MT),7500.0
577400,"Almonds, Shelled Basis",RS,Russia,2018,2020,10,86,Total Supply,21,(MT),7500.0
577400,"Almonds, Shelled Basis",RS,Russia,2019,2020,10,20,Beginning Stocks,21,(MT),0.0
577400,"Almonds, Shelled Basis",RS,Russia,2019,2020,10,125,Domestic Consumption,21,(MT),8400.0
577400,"Almonds, Shelled Basis",RS,Russia,2019,2020,10,176,Ending Stocks,21,(MT),0.0
577400,"Almonds, Shelled Basis",RS,Russia,2019,2020,10,88,Exports,21,(MT),0.0
577400,"Almonds, Shelled Basis",RS,Russia,2019,2020,10,57,Imports,21,(MT),8400.0
577400,"Almonds, Shelled Basis",RS,Russia,2019,2020,10,28,Production,21,(MT),0.0
577400,"Almonds, Shelled Basis",RS,Russia,2019,2020,10,178,Total Distribution,21,(MT),8400.0
577400,"Almonds, Shelled Basis",RS,Russia,2019,2020,10,86,Total Supply,21,(MT),8400.0
577400,"Almonds, Shelled Basis",RS,Russia,2020,2020,10,20,Beginning Stocks,21,(MT),0.0
577400,"Almonds, Shelled Basis",RS,Russia,2020,2020,10,125,Domestic Consumption,21,(MT),8500.0
577400,"Almonds, Shelled Basis",RS,Russia,2020,2020,10,176,Ending Stocks,21,(MT),0.0
577400,"Almonds, Shelled Basis",RS,Russia,2020,2020,10,88,Exports,21,(MT),0.0
577400,"Almonds, Shelled Basis",RS,Russia,2020,2020,10,57,Imports,21,(MT),8500.0
577400,"Almonds, Shelled Basis",RS,Russia,2020,2020,10,28,Production,21,(MT),0.0
577400,"Almonds, Shelled Basis",RS,Russia,2020,2020,10,178,Total Distribution,21,(MT),8500.0
577400,"Almonds, Shelled Basis",RS,Russia,2020,2020,10,86,Total Supply,21,(MT),8500.0
577400,"Almonds, Shelled Basis",SA,Saudi Arabia,2001,2018,10,20,Beginning Stocks,21,(MT),0.0
577400,"Almonds, Shelled Basis",SA,Saudi Arabia,2001,2018,10,125,Domestic Consumption,21,(MT),3000.0
577400,"Almonds, Shelled Basis",SA,Saudi Arabia,2001,2018,10,176,Ending Stocks,21,(MT),0.0
577400,"Almonds, Shelled Basis",SA,Saudi Arabia,2001,2018,10,88,Exports,21,(MT),0.0
577400,"Almonds, Shelled Basis",SA,Saudi Arabia,2001,2018,10,57,Imports,21,(MT),3000.0
577400,"Almonds, Shelled Basis",SA,Saudi Arabia,2001,2018,10,28,Production,21,(MT),0.0
577400,"Almonds, Shelled Basis",SA,Saudi Arabia,2001,2018,10,178,Total Distribution,21,(MT),3000.0
577400,"Almonds, Shelled Basis",SA,Saudi Arabia,2001,2018,10,86,Total Supply,21,(MT),3000.0
577400,"Almonds, Shelled Basis",SA,Saudi Arabia,2002,2018,10,20,Beginning Stocks,21,(MT),0.0
577400,"Almonds, Shelled Basis",SA,Saudi Arabia,2002,2018,10,125,Domestic Consumption,21,(MT),3500.0
577400,"Almonds, Shelled Basis",SA,Saudi Arabia,2002,2018,10,176,Ending Stocks,21,(MT),0.0
577400,"Almonds, Shelled Basis",SA,Saudi Arabia,2002,2018,10,88,Exports,21,(MT),0.0
577400,"Almonds, Shelled Basis",SA,Saudi Arabia,2002,2018,10,57,Imports,21,(MT),3500.0
577400,"Almonds, Shelled Basis",SA,Saudi Arabia,2002,2018,10,28,Production,21,(MT),0.0
577400,"Almonds, Shelled Basis",SA,Saudi Arabia,2002,2018,10,178,Total Distribution,21,(MT),3500.0
577400,"Almonds, Shelled Basis",SA,Saudi Arabia,2002,2018,10,86,Total Supply,21,(MT),3500.0
577400,"Almonds, Shelled Basis",SA,Saudi Arabia,2003,2018,10,20,Beginning Stocks,21,(MT),0.0
577400,"Almonds, Shelled Basis",SA,Saudi Arabia,2003,2018,10,125,Domestic Consumption,21,(MT),3500.0
577400,"Almonds, Shelled Basis",SA,Saudi Arabia,2003,2018,10,176,Ending Stocks,21,(MT),0.0
577400,"Almonds, Shelled Basis",SA,Saudi Arabia,2003,2018,10,88,Exports,21,(MT),0.0
577400,"Almonds, Shelled Basis",SA,Saudi Arabia,2003,2018,10,57,Imports,21,(MT),3500.0
577400,"Almonds, Shelled Basis",SA,Saudi Arabia,2003,2018,10,28,Production,21,(MT),0.0
577400,"Almonds, Shelled Basis",SA,Saudi Arabia,2003,2018,10,178,Total Distribution,21,(MT),3500.0
577400,"Almonds, Shelled Basis",SA,Saudi Arabia,2003,2018,10,86,Total Supply,21,(MT),3500.0
577400,"Almonds, Shelled Basis",SA,Saudi Arabia,2004,2018,10,20,Beginning Stocks,21,(MT),0.0
577400,"Almonds, Shelled Basis",SA,Saudi Arabia,2004,2018,10,125,Domestic Consumption,21,(MT),2200.0
577400,"Almonds, Shelled Basis",SA,Saudi Arabia,2004,2018,10,176,Ending Stocks,21,(MT),0.0
577400,"Almonds, Shelled Basis",SA,Saudi Arabia,2004,2018,10,88,Exports,21,(MT),0.0
577400,"Almonds, Shelled Basis",SA,Saudi Arabia,2004,2018,10,57,Imports,21,(MT),2200.0
577400,"Almonds, Shelled Basis",SA,Saudi Arabia,2004,2018,10,28,Production,21,(MT),0.0
577400,"Almonds, Shelled Basis",SA,Saudi Arabia,2004,2018,10,178,Total Distribution,21,(MT),2200.0
577400,"Almonds, Shelled Basis",SA,Saudi Arabia,2004,2018,10,86,Total Supply,21,(MT),2200.0
577400,"Almonds, Shelled Basis",SA,Saudi Arabia,2005,2018,10,20,Beginning Stocks,21,(MT),0.0
577400,"Almonds, Shelled Basis",SA,Saudi Arabia,2005,2018,10,125,Domestic Consumption,21,(MT),2100.0
577400,"Almonds, Shelled Basis",SA,Saudi Arabia,2005,2018,10,176,Ending Stocks,21,(MT),0.0
577400,"Almonds, Shelled Basis",SA,Saudi Arabia,2005,2018,10,88,Exports,21,(MT),0.0
577400,"Almonds, Shelled Basis",SA,Saudi Arabia,2005,2018,10,57,Imports,21,(MT),2100.0
577400,"Almonds, Shelled Basis",SA,Saudi Arabia,2005,2018,10,28,Production,21,(MT),0.0
577400,"Almonds, Shelled Basis",SA,Saudi Arabia,2005,2018,10,178,Total Distribution,21,(MT),2100.0
577400,"Almonds, Shelled Basis",SA,Saudi Arabia,2005,2018,10,86,Total Supply,21,(MT),2100.0
577400,"Almonds, Shelled Basis",SA,Saudi Arabia,2006,2018,10,20,Beginning Stocks,21,(MT),0.0
577400,"Almonds, Shelled Basis",SA,Saudi Arabia,2006,2018,10,125,Domestic Consumption,21,(MT),3400.0
577400,"Almonds, Shelled Basis",SA,Saudi Arabia,2006,2018,10,176,Ending Stocks,21,(MT),0.0
577400,"Almonds, Shelled Basis",SA,Saudi Arabia,2006,2018,10,88,Exports,21,(MT),0.0
577400,"Almonds, Shelled Basis",SA,Saudi Arabia,2006,2018,10,57,Imports,21,(MT),3400.0
577400,"Almonds, Shelled Basis",SA,Saudi Arabia,2006,2018,10,28,Production,21,(MT),0.0
577400,"Almonds, Shelled Basis",SA,Saudi Arabia,2006,2018,10,178,Total Distribution,21,(MT),3400.0
577400,"Almonds, Shelled Basis",SA,Saudi Arabia,2006,2018,10,86,Total Supply,21,(MT),3400.0
577400,"Almonds, Shelled Basis",SA,Saudi Arabia,2007,2018,10,20,Beginning Stocks,21,(MT),0.0
577400,"Almonds, Shelled Basis",SA,Saudi Arabia,2007,2018,10,125,Domestic Consumption,21,(MT),3400.0
577400,"Almonds, Shelled Basis",SA,Saudi Arabia,2007,2018,10,176,Ending Stocks,21,(MT),0.0
577400,"Almonds, Shelled Basis",SA,Saudi Arabia,2007,2018,10,88,Exports,21,(MT),0.0
577400,"Almonds, Shelled Basis",SA,Saudi Arabia,2007,2018,10,57,Imports,21,(MT),3400.0
577400,"Almonds, Shelled Basis",SA,Saudi Arabia,2007,2018,10,28,Production,21,(MT),0.0
577400,"Almonds, Shelled Basis",SA,Saudi Arabia,2007,2018,10,178,Total Distribution,21,(MT),3400.0
577400,"Almonds, Shelled Basis",SA,Saudi Arabia,2007,2018,10,86,Total Supply,21,(MT),3400.0
577400,"Almonds, Shelled Basis",SA,Saudi Arabia,2008,2018,10,20,Beginning Stocks,21,(MT),0.0
577400,"Almonds, Shelled Basis",SA,Saudi Arabia,2008,2018,10,125,Domestic Consumption,21,(MT),4600.0
577400,"Almonds, Shelled Basis",SA,Saudi Arabia,2008,2018,10,176,Ending Stocks,21,(MT),0.0
577400,"Almonds, Shelled Basis",SA,Saudi Arabia,2008,2018,10,88,Exports,21,(MT),0.0
577400,"Almonds, Shelled Basis",SA,Saudi Arabia,2008,2018,10,57,Imports,21,(MT),4600.0
577400,"Almonds, Shelled Basis",SA,Saudi Arabia,2008,2018,10,28,Production,21,(MT),0.0
577400,"Almonds, Shelled Basis",SA,Saudi Arabia,2008,2018,10,178,Total Distribution,21,(MT),4600.0
577400,"Almonds, Shelled Basis",SA,Saudi Arabia,2008,2018,10,86,Total Supply,21,(MT),4600.0
577400,"Almonds, Shelled Basis",SA,Saudi Arabia,2009,2018,10,20,Beginning Stocks,21,(MT),0.0
577400,"Almonds, Shelled Basis",SA,Saudi Arabia,2009,2018,10,125,Domestic Consumption,21,(MT),5100.0
577400,"Almonds, Shelled Basis",SA,Saudi Arabia,2009,2018,10,176,Ending Stocks,21,(MT),0.0
577400,"Almonds, Shelled Basis",SA,Saudi Arabia,2009,2018,10,88,Exports,21,(MT),0.0
577400,"Almonds, Shelled Basis",SA,Saudi Arabia,2009,2018,10,57,Imports,21,(MT),5100.0
577400,"Almonds, Shelled Basis",SA,Saudi Arabia,2009,2018,10,28,Production,21,(MT),0.0
577400,"Almonds, Shelled Basis",SA,Saudi Arabia,2009,2018,10,178,Total Distribution,21,(MT),5100.0
577400,"Almonds, Shelled Basis",SA,Saudi Arabia,2009,2018,10,86,Total Supply,21,(MT),5100.0
577400,"Almonds, Shelled Basis",SA,Saudi Arabia,2010,2018,10,20,Beginning Stocks,21,(MT),0.0
577400,"Almonds, Shelled Basis",SA,Saudi Arabia,2010,2018,10,125,Domestic Consumption,21,(MT),6900.0
577400,"Almonds, Shelled Basis",SA,Saudi Arabia,2010,2018,10,176,Ending Stocks,21,(MT),0.0
577400,"Almonds, Shelled Basis",SA,Saudi Arabia,2010,2018,10,88,Exports,21,(MT),0.0
577400,"Almonds, Shelled Basis",SA,Saudi Arabia,2010,2018,10,57,Imports,21,(MT),6900.0
577400,"Almonds, Shelled Basis",SA,Saudi Arabia,2010,2018,10,28,Production,21,(MT),0.0
577400,"Almonds, Shelled Basis",SA,Saudi Arabia,2010,2018,10,178,Total Distribution,21,(MT),6900.0
577400,"Almonds, Shelled Basis",SA,Saudi Arabia,2010,2018,10,86,Total Supply,21,(MT),6900.0
577400,"Almonds, Shelled Basis",SA,Saudi Arabia,2011,2018,10,20,Beginning Stocks,21,(MT),0.0
577400,"Almonds, Shelled Basis",SA,Saudi Arabia,2011,2018,10,125,Domestic Consumption,21,(MT),10800.0
577400,"Almonds, Shelled Basis",SA,Saudi Arabia,2011,2018,10,176,Ending Stocks,21,(MT),0.0
577400,"Almonds, Shelled Basis",SA,Saudi Arabia,2011,2018,10,88,Exports,21,(MT),0.0
577400,"Almonds, Shelled Basis",SA,Saudi Arabia,2011,2018,10,57,Imports,21,(MT),10800.0
577400,"Almonds, Shelled Basis",SA,Saudi Arabia,2011,2018,10,28,Production,21,(MT),0.0
577400,"Almonds, Shelled Basis",SA,Saudi Arabia,2011,2018,10,178,Total Distribution,21,(MT),10800.0
577400,"Almonds, Shelled Basis",SA,Saudi Arabia,2011,2018,10,86,Total Supply,21,(MT),10800.0
577400,"Almonds, Shelled Basis",SA,Saudi Arabia,2012,2018,10,20,Beginning Stocks,21,(MT),0.0
577400,"Almonds, Shelled Basis",SA,Saudi Arabia,2012,2018,10,125,Domestic Consumption,21,(MT),6000.0
577400,"Almonds, Shelled Basis",SA,Saudi Arabia,2012,2018,10,176,Ending Stocks,21,(MT),0.0
577400,"Almonds, Shelled Basis",SA,Saudi Arabia,2012,2018,10,88,Exports,21,(MT),0.0
577400,"Almonds, Shelled Basis",SA,Saudi Arabia,2012,2018,10,57,Imports,21,(MT),6000.0
577400,"Almonds, Shelled Basis",SA,Saudi Arabia,2012,2018,10,28,Production,21,(MT),0.0
577400,"Almonds, Shelled Basis",SA,Saudi Arabia,2012,2018,10,178,Total Distribution,21,(MT),6000.0
577400,"Almonds, Shelled Basis",SA,Saudi Arabia,2012,2018,10,86,Total Supply,21,(MT),6000.0
577400,"Almonds, Shelled Basis",SA,Saudi Arabia,2013,2018,10,20,Beginning Stocks,21,(MT),0.0
577400,"Almonds, Shelled Basis",SA,Saudi Arabia,2013,2018,10,125,Domestic Consumption,21,(MT),8200.0
577400,"Almonds, Shelled Basis",SA,Saudi Arabia,2013,2018,10,176,Ending Stocks,21,(MT),0.0
577400,"Almonds, Shelled Basis",SA,Saudi Arabia,2013,2018,10,88,Exports,21,(MT),0.0
577400,"Almonds, Shelled Basis",SA,Saudi Arabia,2013,2018,10,57,Imports,21,(MT),8200.0
577400,"Almonds, Shelled Basis",SA,Saudi Arabia,2013,2018,10,28,Production,21,(MT),0.0
577400,"Almonds, Shelled Basis",SA,Saudi Arabia,2013,2018,10,178,Total Distribution,21,(MT),8200.0
577400,"Almonds, Shelled Basis",SA,Saudi Arabia,2013,2018,10,86,Total Supply,21,(MT),8200.0
577400,"Almonds, Shelled Basis",SA,Saudi Arabia,2014,2018,10,20,Beginning Stocks,21,(MT),0.0
577400,"Almonds, Shelled Basis",SA,Saudi Arabia,2014,2018,10,125,Domestic Consumption,21,(MT),8300.0
577400,"Almonds, Shelled Basis",SA,Saudi Arabia,2014,2018,10,176,Ending Stocks,21,(MT),0.0
577400,"Almonds, Shelled Basis",SA,Saudi Arabia,2014,2018,10,88,Exports,21,(MT),0.0
577400,"Almonds, Shelled Basis",SA,Saudi Arabia,2014,2018,10,57,Imports,21,(MT),8300.0
577400,"Almonds, Shelled Basis",SA,Saudi Arabia,2014,2018,10,28,Production,21,(MT),0.0
577400,"Almonds, Shelled Basis",SA,Saudi Arabia,2014,2018,10,178,Total Distribution,21,(MT),8300.0
577400,"Almonds, Shelled Basis",SA,Saudi Arabia,2014,2018,10,86,Total Supply,21,(MT),8300.0
577400,"Almonds, Shelled Basis",SA,Saudi Arabia,2015,2018,10,20,Beginning Stocks,21,(MT),0.0
577400,"Almonds, Shelled Basis",SA,Saudi Arabia,2015,2018,10,125,Domestic Consumption,21,(MT),7200.0
577400,"Almonds, Shelled Basis",SA,Saudi Arabia,2015,2018,10,176,Ending Stocks,21,(MT),0.0
577400,"Almonds, Shelled Basis",SA,Saudi Arabia,2015,2018,10,88,Exports,21,(MT),0.0
577400,"Almonds, Shelled Basis",SA,Saudi Arabia,2015,2018,10,57,Imports,21,(MT),7200.0
577400,"Almonds, Shelled Basis",SA,Saudi Arabia,2015,2018,10,28,Production,21,(MT),0.0
577400,"Almonds, Shelled Basis",SA,Saudi Arabia,2015,2018,10,178,Total Distribution,21,(MT),7200.0
577400,"Almonds, Shelled Basis",SA,Saudi Arabia,2015,2018,10,86,Total Supply,21,(MT),7200.0
577400,"Almonds, Shelled Basis",SA,Saudi Arabia,2016,2018,10,20,Beginning Stocks,21,(MT),0.0
577400,"Almonds, Shelled Basis",SA,Saudi Arabia,2016,2018,10,125,Domestic Consumption,21,(MT),12000.0
577400,"Almonds, Shelled Basis",SA,Saudi Arabia,2016,2018,10,176,Ending Stocks,21,(MT),0.0
577400,"Almonds, Shelled Basis",SA,Saudi Arabia,2016,2018,10,88,Exports,21,(MT),0.0
577400,"Almonds, Shelled Basis",SA,Saudi Arabia,2016,2018,10,57,Imports,21,(MT),12000.0
577400,"Almonds, Shelled Basis",SA,Saudi Arabia,2016,2018,10,28,Production,21,(MT),0.0
577400,"Almonds, Shelled Basis",SA,Saudi Arabia,2016,2018,10,178,Total Distribution,21,(MT),12000.0
577400,"Almonds, Shelled Basis",SA,Saudi Arabia,2016,2018,10,86,Total Supply,21,(MT),12000.0
577400,"Almonds, Shelled Basis",SA,Saudi Arabia,2017,2019,10,20,Beginning Stocks,21,(MT),0.0
577400,"Almonds, Shelled Basis",SA,Saudi Arabia,2017,2019,10,125,Domestic Consumption,21,(MT),9800.0
577400,"Almonds, Shelled Basis",SA,Saudi Arabia,2017,2019,10,176,Ending Stocks,21,(MT),0.0
577400,"Almonds, Shelled Basis",SA,Saudi Arabia,2017,2019,10,88,Exports,21,(MT),0.0
577400,"Almonds, Shelled Basis",SA,Saudi Arabia,2017,2019,10,57,Imports,21,(MT),9800.0
577400,"Almonds, Shelled Basis",SA,Saudi Arabia,2017,2019,10,28,Production,21,(MT),0.0
577400,"Almonds, Shelled Basis",SA,Saudi Arabia,2017,2019,10,178,Total Distribution,21,(MT),9800.0
577400,"Almonds, Shelled Basis",SA,Saudi Arabia,2017,2019,10,86,Total Supply,21,(MT),9800.0
577400,"Almonds, Shelled Basis",SA,Saudi Arabia,2018,2020,10,20,Beginning Stocks,21,(MT),0.0
577400,"Almonds, Shelled Basis",SA,Saudi Arabia,2018,2020,10,125,Domestic Consumption,21,(MT),9700.0
577400,"Almonds, Shelled Basis",SA,Saudi Arabia,2018,2020,10,176,Ending Stocks,21,(MT),0.0
577400,"Almonds, Shelled Basis",SA,Saudi Arabia,2018,2020,10,88,Exports,21,(MT),0.0
577400,"Almonds, Shelled Basis",SA,Saudi Arabia,2018,2020,10,57,Imports,21,(MT),9700.0
577400,"Almonds, Shelled Basis",SA,Saudi Arabia,2018,2020,10,28,Production,21,(MT),0.0
577400,"Almonds, Shelled Basis",SA,Saudi Arabia,2018,2020,10,178,Total Distribution,21,(MT),9700.0
577400,"Almonds, Shelled Basis",SA,Saudi Arabia,2018,2020,10,86,Total Supply,21,(MT),9700.0
577400,"Almonds, Shelled Basis",SA,Saudi Arabia,2019,2020,10,20,Beginning Stocks,21,(MT),0.0
577400,"Almonds, Shelled Basis",SA,Saudi Arabia,2019,2020,10,125,Domestic Consumption,21,(MT),10000.0
577400,"Almonds, Shelled Basis",SA,Saudi Arabia,2019,2020,10,176,Ending Stocks,21,(MT),0.0
577400,"Almonds, Shelled Basis",SA,Saudi Arabia,2019,2020,10,88,Exports,21,(MT),0.0
577400,"Almonds, Shelled Basis",SA,Saudi Arabia,2019,2020,10,57,Imports,21,(MT),10000.0
577400,"Almonds, Shelled Basis",SA,Saudi Arabia,2019,2020,10,28,Production,21,(MT),0.0
577400,"Almonds, Shelled Basis",SA,Saudi Arabia,2019,2020,10,178,Total Distribution,21,(MT),10000.0
577400,"Almonds, Shelled Basis",SA,Saudi Arabia,2019,2020,10,86,Total Supply,21,(MT),10000.0
577400,"Almonds, Shelled Basis",SA,Saudi Arabia,2020,2020,10,20,Beginning Stocks,21,(MT),0.0
577400,"Almonds, Shelled Basis",SA,Saudi Arabia,2020,2020,10,125,Domestic Consumption,21,(MT),12000.0
577400,"Almonds, Shelled Basis",SA,Saudi Arabia,2020,2020,10,176,Ending Stocks,21,(MT),0.0
577400,"Almonds, Shelled Basis",SA,Saudi Arabia,2020,2020,10,88,Exports,21,(MT),0.0
577400,"Almonds, Shelled Basis",SA,Saudi Arabia,2020,2020,10,57,Imports,21,(MT),12000.0
577400,"Almonds, Shelled Basis",SA,Saudi Arabia,2020,2020,10,28,Production,21,(MT),0.0
577400,"Almonds, Shelled Basis",SA,Saudi Arabia,2020,2020,10,178,Total Distribution,21,(MT),12000.0
577400,"Almonds, Shelled Basis",SA,Saudi Arabia,2020,2020,10,86,Total Supply,21,(MT),12000.0
577400,"Almonds, Shelled Basis",SF,South Africa,2001,2020,10,20,Beginning Stocks,21,(MT),0.0
577400,"Almonds, Shelled Basis",SF,South Africa,2001,2020,10,125,Domestic Consumption,21,(MT),0.0
577400,"Almonds, Shelled Basis",SF,South Africa,2001,2020,10,176,Ending Stocks,21,(MT),0.0
577400,"Almonds, Shelled Basis",SF,South Africa,2001,2020,10,88,Exports,21,(MT),0.0
577400,"Almonds, Shelled Basis",SF,South Africa,2001,2020,10,57,Imports,21,(MT),0.0
577400,"Almonds, Shelled Basis",SF,South Africa,2001,2020,10,28,Production,21,(MT),0.0
577400,"Almonds, Shelled Basis",SF,South Africa,2001,2020,10,178,Total Distribution,21,(MT),0.0
577400,"Almonds, Shelled Basis",SF,South Africa,2001,2020,10,86,Total Supply,21,(MT),0.0
577400,"Almonds, Shelled Basis",SF,South Africa,2002,2020,10,20,Beginning Stocks,21,(MT),0.0
577400,"Almonds, Shelled Basis",SF,South Africa,2002,2020,10,125,Domestic Consumption,21,(MT),0.0
577400,"Almonds, Shelled Basis",SF,South Africa,2002,2020,10,176,Ending Stocks,21,(MT),0.0
577400,"Almonds, Shelled Basis",SF,South Africa,2002,2020,10,88,Exports,21,(MT),0.0
577400,"Almonds, Shelled Basis",SF,South Africa,2002,2020,10,57,Imports,21,(MT),0.0
577400,"Almonds, Shelled Basis",SF,South Africa,2002,2020,10,28,Production,21,(MT),0.0
577400,"Almonds, Shelled Basis",SF,South Africa,2002,2020,10,178,Total Distribution,21,(MT),0.0
577400,"Almonds, Shelled Basis",SF,South Africa,2002,2020,10,86,Total Supply,21,(MT),0.0
577400,"Almonds, Shelled Basis",SF,South Africa,2003,2020,10,20,Beginning Stocks,21,(MT),0.0
577400,"Almonds, Shelled Basis",SF,South Africa,2003,2020,10,125,Domestic Consumption,21,(MT),0.0
577400,"Almonds, Shelled Basis",SF,South Africa,2003,2020,10,176,Ending Stocks,21,(MT),0.0
577400,"Almonds, Shelled Basis",SF,South Africa,2003,2020,10,88,Exports,21,(MT),0.0
577400,"Almonds, Shelled Basis",SF,South Africa,2003,2020,10,57,Imports,21,(MT),0.0
577400,"Almonds, Shelled Basis",SF,South Africa,2003,2020,10,28,Production,21,(MT),0.0
577400,"Almonds, Shelled Basis",SF,South Africa,2003,2020,10,178,Total Distribution,21,(MT),0.0
577400,"Almonds, Shelled Basis",SF,South Africa,2003,2020,10,86,Total Supply,21,(MT),0.0
577400,"Almonds, Shelled Basis",SF,South Africa,2004,2020,10,20,Beginning Stocks,21,(MT),0.0
577400,"Almonds, Shelled Basis",SF,South Africa,2004,2020,10,125,Domestic Consumption,21,(MT),0.0
577400,"Almonds, Shelled Basis",SF,South Africa,2004,2020,10,176,Ending Stocks,21,(MT),0.0
577400,"Almonds, Shelled Basis",SF,South Africa,2004,2020,10,88,Exports,21,(MT),0.0
577400,"Almonds, Shelled Basis",SF,South Africa,2004,2020,10,57,Imports,21,(MT),0.0
577400,"Almonds, Shelled Basis",SF,South Africa,2004,2020,10,28,Production,21,(MT),0.0
577400,"Almonds, Shelled Basis",SF,South Africa,2004,2020,10,178,Total Distribution,21,(MT),0.0
577400,"Almonds, Shelled Basis",SF,South Africa,2004,2020,10,86,Total Supply,21,(MT),0.0
577400,"Almonds, Shelled Basis",SF,South Africa,2005,2020,10,20,Beginning Stocks,21,(MT),0.0
577400,"Almonds, Shelled Basis",SF,South Africa,2005,2020,10,125,Domestic Consumption,21,(MT),0.0
577400,"Almonds, Shelled Basis",SF,South Africa,2005,2020,10,176,Ending Stocks,21,(MT),0.0
577400,"Almonds, Shelled Basis",SF,South Africa,2005,2020,10,88,Exports,21,(MT),0.0
577400,"Almonds, Shelled Basis",SF,South Africa,2005,2020,10,57,Imports,21,(MT),0.0
577400,"Almonds, Shelled Basis",SF,South Africa,2005,2020,10,28,Production,21,(MT),0.0
577400,"Almonds, Shelled Basis",SF,South Africa,2005,2020,10,178,Total Distribution,21,(MT),0.0
577400,"Almonds, Shelled Basis",SF,South Africa,2005,2020,10,86,Total Supply,21,(MT),0.0
577400,"Almonds, Shelled Basis",SF,South Africa,2006,2020,10,20,Beginning Stocks,21,(MT),0.0
577400,"Almonds, Shelled Basis",SF,South Africa,2006,2020,10,125,Domestic Consumption,21,(MT),0.0
577400,"Almonds, Shelled Basis",SF,South Africa,2006,2020,10,176,Ending Stocks,21,(MT),0.0
577400,"Almonds, Shelled Basis",SF,South Africa,2006,2020,10,88,Exports,21,(MT),0.0
577400,"Almonds, Shelled Basis",SF,South Africa,2006,2020,10,57,Imports,21,(MT),0.0
577400,"Almonds, Shelled Basis",SF,South Africa,2006,2020,10,28,Production,21,(MT),0.0
577400,"Almonds, Shelled Basis",SF,South Africa,2006,2020,10,178,Total Distribution,21,(MT),0.0
577400,"Almonds, Shelled Basis",SF,South Africa,2006,2020,10,86,Total Supply,21,(MT),0.0
577400,"Almonds, Shelled Basis",SF,South Africa,2007,2020,10,20,Beginning Stocks,21,(MT),0.0
577400,"Almonds, Shelled Basis",SF,South Africa,2007,2020,10,125,Domestic Consumption,21,(MT),0.0
577400,"Almonds, Shelled Basis",SF,South Africa,2007,2020,10,176,Ending Stocks,21,(MT),0.0
577400,"Almonds, Shelled Basis",SF,South Africa,2007,2020,10,88,Exports,21,(MT),0.0
577400,"Almonds, Shelled Basis",SF,South Africa,2007,2020,10,57,Imports,21,(MT),0.0
577400,"Almonds, Shelled Basis",SF,South Africa,2007,2020,10,28,Production,21,(MT),0.0
577400,"Almonds, Shelled Basis",SF,South Africa,2007,2020,10,178,Total Distribution,21,(MT),0.0
577400,"Almonds, Shelled Basis",SF,South Africa,2007,2020,10,86,Total Supply,21,(MT),0.0
577400,"Almonds, Shelled Basis",SF,South Africa,2008,2020,10,20,Beginning Stocks,21,(MT),0.0
577400,"Almonds, Shelled Basis",SF,South Africa,2008,2020,10,125,Domestic Consumption,21,(MT),0.0
577400,"Almonds, Shelled Basis",SF,South Africa,2008,2020,10,176,Ending Stocks,21,(MT),0.0
577400,"Almonds, Shelled Basis",SF,South Africa,2008,2020,10,88,Exports,21,(MT),0.0
577400,"Almonds, Shelled Basis",SF,South Africa,2008,2020,10,57,Imports,21,(MT),0.0
577400,"Almonds, Shelled Basis",SF,South Africa,2008,2020,10,28,Production,21,(MT),0.0
577400,"Almonds, Shelled Basis",SF,South Africa,2008,2020,10,178,Total Distribution,21,(MT),0.0
577400,"Almonds, Shelled Basis",SF,South Africa,2008,2020,10,86,Total Supply,21,(MT),0.0
577400,"Almonds, Shelled Basis",SF,South Africa,2009,2020,10,20,Beginning Stocks,21,(MT),0.0
577400,"Almonds, Shelled Basis",SF,South Africa,2009,2020,10,125,Domestic Consumption,21,(MT),0.0
577400,"Almonds, Shelled Basis",SF,South Africa,2009,2020,10,176,Ending Stocks,21,(MT),0.0
577400,"Almonds, Shelled Basis",SF,South Africa,2009,2020,10,88,Exports,21,(MT),0.0
577400,"Almonds, Shelled Basis",SF,South Africa,2009,2020,10,57,Imports,21,(MT),0.0
577400,"Almonds, Shelled Basis",SF,South Africa,2009,2020,10,28,Production,21,(MT),0.0
577400,"Almonds, Shelled Basis",SF,South Africa,2009,2020,10,178,Total Distribution,21,(MT),0.0
577400,"Almonds, Shelled Basis",SF,South Africa,2009,2020,10,86,Total Supply,21,(MT),0.0
577400,"Almonds, Shelled Basis",SF,South Africa,2010,2020,10,20,Beginning Stocks,21,(MT),0.0
577400,"Almonds, Shelled Basis",SF,South Africa,2010,2020,10,125,Domestic Consumption,21,(MT),1700.0
577400,"Almonds, Shelled Basis",SF,South Africa,2010,2020,10,176,Ending Stocks,21,(MT),0.0
577400,"Almonds, Shelled Basis",SF,South Africa,2010,2020,10,88,Exports,21,(MT),0.0
577400,"Almonds, Shelled Basis",SF,South Africa,2010,2020,10,57,Imports,21,(MT),1700.0
577400,"Almonds, Shelled Basis",SF,South Africa,2010,2020,10,28,Production,21,(MT),0.0
577400,"Almonds, Shelled Basis",SF,South Africa,2010,2020,10,178,Total Distribution,21,(MT),1700.0
577400,"Almonds, Shelled Basis",SF,South Africa,2010,2020,10,86,Total Supply,21,(MT),1700.0
577400,"Almonds, Shelled Basis",SF,South Africa,2011,2020,10,20,Beginning Stocks,21,(MT),0.0
577400,"Almonds, Shelled Basis",SF,South Africa,2011,2020,10,125,Domestic Consumption,21,(MT),2100.0
577400,"Almonds, Shelled Basis",SF,South Africa,2011,2020,10,176,Ending Stocks,21,(MT),0.0
577400,"Almonds, Shelled Basis",SF,South Africa,2011,2020,10,88,Exports,21,(MT),0.0
577400,"Almonds, Shelled Basis",SF,South Africa,2011,2020,10,57,Imports,21,(MT),2100.0
577400,"Almonds, Shelled Basis",SF,South Africa,2011,2020,10,28,Production,21,(MT),0.0
577400,"Almonds, Shelled Basis",SF,South Africa,2011,2020,10,178,Total Distribution,21,(MT),2100.0
577400,"Almonds, Shelled Basis",SF,South Africa,2011,2020,10,86,Total Supply,21,(MT),2100.0
577400,"Almonds, Shelled Basis",SF,South Africa,2012,2020,10,20,Beginning Stocks,21,(MT),0.0
577400,"Almonds, Shelled Basis",SF,South Africa,2012,2020,10,125,Domestic Consumption,21,(MT),2200.0
577400,"Almonds, Shelled Basis",SF,South Africa,2012,2020,10,176,Ending Stocks,21,(MT),0.0
577400,"Almonds, Shelled Basis",SF,South Africa,2012,2020,10,88,Exports,21,(MT),0.0
577400,"Almonds, Shelled Basis",SF,South Africa,2012,2020,10,57,Imports,21,(MT),2200.0
577400,"Almonds, Shelled Basis",SF,South Africa,2012,2020,10,28,Production,21,(MT),0.0
577400,"Almonds, Shelled Basis",SF,South Africa,2012,2020,10,178,Total Distribution,21,(MT),2200.0
577400,"Almonds, Shelled Basis",SF,South Africa,2012,2020,10,86,Total Supply,21,(MT),2200.0
577400,"Almonds, Shelled Basis",SF,South Africa,2013,2020,10,20,Beginning Stocks,21,(MT),0.0
577400,"Almonds, Shelled Basis",SF,South Africa,2013,2020,10,125,Domestic Consumption,21,(MT),2400.0
577400,"Almonds, Shelled Basis",SF,South Africa,2013,2020,10,176,Ending Stocks,21,(MT),0.0
577400,"Almonds, Shelled Basis",SF,South Africa,2013,2020,10,88,Exports,21,(MT),0.0
577400,"Almonds, Shelled Basis",SF,South Africa,2013,2020,10,57,Imports,21,(MT),2400.0
577400,"Almonds, Shelled Basis",SF,South Africa,2013,2020,10,28,Production,21,(MT),0.0
577400,"Almonds, Shelled Basis",SF,South Africa,2013,2020,10,178,Total Distribution,21,(MT),2400.0
577400,"Almonds, Shelled Basis",SF,South Africa,2013,2020,10,86,Total Supply,21,(MT),2400.0
577400,"Almonds, Shelled Basis",SF,South Africa,2014,2020,10,20,Beginning Stocks,21,(MT),0.0
577400,"Almonds, Shelled Basis",SF,South Africa,2014,2020,10,125,Domestic Consumption,21,(MT),2900.0
577400,"Almonds, Shelled Basis",SF,South Africa,2014,2020,10,176,Ending Stocks,21,(MT),0.0
577400,"Almonds, Shelled Basis",SF,South Africa,2014,2020,10,88,Exports,21,(MT),0.0
577400,"Almonds, Shelled Basis",SF,South Africa,2014,2020,10,57,Imports,21,(MT),2900.0
577400,"Almonds, Shelled Basis",SF,South Africa,2014,2020,10,28,Production,21,(MT),0.0
577400,"Almonds, Shelled Basis",SF,South Africa,2014,2020,10,178,Total Distribution,21,(MT),2900.0
577400,"Almonds, Shelled Basis",SF,South Africa,2014,2020,10,86,Total Supply,21,(MT),2900.0
577400,"Almonds, Shelled Basis",SF,South Africa,2015,2020,10,20,Beginning Stocks,21,(MT),0.0
577400,"Almonds, Shelled Basis",SF,South Africa,2015,2020,10,125,Domestic Consumption,21,(MT),2600.0
577400,"Almonds, Shelled Basis",SF,South Africa,2015,2020,10,176,Ending Stocks,21,(MT),0.0
577400,"Almonds, Shelled Basis",SF,South Africa,2015,2020,10,88,Exports,21,(MT),0.0
577400,"Almonds, Shelled Basis",SF,South Africa,2015,2020,10,57,Imports,21,(MT),2600.0
577400,"Almonds, Shelled Basis",SF,South Africa,2015,2020,10,28,Production,21,(MT),0.0
577400,"Almonds, Shelled Basis",SF,South Africa,2015,2020,10,178,Total Distribution,21,(MT),2600.0
577400,"Almonds, Shelled Basis",SF,South Africa,2015,2020,10,86,Total Supply,21,(MT),2600.0
577400,"Almonds, Shelled Basis",SF,South Africa,2016,2020,10,20,Beginning Stocks,21,(MT),0.0
577400,"Almonds, Shelled Basis",SF,South Africa,2016,2020,10,125,Domestic Consumption,21,(MT),2800.0
577400,"Almonds, Shelled Basis",SF,South Africa,2016,2020,10,176,Ending Stocks,21,(MT),0.0
577400,"Almonds, Shelled Basis",SF,South Africa,2016,2020,10,88,Exports,21,(MT),0.0
577400,"Almonds, Shelled Basis",SF,South Africa,2016,2020,10,57,Imports,21,(MT),2800.0
577400,"Almonds, Shelled Basis",SF,South Africa,2016,2020,10,28,Production,21,(MT),0.0
577400,"Almonds, Shelled Basis",SF,South Africa,2016,2020,10,178,Total Distribution,21,(MT),2800.0
577400,"Almonds, Shelled Basis",SF,South Africa,2016,2020,10,86,Total Supply,21,(MT),2800.0
577400,"Almonds, Shelled Basis",SF,South Africa,2017,2020,10,20,Beginning Stocks,21,(MT),0.0
577400,"Almonds, Shelled Basis",SF,South Africa,2017,2020,10,125,Domestic Consumption,21,(MT),3200.0
577400,"Almonds, Shelled Basis",SF,South Africa,2017,2020,10,176,Ending Stocks,21,(MT),0.0
577400,"Almonds, Shelled Basis",SF,South Africa,2017,2020,10,88,Exports,21,(MT),0.0
577400,"Almonds, Shelled Basis",SF,South Africa,2017,2020,10,57,Imports,21,(MT),3200.0
577400,"Almonds, Shelled Basis",SF,South Africa,2017,2020,10,28,Production,21,(MT),0.0
577400,"Almonds, Shelled Basis",SF,South Africa,2017,2020,10,178,Total Distribution,21,(MT),3200.0
577400,"Almonds, Shelled Basis",SF,South Africa,2017,2020,10,86,Total Supply,21,(MT),3200.0
577400,"Almonds, Shelled Basis",SF,South Africa,2018,2020,10,20,Beginning Stocks,21,(MT),0.0
577400,"Almonds, Shelled Basis",SF,South Africa,2018,2020,10,125,Domestic Consumption,21,(MT),3200.0
577400,"Almonds, Shelled Basis",SF,South Africa,2018,2020,10,176,Ending Stocks,21,(MT),0.0
577400,"Almonds, Shelled Basis",SF,South Africa,2018,2020,10,88,Exports,21,(MT),0.0
577400,"Almonds, Shelled Basis",SF,South Africa,2018,2020,10,57,Imports,21,(MT),3200.0
577400,"Almonds, Shelled Basis",SF,South Africa,2018,2020,10,28,Production,21,(MT),0.0
577400,"Almonds, Shelled Basis",SF,South Africa,2018,2020,10,178,Total Distribution,21,(MT),3200.0
577400,"Almonds, Shelled Basis",SF,South Africa,2018,2020,10,86,Total Supply,21,(MT),3200.0
577400,"Almonds, Shelled Basis",SF,South Africa,2019,2020,10,20,Beginning Stocks,21,(MT),0.0
577400,"Almonds, Shelled Basis",SF,South Africa,2019,2020,10,125,Domestic Consumption,21,(MT),3200.0
577400,"Almonds, Shelled Basis",SF,South Africa,2019,2020,10,176,Ending Stocks,21,(MT),0.0
577400,"Almonds, Shelled Basis",SF,South Africa,2019,2020,10,88,Exports,21,(MT),0.0
577400,"Almonds, Shelled Basis",SF,South Africa,2019,2020,10,57,Imports,21,(MT),3200.0
577400,"Almonds, Shelled Basis",SF,South Africa,2019,2020,10,28,Production,21,(MT),0.0
577400,"Almonds, Shelled Basis",SF,South Africa,2019,2020,10,178,Total Distribution,21,(MT),3200.0
577400,"Almonds, Shelled Basis",SF,South Africa,2019,2020,10,86,Total Supply,21,(MT),3200.0
577400,"Almonds, Shelled Basis",SF,South Africa,2020,2020,10,20,Beginning Stocks,21,(MT),0.0
577400,"Almonds, Shelled Basis",SF,South Africa,2020,2020,10,125,Domestic Consumption,21,(MT),3500.0
577400,"Almonds, Shelled Basis",SF,South Africa,2020,2020,10,176,Ending Stocks,21,(MT),0.0
577400,"Almonds, Shelled Basis",SF,South Africa,2020,2020,10,88,Exports,21,(MT),0.0
577400,"Almonds, Shelled Basis",SF,South Africa,2020,2020,10,57,Imports,21,(MT),3500.0
577400,"Almonds, Shelled Basis",SF,South Africa,2020,2020,10,28,Production,21,(MT),0.0
577400,"Almonds, Shelled Basis",SF,South Africa,2020,2020,10,178,Total Distribution,21,(MT),3500.0
577400,"Almonds, Shelled Basis",SF,South Africa,2020,2020,10,86,Total Supply,21,(MT),3500.0
577400,"Almonds, Shelled Basis",SP,Spain,1960,1961,0,20,Beginning Stocks,21,(MT),0.0
577400,"Almonds, Shelled Basis",SP,Spain,1960,1961,0,125,Domestic Consumption,21,(MT),0.0
577400,"Almonds, Shelled Basis",SP,Spain,1960,1961,0,176,Ending Stocks,21,(MT),0.0
577400,"Almonds, Shelled Basis",SP,Spain,1960,1961,0,88,Exports,21,(MT),0.0
577400,"Almonds, Shelled Basis",SP,Spain,1960,1961,0,57,Imports,21,(MT),0.0
577400,"Almonds, Shelled Basis",SP,Spain,1960,1961,0,28,Production,21,(MT),29.0
577400,"Almonds, Shelled Basis",SP,Spain,1960,1961,0,178,Total Distribution,21,(MT),0.0
577400,"Almonds, Shelled Basis",SP,Spain,1960,1961,0,86,Total Supply,21,(MT),29.0
577400,"Almonds, Shelled Basis",SP,Spain,1961,1962,0,20,Beginning Stocks,21,(MT),0.0
577400,"Almonds, Shelled Basis",SP,Spain,1961,1962,0,125,Domestic Consumption,21,(MT),0.0
577400,"Almonds, Shelled Basis",SP,Spain,1961,1962,0,176,Ending Stocks,21,(MT),0.0
577400,"Almonds, Shelled Basis",SP,Spain,1961,1962,0,88,Exports,21,(MT),0.0
577400,"Almonds, Shelled Basis",SP,Spain,1961,1962,0,57,Imports,21,(MT),0.0
577400,"Almonds, Shelled Basis",SP,Spain,1961,1962,0,28,Production,21,(MT),32.0
577400,"Almonds, Shelled Basis",SP,Spain,1961,1962,0,178,Total Distribution,21,(MT),0.0
577400,"Almonds, Shelled Basis",SP,Spain,1961,1962,0,86,Total Supply,21,(MT),32.0
577400,"Almonds, Shelled Basis",SP,Spain,1962,1963,0,20,Beginning Stocks,21,(MT),0.0
577400,"Almonds, Shelled Basis",SP,Spain,1962,1963,0,125,Domestic Consumption,21,(MT),0.0
577400,"Almonds, Shelled Basis",SP,Spain,1962,1963,0,176,Ending Stocks,21,(MT),0.0
577400,"Almonds, Shelled Basis",SP,Spain,1962,1963,0,88,Exports,21,(MT),0.0
577400,"Almonds, Shelled Basis",SP,Spain,1962,1963,0,57,Imports,21,(MT),0.0
577400,"Almonds, Shelled Basis",SP,Spain,1962,1963,0,28,Production,21,(MT),18.0
577400,"Almonds, Shelled Basis",SP,Spain,1962,1963,0,178,Total Distribution,21,(MT),0.0
577400,"Almonds, Shelled Basis",SP,Spain,1962,1963,0,86,Total Supply,21,(MT),18.0
577400,"Almonds, Shelled Basis",SP,Spain,1964,1965,0,20,Beginning Stocks,21,(MT),0.0
577400,"Almonds, Shelled Basis",SP,Spain,1964,1965,0,125,Domestic Consumption,21,(MT),0.0
577400,"Almonds, Shelled Basis",SP,Spain,1964,1965,0,176,Ending Stocks,21,(MT),2000.0
577400,"Almonds, Shelled Basis",SP,Spain,1964,1965,0,88,Exports,21,(MT),0.0
577400,"Almonds, Shelled Basis",SP,Spain,1964,1965,0,57,Imports,21,(MT),0.0
577400,"Almonds, Shelled Basis",SP,Spain,1964,1965,0,28,Production,21,(MT),2000.0
577400,"Almonds, Shelled Basis",SP,Spain,1964,1965,0,178,Total Distribution,21,(MT),2000.0
577400,"Almonds, Shelled Basis",SP,Spain,1964,1965,0,86,Total Supply,21,(MT),2000.0
577400,"Almonds, Shelled Basis",SP,Spain,1965,1966,0,20,Beginning Stocks,21,(MT),2000.0
577400,"Almonds, Shelled Basis",SP,Spain,1965,1966,0,125,Domestic Consumption,21,(MT),6100.0
577400,"Almonds, Shelled Basis",SP,Spain,1965,1966,0,176,Ending Stocks,21,(MT),1000.0
577400,"Almonds, Shelled Basis",SP,Spain,1965,1966,0,88,Exports,21,(MT),21900.0
577400,"Almonds, Shelled Basis",SP,Spain,1965,1966,0,57,Imports,21,(MT),0.0
577400,"Almonds, Shelled Basis",SP,Spain,1965,1966,0,28,Production,21,(MT),27000.0
577400,"Almonds, Shelled Basis",SP,Spain,1965,1966,0,178,Total Distribution,21,(MT),29000.0
577400,"Almonds, Shelled Basis",SP,Spain,1965,1966,0,86,Total Supply,21,(MT),29000.0
577400,"Almonds, Shelled Basis",SP,Spain,1966,1967,0,20,Beginning Stocks,21,(MT),1000.0
577400,"Almonds, Shelled Basis",SP,Spain,1966,1967,0,125,Domestic Consumption,21,(MT),6800.0
577400,"Almonds, Shelled Basis",SP,Spain,1966,1967,0,176,Ending Stocks,21,(MT),2000.0
577400,"Almonds, Shelled Basis",SP,Spain,1966,1967,0,88,Exports,21,(MT),29200.0
577400,"Almonds, Shelled Basis",SP,Spain,1966,1967,0,57,Imports,21,(MT),0.0
577400,"Almonds, Shelled Basis",SP,Spain,1966,1967,0,28,Production,21,(MT),37000.0
577400,"Almonds, Shelled Basis",SP,Spain,1966,1967,0,178,Total Distribution,21,(MT),38000.0
577400,"Almonds, Shelled Basis",SP,Spain,1966,1967,0,86,Total Supply,21,(MT),38000.0
577400,"Almonds, Shelled Basis",SP,Spain,1967,1968,0,20,Beginning Stocks,21,(MT),2000.0
577400,"Almonds, Shelled Basis",SP,Spain,1967,1968,0,125,Domestic Consumption,21,(MT),4000.0
577400,"Almonds, Shelled Basis",SP,Spain,1967,1968,0,176,Ending Stocks,21,(MT),3000.0
577400,"Almonds, Shelled Basis",SP,Spain,1967,1968,0,88,Exports,21,(MT),22000.0
577400,"Almonds, Shelled Basis",SP,Spain,1967,1968,0,57,Imports,21,(MT),0.0
577400,"Almonds, Shelled Basis",SP,Spain,1967,1968,0,28,Production,21,(MT),27000.0
577400,"Almonds, Shelled Basis",SP,Spain,1967,1968,0,178,Total Distribution,21,(MT),29000.0
577400,"Almonds, Shelled Basis",SP,Spain,1967,1968,0,86,Total Supply,21,(MT),29000.0
577400,"Almonds, Shelled Basis",SP,Spain,1968,1969,0,20,Beginning Stocks,21,(MT),3000.0
577400,"Almonds, Shelled Basis",SP,Spain,1968,1969,0,125,Domestic Consumption,21,(MT),11800.0
577400,"Almonds, Shelled Basis",SP,Spain,1968,1969,0,176,Ending Stocks,21,(MT),3500.0
577400,"Almonds, Shelled Basis",SP,Spain,1968,1969,0,88,Exports,21,(MT),25200.0
577400,"Almonds, Shelled Basis",SP,Spain,1968,1969,0,57,Imports,21,(MT),0.0
577400,"Almonds, Shelled Basis",SP,Spain,1968,1969,0,28,Production,21,(MT),37500.0
577400,"Almonds, Shelled Basis",SP,Spain,1968,1969,0,178,Total Distribution,21,(MT),40500.0
577400,"Almonds, Shelled Basis",SP,Spain,1968,1969,0,86,Total Supply,21,(MT),40500.0
577400,"Almonds, Shelled Basis",SP,Spain,1969,1970,0,20,Beginning Stocks,21,(MT),3500.0
577400,"Almonds, Shelled Basis",SP,Spain,1969,1970,0,125,Domestic Consumption,21,(MT),9000.0
577400,"Almonds, Shelled Basis",SP,Spain,1969,1970,0,176,Ending Stocks,21,(MT),3500.0
577400,"Almonds, Shelled Basis",SP,Spain,1969,1970,0,88,Exports,21,(MT),13000.0
577400,"Almonds, Shelled Basis",SP,Spain,1969,1970,0,57,Imports,21,(MT),0.0
577400,"Almonds, Shelled Basis",SP,Spain,1969,1970,0,28,Production,21,(MT),22000.0
577400,"Almonds, Shelled Basis",SP,Spain,1969,1970,0,178,Total Distribution,21,(MT),25500.0
577400,"Almonds, Shelled Basis",SP,Spain,1969,1970,0,86,Total Supply,21,(MT),25500.0
577400,"Almonds, Shelled Basis",SP,Spain,1970,1971,0,20,Beginning Stocks,21,(MT),3500.0
577400,"Almonds, Shelled Basis",SP,Spain,1970,1971,0,125,Domestic Consumption,21,(MT),15000.0
577400,"Almonds, Shelled Basis",SP,Spain,1970,1971,0,176,Ending Stocks,21,(MT),4000.0
577400,"Almonds, Shelled Basis",SP,Spain,1970,1971,0,88,Exports,21,(MT),16500.0
577400,"Almonds, Shelled Basis",SP,Spain,1970,1971,0,57,Imports,21,(MT),0.0
577400,"Almonds, Shelled Basis",SP,Spain,1970,1971,0,28,Production,21,(MT),32000.0
577400,"Almonds, Shelled Basis",SP,Spain,1970,1971,0,178,Total Distribution,21,(MT),35500.0
577400,"Almonds, Shelled Basis",SP,Spain,1970,1971,0,86,Total Supply,21,(MT),35500.0
577400,"Almonds, Shelled Basis",SP,Spain,1971,1972,0,20,Beginning Stocks,21,(MT),4000.0
577400,"Almonds, Shelled Basis",SP,Spain,1971,1972,0,125,Domestic Consumption,21,(MT),14000.0
577400,"Almonds, Shelled Basis",SP,Spain,1971,1972,0,176,Ending Stocks,21,(MT),4000.0
577400,"Almonds, Shelled Basis",SP,Spain,1971,1972,0,88,Exports,21,(MT),19000.0
577400,"Almonds, Shelled Basis",SP,Spain,1971,1972,0,57,Imports,21,(MT),0.0
577400,"Almonds, Shelled Basis",SP,Spain,1971,1972,0,28,Production,21,(MT),33000.0
577400,"Almonds, Shelled Basis",SP,Spain,1971,1972,0,178,Total Distribution,21,(MT),37000.0
577400,"Almonds, Shelled Basis",SP,Spain,1971,1972,0,86,Total Supply,21,(MT),37000.0
577400,"Almonds, Shelled Basis",SP,Spain,1972,1973,0,20,Beginning Stocks,21,(MT),4000.0
577400,"Almonds, Shelled Basis",SP,Spain,1972,1973,0,125,Domestic Consumption,21,(MT),16000.0
577400,"Almonds, Shelled Basis",SP,Spain,1972,1973,0,176,Ending Stocks,21,(MT),5000.0
577400,"Almonds, Shelled Basis",SP,Spain,1972,1973,0,88,Exports,21,(MT),33000.0
577400,"Almonds, Shelled Basis",SP,Spain,1972,1973,0,57,Imports,21,(MT),0.0
577400,"Almonds, Shelled Basis",SP,Spain,1972,1973,0,28,Production,21,(MT),50000.0
577400,"Almonds, Shelled Basis",SP,Spain,1972,1973,0,178,Total Distribution,21,(MT),54000.0
577400,"Almonds, Shelled Basis",SP,Spain,1972,1973,0,86,Total Supply,21,(MT),54000.0
577400,"Almonds, Shelled Basis",SP,Spain,1973,1974,0,20,Beginning Stocks,21,(MT),5000.0
577400,"Almonds, Shelled Basis",SP,Spain,1973,1974,0,125,Domestic Consumption,21,(MT),18000.0
577400,"Almonds, Shelled Basis",SP,Spain,1973,1974,0,176,Ending Stocks,21,(MT),5000.0
577400,"Almonds, Shelled Basis",SP,Spain,1973,1974,0,88,Exports,21,(MT),19000.0
577400,"Almonds, Shelled Basis",SP,Spain,1973,1974,0,57,Imports,21,(MT),0.0
577400,"Almonds, Shelled Basis",SP,Spain,1973,1974,0,28,Production,21,(MT),37000.0
577400,"Almonds, Shelled Basis",SP,Spain,1973,1974,0,178,Total Distribution,21,(MT),42000.0
577400,"Almonds, Shelled Basis",SP,Spain,1973,1974,0,86,Total Supply,21,(MT),42000.0
577400,"Almonds, Shelled Basis",SP,Spain,1974,1975,0,20,Beginning Stocks,21,(MT),5000.0
577400,"Almonds, Shelled Basis",SP,Spain,1974,1975,0,125,Domestic Consumption,21,(MT),20000.0
577400,"Almonds, Shelled Basis",SP,Spain,1974,1975,0,176,Ending Stocks,21,(MT),21500.0
577400,"Almonds, Shelled Basis",SP,Spain,1974,1975,0,88,Exports,21,(MT),18500.0
577400,"Almonds, Shelled Basis",SP,Spain,1974,1975,0,57,Imports,21,(MT),0.0
577400,"Almonds, Shelled Basis",SP,Spain,1974,1975,0,28,Production,21,(MT),55000.0
577400,"Almonds, Shelled Basis",SP,Spain,1974,1975,0,178,Total Distribution,21,(MT),60000.0
577400,"Almonds, Shelled Basis",SP,Spain,1974,1975,0,86,Total Supply,21,(MT),60000.0
577400,"Almonds, Shelled Basis",SP,Spain,1975,1976,0,20,Beginning Stocks,21,(MT),21500.0
577400,"Almonds, Shelled Basis",SP,Spain,1975,1976,0,125,Domestic Consumption,21,(MT),28200.0
577400,"Almonds, Shelled Basis",SP,Spain,1975,1976,0,176,Ending Stocks,21,(MT),15000.0
577400,"Almonds, Shelled Basis",SP,Spain,1975,1976,0,88,Exports,21,(MT),21800.0
577400,"Almonds, Shelled Basis",SP,Spain,1975,1976,0,57,Imports,21,(MT),0.0
577400,"Almonds, Shelled Basis",SP,Spain,1975,1976,0,28,Production,21,(MT),43500.0
577400,"Almonds, Shelled Basis",SP,Spain,1975,1976,0,178,Total Distribution,21,(MT),65000.0
577400,"Almonds, Shelled Basis",SP,Spain,1975,1976,0,86,Total Supply,21,(MT),65000.0
577400,"Almonds, Shelled Basis",SP,Spain,1976,1977,0,20,Beginning Stocks,21,(MT),15000.0
577400,"Almonds, Shelled Basis",SP,Spain,1976,1977,0,125,Domestic Consumption,21,(MT),28000.0
577400,"Almonds, Shelled Basis",SP,Spain,1976,1977,0,176,Ending Stocks,21,(MT),22000.0
577400,"Almonds, Shelled Basis",SP,Spain,1976,1977,0,88,Exports,21,(MT),30000.0
577400,"Almonds, Shelled Basis",SP,Spain,1976,1977,0,57,Imports,21,(MT),0.0
577400,"Almonds, Shelled Basis",SP,Spain,1976,1977,0,28,Production,21,(MT),65000.0
577400,"Almonds, Shelled Basis",SP,Spain,1976,1977,0,178,Total Distribution,21,(MT),80000.0
577400,"Almonds, Shelled Basis",SP,Spain,1976,1977,0,86,Total Supply,21,(MT),80000.0
577400,"Almonds, Shelled Basis",SP,Spain,1977,1978,0,20,Beginning Stocks,21,(MT),22000.0
577400,"Almonds, Shelled Basis",SP,Spain,1977,1978,0,125,Domestic Consumption,21,(MT),26000.0
577400,"Almonds, Shelled Basis",SP,Spain,1977,1978,0,176,Ending Stocks,21,(MT),7500.0
577400,"Almonds, Shelled Basis",SP,Spain,1977,1978,0,88,Exports,21,(MT),20500.0
577400,"Almonds, Shelled Basis",SP,Spain,1977,1978,0,57,Imports,21,(MT),0.0
577400,"Almonds, Shelled Basis",SP,Spain,1977,1978,0,28,Production,21,(MT),32000.0
577400,"Almonds, Shelled Basis",SP,Spain,1977,1978,0,178,Total Distribution,21,(MT),54000.0
577400,"Almonds, Shelled Basis",SP,Spain,1977,1978,0,86,Total Supply,21,(MT),54000.0
577400,"Almonds, Shelled Basis",SP,Spain,1978,1979,0,20,Beginning Stocks,21,(MT),7500.0
577400,"Almonds, Shelled Basis",SP,Spain,1978,1979,0,125,Domestic Consumption,21,(MT),23000.0
577400,"Almonds, Shelled Basis",SP,Spain,1978,1979,0,176,Ending Stocks,21,(MT),9500.0
577400,"Almonds, Shelled Basis",SP,Spain,1978,1979,0,88,Exports,21,(MT),35000.0
577400,"Almonds, Shelled Basis",SP,Spain,1978,1979,0,57,Imports,21,(MT),0.0
577400,"Almonds, Shelled Basis",SP,Spain,1978,1979,0,28,Production,21,(MT),60000.0
577400,"Almonds, Shelled Basis",SP,Spain,1978,1979,0,178,Total Distribution,21,(MT),67500.0
577400,"Almonds, Shelled Basis",SP,Spain,1978,1979,0,86,Total Supply,21,(MT),67500.0
577400,"Almonds, Shelled Basis",SP,Spain,1979,1980,0,20,Beginning Stocks,21,(MT),9500.0
577400,"Almonds, Shelled Basis",SP,Spain,1979,1980,0,125,Domestic Consumption,21,(MT),22000.0
577400,"Almonds, Shelled Basis",SP,Spain,1979,1980,0,176,Ending Stocks,21,(MT),5500.0
577400,"Almonds, Shelled Basis",SP,Spain,1979,1980,0,88,Exports,21,(MT),15000.0
577400,"Almonds, Shelled Basis",SP,Spain,1979,1980,0,57,Imports,21,(MT),1000.0
577400,"Almonds, Shelled Basis",SP,Spain,1979,1980,0,28,Production,21,(MT),32000.0
577400,"Almonds, Shelled Basis",SP,Spain,1979,1980,0,178,Total Distribution,21,(MT),42500.0
577400,"Almonds, Shelled Basis",SP,Spain,1979,1980,0,86,Total Supply,21,(MT),42500.0
577400,"Almonds, Shelled Basis",SP,Spain,1980,1981,0,20,Beginning Stocks,21,(MT),5500.0
577400,"Almonds, Shelled Basis",SP,Spain,1980,1981,0,125,Domestic Consumption,21,(MT),25000.0
577400,"Almonds, Shelled Basis",SP,Spain,1980,1981,0,176,Ending Stocks,21,(MT),4500.0
577400,"Almonds, Shelled Basis",SP,Spain,1980,1981,0,88,Exports,21,(MT),22000.0
577400,"Almonds, Shelled Basis",SP,Spain,1980,1981,0,57,Imports,21,(MT),1000.0
577400,"Almonds, Shelled Basis",SP,Spain,1980,1981,0,28,Production,21,(MT),45000.0
577400,"Almonds, Shelled Basis",SP,Spain,1980,1981,0,178,Total Distribution,21,(MT),51500.0
577400,"Almonds, Shelled Basis",SP,Spain,1980,1981,0,86,Total Supply,21,(MT),51500.0
577400,"Almonds, Shelled Basis",SP,Spain,1981,1982,0,20,Beginning Stocks,21,(MT),4500.0
577400,"Almonds, Shelled Basis",SP,Spain,1981,1982,0,125,Domestic Consumption,21,(MT),28000.0
577400,"Almonds, Shelled Basis",SP,Spain,1981,1982,0,176,Ending Stocks,21,(MT),32100.0
577400,"Almonds, Shelled Basis",SP,Spain,1981,1982,0,88,Exports,21,(MT),24400.0
577400,"Almonds, Shelled Basis",SP,Spain,1981,1982,0,57,Imports,21,(MT),0.0
577400,"Almonds, Shelled Basis",SP,Spain,1981,1982,0,28,Production,21,(MT),80000.0
577400,"Almonds, Shelled Basis",SP,Spain,1981,1982,0,178,Total Distribution,21,(MT),84500.0
577400,"Almonds, Shelled Basis",SP,Spain,1981,1982,0,86,Total Supply,21,(MT),84500.0
577400,"Almonds, Shelled Basis",SP,Spain,1982,1983,0,20,Beginning Stocks,21,(MT),32100.0
577400,"Almonds, Shelled Basis",SP,Spain,1982,1983,0,125,Domestic Consumption,21,(MT),26000.0
577400,"Almonds, Shelled Basis",SP,Spain,1982,1983,0,176,Ending Stocks,21,(MT),21100.0
577400,"Almonds, Shelled Basis",SP,Spain,1982,1983,0,88,Exports,21,(MT),45000.0
577400,"Almonds, Shelled Basis",SP,Spain,1982,1983,0,57,Imports,21,(MT),0.0
577400,"Almonds, Shelled Basis",SP,Spain,1982,1983,0,28,Production,21,(MT),60000.0
577400,"Almonds, Shelled Basis",SP,Spain,1982,1983,0,178,Total Distribution,21,(MT),92100.0
577400,"Almonds, Shelled Basis",SP,Spain,1982,1983,0,86,Total Supply,21,(MT),92100.0
577400,"Almonds, Shelled Basis",SP,Spain,1983,1984,0,20,Beginning Stocks,21,(MT),21100.0
577400,"Almonds, Shelled Basis",SP,Spain,1983,1984,0,125,Domestic Consumption,21,(MT),22000.0
577400,"Almonds, Shelled Basis",SP,Spain,1983,1984,0,176,Ending Stocks,21,(MT),1300.0
577400,"Almonds, Shelled Basis",SP,Spain,1983,1984,0,88,Exports,21,(MT),29900.0
577400,"Almonds, Shelled Basis",SP,Spain,1983,1984,0,57,Imports,21,(MT),100.0
577400,"Almonds, Shelled Basis",SP,Spain,1983,1984,0,28,Production,21,(MT),32000.0
577400,"Almonds, Shelled Basis",SP,Spain,1983,1984,0,178,Total Distribution,21,(MT),53200.0
577400,"Almonds, Shelled Basis",SP,Spain,1983,1984,0,86,Total Supply,21,(MT),53200.0
577400,"Almonds, Shelled Basis",SP,Spain,1984,1985,0,20,Beginning Stocks,21,(MT),1300.0
577400,"Almonds, Shelled Basis",SP,Spain,1984,1985,0,125,Domestic Consumption,21,(MT),21000.0
577400,"Almonds, Shelled Basis",SP,Spain,1984,1985,0,176,Ending Stocks,21,(MT),1990.0
577400,"Almonds, Shelled Basis",SP,Spain,1984,1985,0,88,Exports,21,(MT),19300.0
577400,"Almonds, Shelled Basis",SP,Spain,1984,1985,0,57,Imports,21,(MT),990.0
577400,"Almonds, Shelled Basis",SP,Spain,1984,1985,0,28,Production,21,(MT),40000.0
577400,"Almonds, Shelled Basis",SP,Spain,1984,1985,0,178,Total Distribution,21,(MT),42290.0
577400,"Almonds, Shelled Basis",SP,Spain,1984,1985,0,86,Total Supply,21,(MT),42290.0
577400,"Almonds, Shelled Basis",SP,Spain,1985,1986,0,20,Beginning Stocks,21,(MT),1990.0
577400,"Almonds, Shelled Basis",SP,Spain,1985,1986,0,125,Domestic Consumption,21,(MT),24000.0
577400,"Almonds, Shelled Basis",SP,Spain,1985,1986,0,176,Ending Stocks,21,(MT),19490.0
577400,"Almonds, Shelled Basis",SP,Spain,1985,1986,0,88,Exports,21,(MT),24000.0
577400,"Almonds, Shelled Basis",SP,Spain,1985,1986,0,57,Imports,21,(MT),500.0
577400,"Almonds, Shelled Basis",SP,Spain,1985,1986,0,28,Production,21,(MT),65000.0
577400,"Almonds, Shelled Basis",SP,Spain,1985,1986,0,178,Total Distribution,21,(MT),67490.0
577400,"Almonds, Shelled Basis",SP,Spain,1985,1986,0,86,Total Supply,21,(MT),67490.0
577400,"Almonds, Shelled Basis",SP,Spain,1986,1987,0,20,Beginning Stocks,21,(MT),19490.0
577400,"Almonds, Shelled Basis",SP,Spain,1986,1987,0,125,Domestic Consumption,21,(MT),25000.0
577400,"Almonds, Shelled Basis",SP,Spain,1986,1987,0,176,Ending Stocks,21,(MT),14245.0
577400,"Almonds, Shelled Basis",SP,Spain,1986,1987,0,88,Exports,21,(MT),30500.0
577400,"Almonds, Shelled Basis",SP,Spain,1986,1987,0,57,Imports,21,(MT),255.0
577400,"Almonds, Shelled Basis",SP,Spain,1986,1987,0,28,Production,21,(MT),50000.0
577400,"Almonds, Shelled Basis",SP,Spain,1986,1987,0,178,Total Distribution,21,(MT),69745.0
577400,"Almonds, Shelled Basis",SP,Spain,1986,1987,0,86,Total Supply,21,(MT),69745.0
577400,"Almonds, Shelled Basis",SP,Spain,1987,1988,0,20,Beginning Stocks,21,(MT),14245.0
577400,"Almonds, Shelled Basis",SP,Spain,1987,1988,0,125,Domestic Consumption,21,(MT),30000.0
577400,"Almonds, Shelled Basis",SP,Spain,1987,1988,0,176,Ending Stocks,21,(MT),38045.0
577400,"Almonds, Shelled Basis",SP,Spain,1987,1988,0,88,Exports,21,(MT),16600.0
577400,"Almonds, Shelled Basis",SP,Spain,1987,1988,0,57,Imports,21,(MT),5400.0
577400,"Almonds, Shelled Basis",SP,Spain,1987,1988,0,28,Production,21,(MT),65000.0
577400,"Almonds, Shelled Basis",SP,Spain,1987,1988,0,178,Total Distribution,21,(MT),84645.0
577400,"Almonds, Shelled Basis",SP,Spain,1987,1988,0,86,Total Supply,21,(MT),84645.0
577400,"Almonds, Shelled Basis",SP,Spain,1988,1989,0,20,Beginning Stocks,21,(MT),38045.0
577400,"Almonds, Shelled Basis",SP,Spain,1988,1989,0,125,Domestic Consumption,21,(MT),30000.0
577400,"Almonds, Shelled Basis",SP,Spain,1988,1989,0,176,Ending Stocks,21,(MT),38445.0
577400,"Almonds, Shelled Basis",SP,Spain,1988,1989,0,88,Exports,21,(MT),14500.0
577400,"Almonds, Shelled Basis",SP,Spain,1988,1989,0,57,Imports,21,(MT),4900.0
577400,"Almonds, Shelled Basis",SP,Spain,1988,1989,0,28,Production,21,(MT),40000.0
577400,"Almonds, Shelled Basis",SP,Spain,1988,1989,0,178,Total Distribution,21,(MT),82945.0
577400,"Almonds, Shelled Basis",SP,Spain,1988,1989,0,86,Total Supply,21,(MT),82945.0
577400,"Almonds, Shelled Basis",SP,Spain,1989,1990,0,20,Beginning Stocks,21,(MT),38445.0
577400,"Almonds, Shelled Basis",SP,Spain,1989,1990,0,125,Domestic Consumption,21,(MT),35000.0
577400,"Almonds, Shelled Basis",SP,Spain,1989,1990,0,176,Ending Stocks,21,(MT),54145.0
577400,"Almonds, Shelled Basis",SP,Spain,1989,1990,0,88,Exports,21,(MT),32000.0
577400,"Almonds, Shelled Basis",SP,Spain,1989,1990,0,57,Imports,21,(MT),2700.0
577400,"Almonds, Shelled Basis",SP,Spain,1989,1990,0,28,Production,21,(MT),80000.0
577400,"Almonds, Shelled Basis",SP,Spain,1989,1990,0,178,Total Distribution,21,(MT),121145.0
577400,"Almonds, Shelled Basis",SP,Spain,1989,1990,0,86,Total Supply,21,(MT),121145.0
577400,"Almonds, Shelled Basis",SP,Spain,1990,1991,0,20,Beginning Stocks,21,(MT),54145.0
577400,"Almonds, Shelled Basis",SP,Spain,1990,1991,0,125,Domestic Consumption,21,(MT),81045.0
577400,"Almonds, Shelled Basis",SP,Spain,1990,1991,0,176,Ending Stocks,21,(MT),16000.0
577400,"Almonds, Shelled Basis",SP,Spain,1990,1991,0,88,Exports,21,(MT),24800.0
577400,"Almonds, Shelled Basis",SP,Spain,1990,1991,0,57,Imports,21,(MT),5200.0
577400,"Almonds, Shelled Basis",SP,Spain,1990,1991,0,28,Production,21,(MT),62500.0
577400,"Almonds, Shelled Basis",SP,Spain,1990,1991,0,178,Total Distribution,21,(MT),121845.0
577400,"Almonds, Shelled Basis",SP,Spain,1990,1991,0,86,Total Supply,21,(MT),121845.0
577400,"Almonds, Shelled Basis",SP,Spain,1991,1992,0,20,Beginning Stocks,21,(MT),16000.0
577400,"Almonds, Shelled Basis",SP,Spain,1991,1992,0,125,Domestic Consumption,21,(MT),49200.0
577400,"Almonds, Shelled Basis",SP,Spain,1991,1992,0,176,Ending Stocks,21,(MT),18500.0
577400,"Almonds, Shelled Basis",SP,Spain,1991,1992,0,88,Exports,21,(MT),21100.0
577400,"Almonds, Shelled Basis",SP,Spain,1991,1992,0,57,Imports,21,(MT),8300.0
577400,"Almonds, Shelled Basis",SP,Spain,1991,1992,0,28,Production,21,(MT),64500.0
577400,"Almonds, Shelled Basis",SP,Spain,1991,1992,0,178,Total Distribution,21,(MT),88800.0
577400,"Almonds, Shelled Basis",SP,Spain,1991,1992,0,86,Total Supply,21,(MT),88800.0
577400,"Almonds, Shelled Basis",SP,Spain,1992,1993,0,20,Beginning Stocks,21,(MT),18500.0
577400,"Almonds, Shelled Basis",SP,Spain,1992,1993,0,125,Domestic Consumption,21,(MT),55200.0
577400,"Almonds, Shelled Basis",SP,Spain,1992,1993,0,176,Ending Stocks,21,(MT),6500.0
577400,"Almonds, Shelled Basis",SP,Spain,1992,1993,0,88,Exports,21,(MT),31300.0
577400,"Almonds, Shelled Basis",SP,Spain,1992,1993,0,57,Imports,21,(MT),2500.0
577400,"Almonds, Shelled Basis",SP,Spain,1992,1993,0,28,Production,21,(MT),72000.0
577400,"Almonds, Shelled Basis",SP,Spain,1992,1993,0,178,Total Distribution,21,(MT),93000.0
577400,"Almonds, Shelled Basis",SP,Spain,1992,1993,0,86,Total Supply,21,(MT),93000.0
577400,"Almonds, Shelled Basis",SP,Spain,1993,1994,0,20,Beginning Stocks,21,(MT),6500.0
577400,"Almonds, Shelled Basis",SP,Spain,1993,1994,0,125,Domestic Consumption,21,(MT),50500.0
577400,"Almonds, Shelled Basis",SP,Spain,1993,1994,0,176,Ending Stocks,21,(MT),7700.0
577400,"Almonds, Shelled Basis",SP,Spain,1993,1994,0,88,Exports,21,(MT),37200.0
577400,"Almonds, Shelled Basis",SP,Spain,1993,1994,0,57,Imports,21,(MT),4900.0
577400,"Almonds, Shelled Basis",SP,Spain,1993,1994,0,28,Production,21,(MT),84000.0
577400,"Almonds, Shelled Basis",SP,Spain,1993,1994,0,178,Total Distribution,21,(MT),95400.0
577400,"Almonds, Shelled Basis",SP,Spain,1993,1994,0,86,Total Supply,21,(MT),95400.0
577400,"Almonds, Shelled Basis",SP,Spain,1994,1995,0,20,Beginning Stocks,21,(MT),7700.0
577400,"Almonds, Shelled Basis",SP,Spain,1994,1995,0,125,Domestic Consumption,21,(MT),49560.0
577400,"Almonds, Shelled Basis",SP,Spain,1994,1995,0,176,Ending Stocks,21,(MT),18400.0
577400,"Almonds, Shelled Basis",SP,Spain,1994,1995,0,88,Exports,21,(MT),28600.0
577400,"Almonds, Shelled Basis",SP,Spain,1994,1995,0,57,Imports,21,(MT),18600.0
577400,"Almonds, Shelled Basis",SP,Spain,1994,1995,0,28,Production,21,(MT),70260.0
577400,"Almonds, Shelled Basis",SP,Spain,1994,1995,0,178,Total Distribution,21,(MT),96560.0
577400,"Almonds, Shelled Basis",SP,Spain,1994,1995,0,86,Total Supply,21,(MT),96560.0
577400,"Almonds, Shelled Basis",SP,Spain,1995,1996,0,20,Beginning Stocks,21,(MT),18400.0
577400,"Almonds, Shelled Basis",SP,Spain,1995,1996,0,125,Domestic Consumption,21,(MT),49500.0
577400,"Almonds, Shelled Basis",SP,Spain,1995,1996,0,176,Ending Stocks,21,(MT),8500.0
577400,"Almonds, Shelled Basis",SP,Spain,1995,1996,0,88,Exports,21,(MT),23600.0
577400,"Almonds, Shelled Basis",SP,Spain,1995,1996,0,57,Imports,21,(MT),17900.0
577400,"Almonds, Shelled Basis",SP,Spain,1995,1996,0,28,Production,21,(MT),45300.0
577400,"Almonds, Shelled Basis",SP,Spain,1995,1996,0,178,Total Distribution,21,(MT),81600.0
577400,"Almonds, Shelled Basis",SP,Spain,1995,1996,0,86,Total Supply,21,(MT),81600.0
577400,"Almonds, Shelled Basis",SP,Spain,1996,1997,0,20,Beginning Stocks,21,(MT),8500.0
577400,"Almonds, Shelled Basis",SP,Spain,1996,1997,0,125,Domestic Consumption,21,(MT),51100.0
577400,"Almonds, Shelled Basis",SP,Spain,1996,1997,0,176,Ending Stocks,21,(MT),4000.0
577400,"Almonds, Shelled Basis",SP,Spain,1996,1997,0,88,Exports,21,(MT),33600.0
577400,"Almonds, Shelled Basis",SP,Spain,1996,1997,0,57,Imports,21,(MT),20200.0
577400,"Almonds, Shelled Basis",SP,Spain,1996,1997,0,28,Production,21,(MT),60000.0
577400,"Almonds, Shelled Basis",SP,Spain,1996,1997,0,178,Total Distribution,21,(MT),88700.0
577400,"Almonds, Shelled Basis",SP,Spain,1996,1997,0,86,Total Supply,21,(MT),88700.0
577400,"Almonds, Shelled Basis",SP,Spain,1997,1998,0,20,Beginning Stocks,21,(MT),4000.0
577400,"Almonds, Shelled Basis",SP,Spain,1997,1998,0,125,Domestic Consumption,21,(MT),40000.0
577400,"Almonds, Shelled Basis",SP,Spain,1997,1998,0,176,Ending Stocks,21,(MT),14000.0
577400,"Almonds, Shelled Basis",SP,Spain,1997,1998,0,88,Exports,21,(MT),50800.0
577400,"Almonds, Shelled Basis",SP,Spain,1997,1998,0,57,Imports,21,(MT),25800.0
577400,"Almonds, Shelled Basis",SP,Spain,1997,1998,0,28,Production,21,(MT),75000.0
577400,"Almonds, Shelled Basis",SP,Spain,1997,1998,0,178,Total Distribution,21,(MT),104800.0
577400,"Almonds, Shelled Basis",SP,Spain,1997,1998,0,86,Total Supply,21,(MT),104800.0
577400,"Almonds, Shelled Basis",SP,Spain,1998,1999,0,20,Beginning Stocks,21,(MT),14000.0
577400,"Almonds, Shelled Basis",SP,Spain,1998,1999,0,125,Domestic Consumption,21,(MT),29600.0
577400,"Almonds, Shelled Basis",SP,Spain,1998,1999,0,176,Ending Stocks,21,(MT),0.0
577400,"Almonds, Shelled Basis",SP,Spain,1998,1999,0,88,Exports,21,(MT),40700.0
577400,"Almonds, Shelled Basis",SP,Spain,1998,1999,0,57,Imports,21,(MT),26300.0
577400,"Almonds, Shelled Basis",SP,Spain,1998,1999,0,28,Production,21,(MT),30000.0
577400,"Almonds, Shelled Basis",SP,Spain,1998,1999,0,178,Total Distribution,21,(MT),70300.0
577400,"Almonds, Shelled Basis",SP,Spain,1998,1999,0,86,Total Supply,21,(MT),70300.0
577400,"Almonds, Shelled Basis",SP,Spain,1999,2000,0,20,Beginning Stocks,21,(MT),0.0
577400,"Almonds, Shelled Basis",SP,Spain,1999,2000,0,125,Domestic Consumption,21,(MT),52000.0
577400,"Almonds, Shelled Basis",SP,Spain,1999,2000,0,176,Ending Stocks,21,(MT),5000.0
577400,"Almonds, Shelled Basis",SP,Spain,1999,2000,0,88,Exports,21,(MT),43000.0
577400,"Almonds, Shelled Basis",SP,Spain,1999,2000,0,57,Imports,21,(MT),34000.0
577400,"Almonds, Shelled Basis",SP,Spain,1999,2000,0,28,Production,21,(MT),66000.0
577400,"Almonds, Shelled Basis",SP,Spain,1999,2000,0,178,Total Distribution,21,(MT),100000.0
577400,"Almonds, Shelled Basis",SP,Spain,1999,2000,0,86,Total Supply,21,(MT),100000.0
577400,"Almonds, Shelled Basis",SP,Spain,2000,2010,10,20,Beginning Stocks,21,(MT),5000.0
577400,"Almonds, Shelled Basis",SP,Spain,2000,2010,10,125,Domestic Consumption,21,(MT),39000.0
577400,"Almonds, Shelled Basis",SP,Spain,2000,2010,10,176,Ending Stocks,21,(MT),0.0
577400,"Almonds, Shelled Basis",SP,Spain,2000,2010,10,88,Exports,21,(MT),51000.0
577400,"Almonds, Shelled Basis",SP,Spain,2000,2010,10,57,Imports,21,(MT),32000.0
577400,"Almonds, Shelled Basis",SP,Spain,2000,2010,10,28,Production,21,(MT),53000.0
577400,"Almonds, Shelled Basis",SP,Spain,2000,2010,10,178,Total Distribution,21,(MT),90000.0
577400,"Almonds, Shelled Basis",SP,Spain,2000,2010,10,86,Total Supply,21,(MT),90000.0
577400,"Almonds, Shelled Basis",SP,Spain,2001,2010,10,20,Beginning Stocks,21,(MT),0.0
577400,"Almonds, Shelled Basis",SP,Spain,2001,2010,10,125,Domestic Consumption,21,(MT),0.0
577400,"Almonds, Shelled Basis",SP,Spain,2001,2010,10,176,Ending Stocks,21,(MT),0.0
577400,"Almonds, Shelled Basis",SP,Spain,2001,2010,10,88,Exports,21,(MT),0.0
577400,"Almonds, Shelled Basis",SP,Spain,2001,2010,10,57,Imports,21,(MT),0.0
577400,"Almonds, Shelled Basis",SP,Spain,2001,2010,10,28,Production,21,(MT),0.0
577400,"Almonds, Shelled Basis",SP,Spain,2001,2010,10,178,Total Distribution,21,(MT),0.0
577400,"Almonds, Shelled Basis",SP,Spain,2001,2010,10,86,Total Supply,21,(MT),0.0
577400,"Almonds, Shelled Basis",SP,Spain,2002,2010,10,20,Beginning Stocks,21,(MT),0.0
577400,"Almonds, Shelled Basis",SP,Spain,2002,2010,10,125,Domestic Consumption,21,(MT),0.0
577400,"Almonds, Shelled Basis",SP,Spain,2002,2010,10,176,Ending Stocks,21,(MT),0.0
577400,"Almonds, Shelled Basis",SP,Spain,2002,2010,10,88,Exports,21,(MT),0.0
577400,"Almonds, Shelled Basis",SP,Spain,2002,2010,10,57,Imports,21,(MT),0.0
577400,"Almonds, Shelled Basis",SP,Spain,2002,2010,10,28,Production,21,(MT),0.0
577400,"Almonds, Shelled Basis",SP,Spain,2002,2010,10,178,Total Distribution,21,(MT),0.0
577400,"Almonds, Shelled Basis",SP,Spain,2002,2010,10,86,Total Supply,21,(MT),0.0
577400,"Almonds, Shelled Basis",SP,Spain,2003,2010,10,20,Beginning Stocks,21,(MT),0.0
577400,"Almonds, Shelled Basis",SP,Spain,2003,2010,10,125,Domestic Consumption,21,(MT),0.0
577400,"Almonds, Shelled Basis",SP,Spain,2003,2010,10,176,Ending Stocks,21,(MT),0.0
577400,"Almonds, Shelled Basis",SP,Spain,2003,2010,10,88,Exports,21,(MT),0.0
577400,"Almonds, Shelled Basis",SP,Spain,2003,2010,10,57,Imports,21,(MT),0.0
577400,"Almonds, Shelled Basis",SP,Spain,2003,2010,10,28,Production,21,(MT),0.0
577400,"Almonds, Shelled Basis",SP,Spain,2003,2010,10,178,Total Distribution,21,(MT),0.0
577400,"Almonds, Shelled Basis",SP,Spain,2003,2010,10,86,Total Supply,21,(MT),0.0
577400,"Almonds, Shelled Basis",SP,Spain,2004,2009,8,20,Beginning Stocks,21,(MT),0.0
577400,"Almonds, Shelled Basis",SP,Spain,2004,2009,8,125,Domestic Consumption,21,(MT),0.0
577400,"Almonds, Shelled Basis",SP,Spain,2004,2009,8,176,Ending Stocks,21,(MT),0.0
577400,"Almonds, Shelled Basis",SP,Spain,2004,2009,8,88,Exports,21,(MT),0.0
577400,"Almonds, Shelled Basis",SP,Spain,2004,2009,8,57,Imports,21,(MT),0.0
577400,"Almonds, Shelled Basis",SP,Spain,2004,2009,8,28,Production,21,(MT),0.0
577400,"Almonds, Shelled Basis",SP,Spain,2004,2009,8,178,Total Distribution,21,(MT),0.0
577400,"Almonds, Shelled Basis",SP,Spain,2004,2009,8,86,Total Supply,21,(MT),0.0
577400,"Almonds, Shelled Basis",SP,Spain,2005,2009,8,20,Beginning Stocks,21,(MT),0.0
577400,"Almonds, Shelled Basis",SP,Spain,2005,2009,8,125,Domestic Consumption,21,(MT),0.0
577400,"Almonds, Shelled Basis",SP,Spain,2005,2009,8,176,Ending Stocks,21,(MT),0.0
577400,"Almonds, Shelled Basis",SP,Spain,2005,2009,8,88,Exports,21,(MT),0.0
577400,"Almonds, Shelled Basis",SP,Spain,2005,2009,8,57,Imports,21,(MT),0.0
577400,"Almonds, Shelled Basis",SP,Spain,2005,2009,8,28,Production,21,(MT),0.0
577400,"Almonds, Shelled Basis",SP,Spain,2005,2009,8,178,Total Distribution,21,(MT),0.0
577400,"Almonds, Shelled Basis",SP,Spain,2005,2009,8,86,Total Supply,21,(MT),0.0
577400,"Almonds, Shelled Basis",SP,Spain,2006,2008,11,20,Beginning Stocks,21,(MT),0.0
577400,"Almonds, Shelled Basis",SP,Spain,2006,2008,11,125,Domestic Consumption,21,(MT),0.0
577400,"Almonds, Shelled Basis",SP,Spain,2006,2008,11,176,Ending Stocks,21,(MT),0.0
577400,"Almonds, Shelled Basis",SP,Spain,2006,2008,11,88,Exports,21,(MT),0.0
577400,"Almonds, Shelled Basis",SP,Spain,2006,2008,11,57,Imports,21,(MT),0.0
577400,"Almonds, Shelled Basis",SP,Spain,2006,2008,11,28,Production,21,(MT),0.0
577400,"Almonds, Shelled Basis",SP,Spain,2006,2008,11,178,Total Distribution,21,(MT),0.0
577400,"Almonds, Shelled Basis",SP,Spain,2006,2008,11,86,Total Supply,21,(MT),0.0
577400,"Almonds, Shelled Basis",SP,Spain,2007,2008,11,20,Beginning Stocks,21,(MT),0.0
577400,"Almonds, Shelled Basis",SP,Spain,2007,2008,11,125,Domestic Consumption,21,(MT),0.0
577400,"Almonds, Shelled Basis",SP,Spain,2007,2008,11,176,Ending Stocks,21,(MT),0.0
577400,"Almonds, Shelled Basis",SP,Spain,2007,2008,11,88,Exports,21,(MT),0.0
577400,"Almonds, Shelled Basis",SP,Spain,2007,2008,11,57,Imports,21,(MT),0.0
577400,"Almonds, Shelled Basis",SP,Spain,2007,2008,11,28,Production,21,(MT),0.0
577400,"Almonds, Shelled Basis",SP,Spain,2007,2008,11,178,Total Distribution,21,(MT),0.0
577400,"Almonds, Shelled Basis",SP,Spain,2007,2008,11,86,Total Supply,21,(MT),0.0
577400,"Almonds, Shelled Basis",SP,Spain,2008,2008,11,20,Beginning Stocks,21,(MT),0.0
577400,"Almonds, Shelled Basis",SP,Spain,2008,2008,11,125,Domestic Consumption,21,(MT),0.0
577400,"Almonds, Shelled Basis",SP,Spain,2008,2008,11,176,Ending Stocks,21,(MT),0.0
577400,"Almonds, Shelled Basis",SP,Spain,2008,2008,11,88,Exports,21,(MT),0.0
577400,"Almonds, Shelled Basis",SP,Spain,2008,2008,11,57,Imports,21,(MT),0.0
577400,"Almonds, Shelled Basis",SP,Spain,2008,2008,11,28,Production,21,(MT),0.0
577400,"Almonds, Shelled Basis",SP,Spain,2008,2008,11,178,Total Distribution,21,(MT),0.0
577400,"Almonds, Shelled Basis",SP,Spain,2008,2008,11,86,Total Supply,21,(MT),0.0
577400,"Almonds, Shelled Basis",SP,Spain,2009,2009,8,20,Beginning Stocks,21,(MT),0.0
577400,"Almonds, Shelled Basis",SP,Spain,2009,2009,8,125,Domestic Consumption,21,(MT),0.0
577400,"Almonds, Shelled Basis",SP,Spain,2009,2009,8,176,Ending Stocks,21,(MT),0.0
577400,"Almonds, Shelled Basis",SP,Spain,2009,2009,8,88,Exports,21,(MT),0.0
577400,"Almonds, Shelled Basis",SP,Spain,2009,2009,8,57,Imports,21,(MT),0.0
577400,"Almonds, Shelled Basis",SP,Spain,2009,2009,8,28,Production,21,(MT),0.0
577400,"Almonds, Shelled Basis",SP,Spain,2009,2009,8,178,Total Distribution,21,(MT),0.0
577400,"Almonds, Shelled Basis",SP,Spain,2009,2009,8,86,Total Supply,21,(MT),0.0
577400,"Almonds, Shelled Basis",SP,Spain,2010,2010,10,20,Beginning Stocks,21,(MT),0.0
577400,"Almonds, Shelled Basis",SP,Spain,2010,2010,10,125,Domestic Consumption,21,(MT),0.0
577400,"Almonds, Shelled Basis",SP,Spain,2010,2010,10,176,Ending Stocks,21,(MT),0.0
577400,"Almonds, Shelled Basis",SP,Spain,2010,2010,10,88,Exports,21,(MT),0.0
577400,"Almonds, Shelled Basis",SP,Spain,2010,2010,10,57,Imports,21,(MT),0.0
577400,"Almonds, Shelled Basis",SP,Spain,2010,2010,10,28,Production,21,(MT),0.0
577400,"Almonds, Shelled Basis",SP,Spain,2010,2010,10,178,Total Distribution,21,(MT),0.0
577400,"Almonds, Shelled Basis",SP,Spain,2010,2010,10,86,Total Supply,21,(MT),0.0
577400,"Almonds, Shelled Basis",SP,Spain,2011,2011,10,20,Beginning Stocks,21,(MT),0.0
577400,"Almonds, Shelled Basis",SP,Spain,2011,2011,10,125,Domestic Consumption,21,(MT),0.0
577400,"Almonds, Shelled Basis",SP,Spain,2011,2011,10,176,Ending Stocks,21,(MT),0.0
577400,"Almonds, Shelled Basis",SP,Spain,2011,2011,10,88,Exports,21,(MT),0.0
577400,"Almonds, Shelled Basis",SP,Spain,2011,2011,10,57,Imports,21,(MT),0.0
577400,"Almonds, Shelled Basis",SP,Spain,2011,2011,10,28,Production,21,(MT),0.0
577400,"Almonds, Shelled Basis",SP,Spain,2011,2011,10,178,Total Distribution,21,(MT),0.0
577400,"Almonds, Shelled Basis",SP,Spain,2011,2011,10,86,Total Supply,21,(MT),0.0
577400,"Almonds, Shelled Basis",SP,Spain,2012,2012,10,20,Beginning Stocks,21,(MT),0.0
577400,"Almonds, Shelled Basis",SP,Spain,2012,2012,10,125,Domestic Consumption,21,(MT),0.0
577400,"Almonds, Shelled Basis",SP,Spain,2012,2012,10,176,Ending Stocks,21,(MT),0.0
577400,"Almonds, Shelled Basis",SP,Spain,2012,2012,10,88,Exports,21,(MT),0.0
577400,"Almonds, Shelled Basis",SP,Spain,2012,2012,10,57,Imports,21,(MT),0.0
577400,"Almonds, Shelled Basis",SP,Spain,2012,2012,10,28,Production,21,(MT),0.0
577400,"Almonds, Shelled Basis",SP,Spain,2012,2012,10,178,Total Distribution,21,(MT),0.0
577400,"Almonds, Shelled Basis",SP,Spain,2012,2012,10,86,Total Supply,21,(MT),0.0
577400,"Almonds, Shelled Basis",SP,Spain,2013,2013,10,20,Beginning Stocks,21,(MT),0.0
577400,"Almonds, Shelled Basis",SP,Spain,2013,2013,10,125,Domestic Consumption,21,(MT),0.0
577400,"Almonds, Shelled Basis",SP,Spain,2013,2013,10,176,Ending Stocks,21,(MT),0.0
577400,"Almonds, Shelled Basis",SP,Spain,2013,2013,10,88,Exports,21,(MT),0.0
577400,"Almonds, Shelled Basis",SP,Spain,2013,2013,10,57,Imports,21,(MT),0.0
577400,"Almonds, Shelled Basis",SP,Spain,2013,2013,10,28,Production,21,(MT),0.0
577400,"Almonds, Shelled Basis",SP,Spain,2013,2013,10,178,Total Distribution,21,(MT),0.0
577400,"Almonds, Shelled Basis",SP,Spain,2013,2013,10,86,Total Supply,21,(MT),0.0
577400,"Almonds, Shelled Basis",SP,Spain,2014,2015,3,20,Beginning Stocks,21,(MT),0.0
577400,"Almonds, Shelled Basis",SP,Spain,2014,2015,3,125,Domestic Consumption,21,(MT),0.0
577400,"Almonds, Shelled Basis",SP,Spain,2014,2015,3,176,Ending Stocks,21,(MT),0.0
577400,"Almonds, Shelled Basis",SP,Spain,2014,2015,3,88,Exports,21,(MT),0.0
577400,"Almonds, Shelled Basis",SP,Spain,2014,2015,3,57,Imports,21,(MT),0.0
577400,"Almonds, Shelled Basis",SP,Spain,2014,2015,3,28,Production,21,(MT),0.0
577400,"Almonds, Shelled Basis",SP,Spain,2014,2015,3,178,Total Distribution,21,(MT),0.0
577400,"Almonds, Shelled Basis",SP,Spain,2014,2015,3,86,Total Supply,21,(MT),0.0
577400,"Almonds, Shelled Basis",SP,Spain,2015,2016,8,20,Beginning Stocks,21,(MT),0.0
577400,"Almonds, Shelled Basis",SP,Spain,2015,2016,8,125,Domestic Consumption,21,(MT),0.0
577400,"Almonds, Shelled Basis",SP,Spain,2015,2016,8,176,Ending Stocks,21,(MT),0.0
577400,"Almonds, Shelled Basis",SP,Spain,2015,2016,8,88,Exports,21,(MT),0.0
577400,"Almonds, Shelled Basis",SP,Spain,2015,2016,8,57,Imports,21,(MT),0.0
577400,"Almonds, Shelled Basis",SP,Spain,2015,2016,8,28,Production,21,(MT),0.0
577400,"Almonds, Shelled Basis",SP,Spain,2015,2016,8,178,Total Distribution,21,(MT),0.0
577400,"Almonds, Shelled Basis",SP,Spain,2015,2016,8,86,Total Supply,21,(MT),0.0
577400,"Almonds, Shelled Basis",SP,Spain,2016,2017,2,20,Beginning Stocks,21,(MT),0.0
577400,"Almonds, Shelled Basis",SP,Spain,2016,2017,2,125,Domestic Consumption,21,(MT),0.0
577400,"Almonds, Shelled Basis",SP,Spain,2016,2017,2,176,Ending Stocks,21,(MT),0.0
577400,"Almonds, Shelled Basis",SP,Spain,2016,2017,2,88,Exports,21,(MT),0.0
577400,"Almonds, Shelled Basis",SP,Spain,2016,2017,2,57,Imports,21,(MT),0.0
577400,"Almonds, Shelled Basis",SP,Spain,2016,2017,2,28,Production,21,(MT),0.0
577400,"Almonds, Shelled Basis",SP,Spain,2016,2017,2,178,Total Distribution,21,(MT),0.0
577400,"Almonds, Shelled Basis",SP,Spain,2016,2017,2,86,Total Supply,21,(MT),0.0
577400,"Almonds, Shelled Basis",SP,Spain,2017,2017,10,20,Beginning Stocks,21,(MT),0.0
577400,"Almonds, Shelled Basis",SP,Spain,2017,2017,10,125,Domestic Consumption,21,(MT),0.0
577400,"Almonds, Shelled Basis",SP,Spain,2017,2017,10,176,Ending Stocks,21,(MT),0.0
577400,"Almonds, Shelled Basis",SP,Spain,2017,2017,10,88,Exports,21,(MT),0.0
577400,"Almonds, Shelled Basis",SP,Spain,2017,2017,10,57,Imports,21,(MT),0.0
577400,"Almonds, Shelled Basis",SP,Spain,2017,2017,10,28,Production,21,(MT),0.0
577400,"Almonds, Shelled Basis",SP,Spain,2017,2017,10,178,Total Distribution,21,(MT),0.0
577400,"Almonds, Shelled Basis",SP,Spain,2017,2017,10,86,Total Supply,21,(MT),0.0
577400,"Almonds, Shelled Basis",SP,Spain,2018,2018,10,20,Beginning Stocks,21,(MT),0.0
577400,"Almonds, Shelled Basis",SP,Spain,2018,2018,10,125,Domestic Consumption,21,(MT),0.0
577400,"Almonds, Shelled Basis",SP,Spain,2018,2018,10,176,Ending Stocks,21,(MT),0.0
577400,"Almonds, Shelled Basis",SP,Spain,2018,2018,10,88,Exports,21,(MT),0.0
577400,"Almonds, Shelled Basis",SP,Spain,2018,2018,10,57,Imports,21,(MT),0.0
577400,"Almonds, Shelled Basis",SP,Spain,2018,2018,10,28,Production,21,(MT),0.0
577400,"Almonds, Shelled Basis",SP,Spain,2018,2018,10,178,Total Distribution,21,(MT),0.0
577400,"Almonds, Shelled Basis",SP,Spain,2018,2018,10,86,Total Supply,21,(MT),0.0
577400,"Almonds, Shelled Basis",SP,Spain,2019,2019,10,20,Beginning Stocks,21,(MT),0.0
577400,"Almonds, Shelled Basis",SP,Spain,2019,2019,10,125,Domestic Consumption,21,(MT),0.0
577400,"Almonds, Shelled Basis",SP,Spain,2019,2019,10,176,Ending Stocks,21,(MT),0.0
577400,"Almonds, Shelled Basis",SP,Spain,2019,2019,10,88,Exports,21,(MT),0.0
577400,"Almonds, Shelled Basis",SP,Spain,2019,2019,10,57,Imports,21,(MT),0.0
577400,"Almonds, Shelled Basis",SP,Spain,2019,2019,10,28,Production,21,(MT),0.0
577400,"Almonds, Shelled Basis",SP,Spain,2019,2019,10,178,Total Distribution,21,(MT),0.0
577400,"Almonds, Shelled Basis",SP,Spain,2019,2019,10,86,Total Supply,21,(MT),0.0
577400,"Almonds, Shelled Basis",SP,Spain,2020,2020,10,20,Beginning Stocks,21,(MT),0.0
577400,"Almonds, Shelled Basis",SP,Spain,2020,2020,10,125,Domestic Consumption,21,(MT),0.0
577400,"Almonds, Shelled Basis",SP,Spain,2020,2020,10,176,Ending Stocks,21,(MT),0.0
577400,"Almonds, Shelled Basis",SP,Spain,2020,2020,10,88,Exports,21,(MT),0.0
577400,"Almonds, Shelled Basis",SP,Spain,2020,2020,10,57,Imports,21,(MT),0.0
577400,"Almonds, Shelled Basis",SP,Spain,2020,2020,10,28,Production,21,(MT),0.0
577400,"Almonds, Shelled Basis",SP,Spain,2020,2020,10,178,Total Distribution,21,(MT),0.0
577400,"Almonds, Shelled Basis",SP,Spain,2020,2020,10,86,Total Supply,21,(MT),0.0
577400,"Almonds, Shelled Basis",SZ,Switzerland,2001,2010,10,20,Beginning Stocks,21,(MT),0.0
577400,"Almonds, Shelled Basis",SZ,Switzerland,2001,2010,10,125,Domestic Consumption,21,(MT),1800.0
577400,"Almonds, Shelled Basis",SZ,Switzerland,2001,2010,10,176,Ending Stocks,21,(MT),0.0
577400,"Almonds, Shelled Basis",SZ,Switzerland,2001,2010,10,88,Exports,21,(MT),0.0
577400,"Almonds, Shelled Basis",SZ,Switzerland,2001,2010,10,57,Imports,21,(MT),1800.0
577400,"Almonds, Shelled Basis",SZ,Switzerland,2001,2010,10,28,Production,21,(MT),0.0
577400,"Almonds, Shelled Basis",SZ,Switzerland,2001,2010,10,178,Total Distribution,21,(MT),1800.0
577400,"Almonds, Shelled Basis",SZ,Switzerland,2001,2010,10,86,Total Supply,21,(MT),1800.0
577400,"Almonds, Shelled Basis",SZ,Switzerland,2002,2010,10,20,Beginning Stocks,21,(MT),0.0
577400,"Almonds, Shelled Basis",SZ,Switzerland,2002,2010,10,125,Domestic Consumption,21,(MT),2400.0
577400,"Almonds, Shelled Basis",SZ,Switzerland,2002,2010,10,176,Ending Stocks,21,(MT),0.0
577400,"Almonds, Shelled Basis",SZ,Switzerland,2002,2010,10,88,Exports,21,(MT),0.0
577400,"Almonds, Shelled Basis",SZ,Switzerland,2002,2010,10,57,Imports,21,(MT),2400.0
577400,"Almonds, Shelled Basis",SZ,Switzerland,2002,2010,10,28,Production,21,(MT),0.0
577400,"Almonds, Shelled Basis",SZ,Switzerland,2002,2010,10,178,Total Distribution,21,(MT),2400.0
577400,"Almonds, Shelled Basis",SZ,Switzerland,2002,2010,10,86,Total Supply,21,(MT),2400.0
577400,"Almonds, Shelled Basis",SZ,Switzerland,2003,2010,10,20,Beginning Stocks,21,(MT),0.0
577400,"Almonds, Shelled Basis",SZ,Switzerland,2003,2010,10,125,Domestic Consumption,21,(MT),2300.0
577400,"Almonds, Shelled Basis",SZ,Switzerland,2003,2010,10,176,Ending Stocks,21,(MT),0.0
577400,"Almonds, Shelled Basis",SZ,Switzerland,2003,2010,10,88,Exports,21,(MT),0.0
577400,"Almonds, Shelled Basis",SZ,Switzerland,2003,2010,10,57,Imports,21,(MT),2300.0
577400,"Almonds, Shelled Basis",SZ,Switzerland,2003,2010,10,28,Production,21,(MT),0.0
577400,"Almonds, Shelled Basis",SZ,Switzerland,2003,2010,10,178,Total Distribution,21,(MT),2300.0
577400,"Almonds, Shelled Basis",SZ,Switzerland,2003,2010,10,86,Total Supply,21,(MT),2300.0
577400,"Almonds, Shelled Basis",SZ,Switzerland,2004,2009,8,20,Beginning Stocks,21,(MT),0.0
577400,"Almonds, Shelled Basis",SZ,Switzerland,2004,2009,8,125,Domestic Consumption,21,(MT),3200.0
577400,"Almonds, Shelled Basis",SZ,Switzerland,2004,2009,8,176,Ending Stocks,21,(MT),0.0
577400,"Almonds, Shelled Basis",SZ,Switzerland,2004,2009,8,88,Exports,21,(MT),0.0
577400,"Almonds, Shelled Basis",SZ,Switzerland,2004,2009,8,57,Imports,21,(MT),3200.0
577400,"Almonds, Shelled Basis",SZ,Switzerland,2004,2009,8,28,Production,21,(MT),0.0
577400,"Almonds, Shelled Basis",SZ,Switzerland,2004,2009,8,178,Total Distribution,21,(MT),3200.0
577400,"Almonds, Shelled Basis",SZ,Switzerland,2004,2009,8,86,Total Supply,21,(MT),3200.0
577400,"Almonds, Shelled Basis",SZ,Switzerland,2005,2009,8,20,Beginning Stocks,21,(MT),0.0
577400,"Almonds, Shelled Basis",SZ,Switzerland,2005,2009,8,125,Domestic Consumption,21,(MT),3100.0
577400,"Almonds, Shelled Basis",SZ,Switzerland,2005,2009,8,176,Ending Stocks,21,(MT),0.0
577400,"Almonds, Shelled Basis",SZ,Switzerland,2005,2009,8,88,Exports,21,(MT),0.0
577400,"Almonds, Shelled Basis",SZ,Switzerland,2005,2009,8,57,Imports,21,(MT),3100.0
577400,"Almonds, Shelled Basis",SZ,Switzerland,2005,2009,8,28,Production,21,(MT),0.0
577400,"Almonds, Shelled Basis",SZ,Switzerland,2005,2009,8,178,Total Distribution,21,(MT),3100.0
577400,"Almonds, Shelled Basis",SZ,Switzerland,2005,2009,8,86,Total Supply,21,(MT),3100.0
577400,"Almonds, Shelled Basis",SZ,Switzerland,2006,2014,10,20,Beginning Stocks,21,(MT),0.0
577400,"Almonds, Shelled Basis",SZ,Switzerland,2006,2014,10,125,Domestic Consumption,21,(MT),2900.0
577400,"Almonds, Shelled Basis",SZ,Switzerland,2006,2014,10,176,Ending Stocks,21,(MT),0.0
577400,"Almonds, Shelled Basis",SZ,Switzerland,2006,2014,10,88,Exports,21,(MT),0.0
577400,"Almonds, Shelled Basis",SZ,Switzerland,2006,2014,10,57,Imports,21,(MT),2900.0
577400,"Almonds, Shelled Basis",SZ,Switzerland,2006,2014,10,28,Production,21,(MT),0.0
577400,"Almonds, Shelled Basis",SZ,Switzerland,2006,2014,10,178,Total Distribution,21,(MT),2900.0
577400,"Almonds, Shelled Basis",SZ,Switzerland,2006,2014,10,86,Total Supply,21,(MT),2900.0
577400,"Almonds, Shelled Basis",SZ,Switzerland,2007,2009,8,20,Beginning Stocks,21,(MT),0.0
577400,"Almonds, Shelled Basis",SZ,Switzerland,2007,2009,8,125,Domestic Consumption,21,(MT),2800.0
577400,"Almonds, Shelled Basis",SZ,Switzerland,2007,2009,8,176,Ending Stocks,21,(MT),0.0
577400,"Almonds, Shelled Basis",SZ,Switzerland,2007,2009,8,88,Exports,21,(MT),0.0
577400,"Almonds, Shelled Basis",SZ,Switzerland,2007,2009,8,57,Imports,21,(MT),2800.0
577400,"Almonds, Shelled Basis",SZ,Switzerland,2007,2009,8,28,Production,21,(MT),0.0
577400,"Almonds, Shelled Basis",SZ,Switzerland,2007,2009,8,178,Total Distribution,21,(MT),2800.0
577400,"Almonds, Shelled Basis",SZ,Switzerland,2007,2009,8,86,Total Supply,21,(MT),2800.0
577400,"Almonds, Shelled Basis",SZ,Switzerland,2008,2010,10,20,Beginning Stocks,21,(MT),0.0
577400,"Almonds, Shelled Basis",SZ,Switzerland,2008,2010,10,125,Domestic Consumption,21,(MT),3100.0
577400,"Almonds, Shelled Basis",SZ,Switzerland,2008,2010,10,176,Ending Stocks,21,(MT),0.0
577400,"Almonds, Shelled Basis",SZ,Switzerland,2008,2010,10,88,Exports,21,(MT),0.0
577400,"Almonds, Shelled Basis",SZ,Switzerland,2008,2010,10,57,Imports,21,(MT),3100.0
577400,"Almonds, Shelled Basis",SZ,Switzerland,2008,2010,10,28,Production,21,(MT),0.0
577400,"Almonds, Shelled Basis",SZ,Switzerland,2008,2010,10,178,Total Distribution,21,(MT),3100.0
577400,"Almonds, Shelled Basis",SZ,Switzerland,2008,2010,10,86,Total Supply,21,(MT),3100.0
577400,"Almonds, Shelled Basis",SZ,Switzerland,2009,2014,10,20,Beginning Stocks,21,(MT),0.0
577400,"Almonds, Shelled Basis",SZ,Switzerland,2009,2014,10,125,Domestic Consumption,21,(MT),4400.0
577400,"Almonds, Shelled Basis",SZ,Switzerland,2009,2014,10,176,Ending Stocks,21,(MT),0.0
577400,"Almonds, Shelled Basis",SZ,Switzerland,2009,2014,10,88,Exports,21,(MT),0.0
577400,"Almonds, Shelled Basis",SZ,Switzerland,2009,2014,10,57,Imports,21,(MT),4400.0
577400,"Almonds, Shelled Basis",SZ,Switzerland,2009,2014,10,28,Production,21,(MT),0.0
577400,"Almonds, Shelled Basis",SZ,Switzerland,2009,2014,10,178,Total Distribution,21,(MT),4400.0
577400,"Almonds, Shelled Basis",SZ,Switzerland,2009,2014,10,86,Total Supply,21,(MT),4400.0
577400,"Almonds, Shelled Basis",SZ,Switzerland,2010,2012,10,20,Beginning Stocks,21,(MT),0.0
577400,"Almonds, Shelled Basis",SZ,Switzerland,2010,2012,10,125,Domestic Consumption,21,(MT),4300.0
577400,"Almonds, Shelled Basis",SZ,Switzerland,2010,2012,10,176,Ending Stocks,21,(MT),0.0
577400,"Almonds, Shelled Basis",SZ,Switzerland,2010,2012,10,88,Exports,21,(MT),0.0
577400,"Almonds, Shelled Basis",SZ,Switzerland,2010,2012,10,57,Imports,21,(MT),4300.0
577400,"Almonds, Shelled Basis",SZ,Switzerland,2010,2012,10,28,Production,21,(MT),0.0
577400,"Almonds, Shelled Basis",SZ,Switzerland,2010,2012,10,178,Total Distribution,21,(MT),4300.0
577400,"Almonds, Shelled Basis",SZ,Switzerland,2010,2012,10,86,Total Supply,21,(MT),4300.0
577400,"Almonds, Shelled Basis",SZ,Switzerland,2011,2012,10,20,Beginning Stocks,21,(MT),0.0
577400,"Almonds, Shelled Basis",SZ,Switzerland,2011,2012,10,125,Domestic Consumption,21,(MT),5000.0
577400,"Almonds, Shelled Basis",SZ,Switzerland,2011,2012,10,176,Ending Stocks,21,(MT),0.0
577400,"Almonds, Shelled Basis",SZ,Switzerland,2011,2012,10,88,Exports,21,(MT),0.0
577400,"Almonds, Shelled Basis",SZ,Switzerland,2011,2012,10,57,Imports,21,(MT),5000.0
577400,"Almonds, Shelled Basis",SZ,Switzerland,2011,2012,10,28,Production,21,(MT),0.0
577400,"Almonds, Shelled Basis",SZ,Switzerland,2011,2012,10,178,Total Distribution,21,(MT),5000.0
577400,"Almonds, Shelled Basis",SZ,Switzerland,2011,2012,10,86,Total Supply,21,(MT),5000.0
577400,"Almonds, Shelled Basis",SZ,Switzerland,2012,2013,11,20,Beginning Stocks,21,(MT),0.0
577400,"Almonds, Shelled Basis",SZ,Switzerland,2012,2013,11,125,Domestic Consumption,21,(MT),4800.0
577400,"Almonds, Shelled Basis",SZ,Switzerland,2012,2013,11,176,Ending Stocks,21,(MT),0.0
577400,"Almonds, Shelled Basis",SZ,Switzerland,2012,2013,11,88,Exports,21,(MT),0.0
577400,"Almonds, Shelled Basis",SZ,Switzerland,2012,2013,11,57,Imports,21,(MT),4800.0
577400,"Almonds, Shelled Basis",SZ,Switzerland,2012,2013,11,28,Production,21,(MT),0.0
577400,"Almonds, Shelled Basis",SZ,Switzerland,2012,2013,11,178,Total Distribution,21,(MT),4800.0
577400,"Almonds, Shelled Basis",SZ,Switzerland,2012,2013,11,86,Total Supply,21,(MT),4800.0
577400,"Almonds, Shelled Basis",SZ,Switzerland,2013,2020,10,20,Beginning Stocks,21,(MT),0.0
577400,"Almonds, Shelled Basis",SZ,Switzerland,2013,2020,10,125,Domestic Consumption,21,(MT),10800.0
577400,"Almonds, Shelled Basis",SZ,Switzerland,2013,2020,10,176,Ending Stocks,21,(MT),0.0
577400,"Almonds, Shelled Basis",SZ,Switzerland,2013,2020,10,88,Exports,21,(MT),0.0
577400,"Almonds, Shelled Basis",SZ,Switzerland,2013,2020,10,57,Imports,21,(MT),10800.0
577400,"Almonds, Shelled Basis",SZ,Switzerland,2013,2020,10,28,Production,21,(MT),0.0
577400,"Almonds, Shelled Basis",SZ,Switzerland,2013,2020,10,178,Total Distribution,21,(MT),10800.0
577400,"Almonds, Shelled Basis",SZ,Switzerland,2013,2020,10,86,Total Supply,21,(MT),10800.0
577400,"Almonds, Shelled Basis",SZ,Switzerland,2014,2020,10,20,Beginning Stocks,21,(MT),0.0
577400,"Almonds, Shelled Basis",SZ,Switzerland,2014,2020,10,125,Domestic Consumption,21,(MT),9800.0
577400,"Almonds, Shelled Basis",SZ,Switzerland,2014,2020,10,176,Ending Stocks,21,(MT),0.0
577400,"Almonds, Shelled Basis",SZ,Switzerland,2014,2020,10,88,Exports,21,(MT),0.0
577400,"Almonds, Shelled Basis",SZ,Switzerland,2014,2020,10,57,Imports,21,(MT),9800.0
577400,"Almonds, Shelled Basis",SZ,Switzerland,2014,2020,10,28,Production,21,(MT),0.0
577400,"Almonds, Shelled Basis",SZ,Switzerland,2014,2020,10,178,Total Distribution,21,(MT),9800.0
577400,"Almonds, Shelled Basis",SZ,Switzerland,2014,2020,10,86,Total Supply,21,(MT),9800.0
577400,"Almonds, Shelled Basis",SZ,Switzerland,2015,2020,10,20,Beginning Stocks,21,(MT),0.0
577400,"Almonds, Shelled Basis",SZ,Switzerland,2015,2020,10,125,Domestic Consumption,21,(MT),9600.0
577400,"Almonds, Shelled Basis",SZ,Switzerland,2015,2020,10,176,Ending Stocks,21,(MT),0.0
577400,"Almonds, Shelled Basis",SZ,Switzerland,2015,2020,10,88,Exports,21,(MT),0.0
577400,"Almonds, Shelled Basis",SZ,Switzerland,2015,2020,10,57,Imports,21,(MT),9600.0
577400,"Almonds, Shelled Basis",SZ,Switzerland,2015,2020,10,28,Production,21,(MT),0.0
577400,"Almonds, Shelled Basis",SZ,Switzerland,2015,2020,10,178,Total Distribution,21,(MT),9600.0
577400,"Almonds, Shelled Basis",SZ,Switzerland,2015,2020,10,86,Total Supply,21,(MT),9600.0
577400,"Almonds, Shelled Basis",SZ,Switzerland,2016,2020,10,20,Beginning Stocks,21,(MT),0.0
577400,"Almonds, Shelled Basis",SZ,Switzerland,2016,2020,10,125,Domestic Consumption,21,(MT),9200.0
577400,"Almonds, Shelled Basis",SZ,Switzerland,2016,2020,10,176,Ending Stocks,21,(MT),0.0
577400,"Almonds, Shelled Basis",SZ,Switzerland,2016,2020,10,88,Exports,21,(MT),0.0
577400,"Almonds, Shelled Basis",SZ,Switzerland,2016,2020,10,57,Imports,21,(MT),9200.0
577400,"Almonds, Shelled Basis",SZ,Switzerland,2016,2020,10,28,Production,21,(MT),0.0
577400,"Almonds, Shelled Basis",SZ,Switzerland,2016,2020,10,178,Total Distribution,21,(MT),9200.0
577400,"Almonds, Shelled Basis",SZ,Switzerland,2016,2020,10,86,Total Supply,21,(MT),9200.0
577400,"Almonds, Shelled Basis",SZ,Switzerland,2017,2020,10,20,Beginning Stocks,21,(MT),0.0
577400,"Almonds, Shelled Basis",SZ,Switzerland,2017,2020,10,125,Domestic Consumption,21,(MT),11000.0
577400,"Almonds, Shelled Basis",SZ,Switzerland,2017,2020,10,176,Ending Stocks,21,(MT),0.0
577400,"Almonds, Shelled Basis",SZ,Switzerland,2017,2020,10,88,Exports,21,(MT),0.0
577400,"Almonds, Shelled Basis",SZ,Switzerland,2017,2020,10,57,Imports,21,(MT),11000.0
577400,"Almonds, Shelled Basis",SZ,Switzerland,2017,2020,10,28,Production,21,(MT),0.0
577400,"Almonds, Shelled Basis",SZ,Switzerland,2017,2020,10,178,Total Distribution,21,(MT),11000.0
577400,"Almonds, Shelled Basis",SZ,Switzerland,2017,2020,10,86,Total Supply,21,(MT),11000.0
577400,"Almonds, Shelled Basis",SZ,Switzerland,2018,2020,10,20,Beginning Stocks,21,(MT),0.0
577400,"Almonds, Shelled Basis",SZ,Switzerland,2018,2020,10,125,Domestic Consumption,21,(MT),10300.0
577400,"Almonds, Shelled Basis",SZ,Switzerland,2018,2020,10,176,Ending Stocks,21,(MT),0.0
577400,"Almonds, Shelled Basis",SZ,Switzerland,2018,2020,10,88,Exports,21,(MT),0.0
577400,"Almonds, Shelled Basis",SZ,Switzerland,2018,2020,10,57,Imports,21,(MT),10300.0
577400,"Almonds, Shelled Basis",SZ,Switzerland,2018,2020,10,28,Production,21,(MT),0.0
577400,"Almonds, Shelled Basis",SZ,Switzerland,2018,2020,10,178,Total Distribution,21,(MT),10300.0
577400,"Almonds, Shelled Basis",SZ,Switzerland,2018,2020,10,86,Total Supply,21,(MT),10300.0
577400,"Almonds, Shelled Basis",SZ,Switzerland,2019,2020,10,20,Beginning Stocks,21,(MT),0.0
577400,"Almonds, Shelled Basis",SZ,Switzerland,2019,2020,10,125,Domestic Consumption,21,(MT),10800.0
577400,"Almonds, Shelled Basis",SZ,Switzerland,2019,2020,10,176,Ending Stocks,21,(MT),0.0
577400,"Almonds, Shelled Basis",SZ,Switzerland,2019,2020,10,88,Exports,21,(MT),0.0
577400,"Almonds, Shelled Basis",SZ,Switzerland,2019,2020,10,57,Imports,21,(MT),10800.0
577400,"Almonds, Shelled Basis",SZ,Switzerland,2019,2020,10,28,Production,21,(MT),0.0
577400,"Almonds, Shelled Basis",SZ,Switzerland,2019,2020,10,178,Total Distribution,21,(MT),10800.0
577400,"Almonds, Shelled Basis",SZ,Switzerland,2019,2020,10,86,Total Supply,21,(MT),10800.0
577400,"Almonds, Shelled Basis",SZ,Switzerland,2020,2020,10,20,Beginning Stocks,21,(MT),0.0
577400,"Almonds, Shelled Basis",SZ,Switzerland,2020,2020,10,125,Domestic Consumption,21,(MT),12000.0
577400,"Almonds, Shelled Basis",SZ,Switzerland,2020,2020,10,176,Ending Stocks,21,(MT),0.0
577400,"Almonds, Shelled Basis",SZ,Switzerland,2020,2020,10,88,Exports,21,(MT),0.0
577400,"Almonds, Shelled Basis",SZ,Switzerland,2020,2020,10,57,Imports,21,(MT),12000.0
577400,"Almonds, Shelled Basis",SZ,Switzerland,2020,2020,10,28,Production,21,(MT),0.0
577400,"Almonds, Shelled Basis",SZ,Switzerland,2020,2020,10,178,Total Distribution,21,(MT),12000.0
577400,"Almonds, Shelled Basis",SZ,Switzerland,2020,2020,10,86,Total Supply,21,(MT),12000.0
577400,"Almonds, Shelled Basis",TW,Taiwan,2001,2010,10,20,Beginning Stocks,21,(MT),0.0
577400,"Almonds, Shelled Basis",TW,Taiwan,2001,2010,10,125,Domestic Consumption,21,(MT),2900.0
577400,"Almonds, Shelled Basis",TW,Taiwan,2001,2010,10,176,Ending Stocks,21,(MT),0.0
577400,"Almonds, Shelled Basis",TW,Taiwan,2001,2010,10,88,Exports,21,(MT),0.0
577400,"Almonds, Shelled Basis",TW,Taiwan,2001,2010,10,57,Imports,21,(MT),2900.0
577400,"Almonds, Shelled Basis",TW,Taiwan,2001,2010,10,28,Production,21,(MT),0.0
577400,"Almonds, Shelled Basis",TW,Taiwan,2001,2010,10,178,Total Distribution,21,(MT),2900.0
577400,"Almonds, Shelled Basis",TW,Taiwan,2001,2010,10,86,Total Supply,21,(MT),2900.0
577400,"Almonds, Shelled Basis",TW,Taiwan,2002,2014,10,20,Beginning Stocks,21,(MT),0.0
577400,"Almonds, Shelled Basis",TW,Taiwan,2002,2014,10,125,Domestic Consumption,21,(MT),2400.0
577400,"Almonds, Shelled Basis",TW,Taiwan,2002,2014,10,176,Ending Stocks,21,(MT),0.0
577400,"Almonds, Shelled Basis",TW,Taiwan,2002,2014,10,88,Exports,21,(MT),0.0
577400,"Almonds, Shelled Basis",TW,Taiwan,2002,2014,10,57,Imports,21,(MT),2400.0
577400,"Almonds, Shelled Basis",TW,Taiwan,2002,2014,10,28,Production,21,(MT),0.0
577400,"Almonds, Shelled Basis",TW,Taiwan,2002,2014,10,178,Total Distribution,21,(MT),2400.0
577400,"Almonds, Shelled Basis",TW,Taiwan,2002,2014,10,86,Total Supply,21,(MT),2400.0
577400,"Almonds, Shelled Basis",TW,Taiwan,2003,2014,10,20,Beginning Stocks,21,(MT),0.0
577400,"Almonds, Shelled Basis",TW,Taiwan,2003,2014,10,125,Domestic Consumption,21,(MT),2400.0
577400,"Almonds, Shelled Basis",TW,Taiwan,2003,2014,10,176,Ending Stocks,21,(MT),0.0
577400,"Almonds, Shelled Basis",TW,Taiwan,2003,2014,10,88,Exports,21,(MT),0.0
577400,"Almonds, Shelled Basis",TW,Taiwan,2003,2014,10,57,Imports,21,(MT),2400.0
577400,"Almonds, Shelled Basis",TW,Taiwan,2003,2014,10,28,Production,21,(MT),0.0
577400,"Almonds, Shelled Basis",TW,Taiwan,2003,2014,10,178,Total Distribution,21,(MT),2400.0
577400,"Almonds, Shelled Basis",TW,Taiwan,2003,2014,10,86,Total Supply,21,(MT),2400.0
577400,"Almonds, Shelled Basis",TW,Taiwan,2004,2014,10,20,Beginning Stocks,21,(MT),0.0
577400,"Almonds, Shelled Basis",TW,Taiwan,2004,2014,10,125,Domestic Consumption,21,(MT),2400.0
577400,"Almonds, Shelled Basis",TW,Taiwan,2004,2014,10,176,Ending Stocks,21,(MT),0.0
577400,"Almonds, Shelled Basis",TW,Taiwan,2004,2014,10,88,Exports,21,(MT),0.0
577400,"Almonds, Shelled Basis",TW,Taiwan,2004,2014,10,57,Imports,21,(MT),2400.0
577400,"Almonds, Shelled Basis",TW,Taiwan,2004,2014,10,28,Production,21,(MT),0.0
577400,"Almonds, Shelled Basis",TW,Taiwan,2004,2014,10,178,Total Distribution,21,(MT),2400.0
577400,"Almonds, Shelled Basis",TW,Taiwan,2004,2014,10,86,Total Supply,21,(MT),2400.0
577400,"Almonds, Shelled Basis",TW,Taiwan,2005,2014,10,20,Beginning Stocks,21,(MT),0.0
577400,"Almonds, Shelled Basis",TW,Taiwan,2005,2014,10,125,Domestic Consumption,21,(MT),2300.0
577400,"Almonds, Shelled Basis",TW,Taiwan,2005,2014,10,176,Ending Stocks,21,(MT),0.0
577400,"Almonds, Shelled Basis",TW,Taiwan,2005,2014,10,88,Exports,21,(MT),0.0
577400,"Almonds, Shelled Basis",TW,Taiwan,2005,2014,10,57,Imports,21,(MT),2300.0
577400,"Almonds, Shelled Basis",TW,Taiwan,2005,2014,10,28,Production,21,(MT),0.0
577400,"Almonds, Shelled Basis",TW,Taiwan,2005,2014,10,178,Total Distribution,21,(MT),2300.0
577400,"Almonds, Shelled Basis",TW,Taiwan,2005,2014,10,86,Total Supply,21,(MT),2300.0
577400,"Almonds, Shelled Basis",TW,Taiwan,2006,2014,10,20,Beginning Stocks,21,(MT),0.0
577400,"Almonds, Shelled Basis",TW,Taiwan,2006,2014,10,125,Domestic Consumption,21,(MT),2700.0
577400,"Almonds, Shelled Basis",TW,Taiwan,2006,2014,10,176,Ending Stocks,21,(MT),0.0
577400,"Almonds, Shelled Basis",TW,Taiwan,2006,2014,10,88,Exports,21,(MT),0.0
577400,"Almonds, Shelled Basis",TW,Taiwan,2006,2014,10,57,Imports,21,(MT),2700.0
577400,"Almonds, Shelled Basis",TW,Taiwan,2006,2014,10,28,Production,21,(MT),0.0
577400,"Almonds, Shelled Basis",TW,Taiwan,2006,2014,10,178,Total Distribution,21,(MT),2700.0
577400,"Almonds, Shelled Basis",TW,Taiwan,2006,2014,10,86,Total Supply,21,(MT),2700.0
577400,"Almonds, Shelled Basis",TW,Taiwan,2007,2014,10,20,Beginning Stocks,21,(MT),0.0
577400,"Almonds, Shelled Basis",TW,Taiwan,2007,2014,10,125,Domestic Consumption,21,(MT),2900.0
577400,"Almonds, Shelled Basis",TW,Taiwan,2007,2014,10,176,Ending Stocks,21,(MT),0.0
577400,"Almonds, Shelled Basis",TW,Taiwan,2007,2014,10,88,Exports,21,(MT),0.0
577400,"Almonds, Shelled Basis",TW,Taiwan,2007,2014,10,57,Imports,21,(MT),2900.0
577400,"Almonds, Shelled Basis",TW,Taiwan,2007,2014,10,28,Production,21,(MT),0.0
577400,"Almonds, Shelled Basis",TW,Taiwan,2007,2014,10,178,Total Distribution,21,(MT),2900.0
577400,"Almonds, Shelled Basis",TW,Taiwan,2007,2014,10,86,Total Supply,21,(MT),2900.0
577400,"Almonds, Shelled Basis",TW,Taiwan,2008,2014,10,20,Beginning Stocks,21,(MT),0.0
577400,"Almonds, Shelled Basis",TW,Taiwan,2008,2014,10,125,Domestic Consumption,21,(MT),3400.0
577400,"Almonds, Shelled Basis",TW,Taiwan,2008,2014,10,176,Ending Stocks,21,(MT),0.0
577400,"Almonds, Shelled Basis",TW,Taiwan,2008,2014,10,88,Exports,21,(MT),0.0
577400,"Almonds, Shelled Basis",TW,Taiwan,2008,2014,10,57,Imports,21,(MT),3400.0
577400,"Almonds, Shelled Basis",TW,Taiwan,2008,2014,10,28,Production,21,(MT),0.0
577400,"Almonds, Shelled Basis",TW,Taiwan,2008,2014,10,178,Total Distribution,21,(MT),3400.0
577400,"Almonds, Shelled Basis",TW,Taiwan,2008,2014,10,86,Total Supply,21,(MT),3400.0
577400,"Almonds, Shelled Basis",TW,Taiwan,2009,2014,10,20,Beginning Stocks,21,(MT),0.0
577400,"Almonds, Shelled Basis",TW,Taiwan,2009,2014,10,125,Domestic Consumption,21,(MT),4100.0
577400,"Almonds, Shelled Basis",TW,Taiwan,2009,2014,10,176,Ending Stocks,21,(MT),0.0
577400,"Almonds, Shelled Basis",TW,Taiwan,2009,2014,10,88,Exports,21,(MT),0.0
577400,"Almonds, Shelled Basis",TW,Taiwan,2009,2014,10,57,Imports,21,(MT),4100.0
577400,"Almonds, Shelled Basis",TW,Taiwan,2009,2014,10,28,Production,21,(MT),0.0
577400,"Almonds, Shelled Basis",TW,Taiwan,2009,2014,10,178,Total Distribution,21,(MT),4100.0
577400,"Almonds, Shelled Basis",TW,Taiwan,2009,2014,10,86,Total Supply,21,(MT),4100.0
577400,"Almonds, Shelled Basis",TW,Taiwan,2010,2014,10,20,Beginning Stocks,21,(MT),0.0
577400,"Almonds, Shelled Basis",TW,Taiwan,2010,2014,10,125,Domestic Consumption,21,(MT),10800.0
577400,"Almonds, Shelled Basis",TW,Taiwan,2010,2014,10,176,Ending Stocks,21,(MT),0.0
577400,"Almonds, Shelled Basis",TW,Taiwan,2010,2014,10,88,Exports,21,(MT),0.0
577400,"Almonds, Shelled Basis",TW,Taiwan,2010,2014,10,57,Imports,21,(MT),10800.0
577400,"Almonds, Shelled Basis",TW,Taiwan,2010,2014,10,28,Production,21,(MT),0.0
577400,"Almonds, Shelled Basis",TW,Taiwan,2010,2014,10,178,Total Distribution,21,(MT),10800.0
577400,"Almonds, Shelled Basis",TW,Taiwan,2010,2014,10,86,Total Supply,21,(MT),10800.0
577400,"Almonds, Shelled Basis",TW,Taiwan,2011,2014,10,20,Beginning Stocks,21,(MT),0.0
577400,"Almonds, Shelled Basis",TW,Taiwan,2011,2014,10,125,Domestic Consumption,21,(MT),10800.0
577400,"Almonds, Shelled Basis",TW,Taiwan,2011,2014,10,176,Ending Stocks,21,(MT),0.0
577400,"Almonds, Shelled Basis",TW,Taiwan,2011,2014,10,88,Exports,21,(MT),0.0
577400,"Almonds, Shelled Basis",TW,Taiwan,2011,2014,10,57,Imports,21,(MT),10800.0
577400,"Almonds, Shelled Basis",TW,Taiwan,2011,2014,10,28,Production,21,(MT),0.0
577400,"Almonds, Shelled Basis",TW,Taiwan,2011,2014,10,178,Total Distribution,21,(MT),10800.0
577400,"Almonds, Shelled Basis",TW,Taiwan,2011,2014,10,86,Total Supply,21,(MT),10800.0
577400,"Almonds, Shelled Basis",TW,Taiwan,2012,2014,10,20,Beginning Stocks,21,(MT),0.0
577400,"Almonds, Shelled Basis",TW,Taiwan,2012,2014,10,125,Domestic Consumption,21,(MT),14000.0
577400,"Almonds, Shelled Basis",TW,Taiwan,2012,2014,10,176,Ending Stocks,21,(MT),0.0
577400,"Almonds, Shelled Basis",TW,Taiwan,2012,2014,10,88,Exports,21,(MT),0.0
577400,"Almonds, Shelled Basis",TW,Taiwan,2012,2014,10,57,Imports,21,(MT),14000.0
577400,"Almonds, Shelled Basis",TW,Taiwan,2012,2014,10,28,Production,21,(MT),0.0
577400,"Almonds, Shelled Basis",TW,Taiwan,2012,2014,10,178,Total Distribution,21,(MT),14000.0
577400,"Almonds, Shelled Basis",TW,Taiwan,2012,2014,10,86,Total Supply,21,(MT),14000.0
577400,"Almonds, Shelled Basis",TW,Taiwan,2013,2014,10,20,Beginning Stocks,21,(MT),0.0
577400,"Almonds, Shelled Basis",TW,Taiwan,2013,2014,10,125,Domestic Consumption,21,(MT),8300.0
577400,"Almonds, Shelled Basis",TW,Taiwan,2013,2014,10,176,Ending Stocks,21,(MT),0.0
577400,"Almonds, Shelled Basis",TW,Taiwan,2013,2014,10,88,Exports,21,(MT),0.0
577400,"Almonds, Shelled Basis",TW,Taiwan,2013,2014,10,57,Imports,21,(MT),8300.0
577400,"Almonds, Shelled Basis",TW,Taiwan,2013,2014,10,28,Production,21,(MT),0.0
577400,"Almonds, Shelled Basis",TW,Taiwan,2013,2014,10,178,Total Distribution,21,(MT),8300.0
577400,"Almonds, Shelled Basis",TW,Taiwan,2013,2014,10,86,Total Supply,21,(MT),8300.0
577400,"Almonds, Shelled Basis",TW,Taiwan,2014,2015,10,20,Beginning Stocks,21,(MT),0.0
577400,"Almonds, Shelled Basis",TW,Taiwan,2014,2015,10,125,Domestic Consumption,21,(MT),5200.0
577400,"Almonds, Shelled Basis",TW,Taiwan,2014,2015,10,176,Ending Stocks,21,(MT),0.0
577400,"Almonds, Shelled Basis",TW,Taiwan,2014,2015,10,88,Exports,21,(MT),0.0
577400,"Almonds, Shelled Basis",TW,Taiwan,2014,2015,10,57,Imports,21,(MT),5200.0
577400,"Almonds, Shelled Basis",TW,Taiwan,2014,2015,10,28,Production,21,(MT),0.0
577400,"Almonds, Shelled Basis",TW,Taiwan,2014,2015,10,178,Total Distribution,21,(MT),5200.0
577400,"Almonds, Shelled Basis",TW,Taiwan,2014,2015,10,86,Total Supply,21,(MT),5200.0
577400,"Almonds, Shelled Basis",TW,Taiwan,2015,2016,10,20,Beginning Stocks,21,(MT),0.0
577400,"Almonds, Shelled Basis",TW,Taiwan,2015,2016,10,125,Domestic Consumption,21,(MT),4900.0
577400,"Almonds, Shelled Basis",TW,Taiwan,2015,2016,10,176,Ending Stocks,21,(MT),0.0
577400,"Almonds, Shelled Basis",TW,Taiwan,2015,2016,10,88,Exports,21,(MT),0.0
577400,"Almonds, Shelled Basis",TW,Taiwan,2015,2016,10,57,Imports,21,(MT),4900.0
577400,"Almonds, Shelled Basis",TW,Taiwan,2015,2016,10,28,Production,21,(MT),0.0
577400,"Almonds, Shelled Basis",TW,Taiwan,2015,2016,10,178,Total Distribution,21,(MT),4900.0
577400,"Almonds, Shelled Basis",TW,Taiwan,2015,2016,10,86,Total Supply,21,(MT),4900.0
577400,"Almonds, Shelled Basis",TW,Taiwan,2016,2017,10,20,Beginning Stocks,21,(MT),0.0
577400,"Almonds, Shelled Basis",TW,Taiwan,2016,2017,10,125,Domestic Consumption,21,(MT),6800.0
577400,"Almonds, Shelled Basis",TW,Taiwan,2016,2017,10,176,Ending Stocks,21,(MT),0.0
577400,"Almonds, Shelled Basis",TW,Taiwan,2016,2017,10,88,Exports,21,(MT),0.0
577400,"Almonds, Shelled Basis",TW,Taiwan,2016,2017,10,57,Imports,21,(MT),6800.0
577400,"Almonds, Shelled Basis",TW,Taiwan,2016,2017,10,28,Production,21,(MT),0.0
577400,"Almonds, Shelled Basis",TW,Taiwan,2016,2017,10,178,Total Distribution,21,(MT),6800.0
577400,"Almonds, Shelled Basis",TW,Taiwan,2016,2017,10,86,Total Supply,21,(MT),6800.0
577400,"Almonds, Shelled Basis",TW,Taiwan,2017,2019,10,20,Beginning Stocks,21,(MT),0.0
577400,"Almonds, Shelled Basis",TW,Taiwan,2017,2019,10,125,Domestic Consumption,21,(MT),6300.0
577400,"Almonds, Shelled Basis",TW,Taiwan,2017,2019,10,176,Ending Stocks,21,(MT),0.0
577400,"Almonds, Shelled Basis",TW,Taiwan,2017,2019,10,88,Exports,21,(MT),0.0
577400,"Almonds, Shelled Basis",TW,Taiwan,2017,2019,10,57,Imports,21,(MT),6300.0
577400,"Almonds, Shelled Basis",TW,Taiwan,2017,2019,10,28,Production,21,(MT),0.0
577400,"Almonds, Shelled Basis",TW,Taiwan,2017,2019,10,178,Total Distribution,21,(MT),6300.0
577400,"Almonds, Shelled Basis",TW,Taiwan,2017,2019,10,86,Total Supply,21,(MT),6300.0
577400,"Almonds, Shelled Basis",TW,Taiwan,2018,2019,10,20,Beginning Stocks,21,(MT),0.0
577400,"Almonds, Shelled Basis",TW,Taiwan,2018,2019,10,125,Domestic Consumption,21,(MT),4700.0
577400,"Almonds, Shelled Basis",TW,Taiwan,2018,2019,10,176,Ending Stocks,21,(MT),0.0
577400,"Almonds, Shelled Basis",TW,Taiwan,2018,2019,10,88,Exports,21,(MT),0.0
577400,"Almonds, Shelled Basis",TW,Taiwan,2018,2019,10,57,Imports,21,(MT),4700.0
577400,"Almonds, Shelled Basis",TW,Taiwan,2018,2019,10,28,Production,21,(MT),0.0
577400,"Almonds, Shelled Basis",TW,Taiwan,2018,2019,10,178,Total Distribution,21,(MT),4700.0
577400,"Almonds, Shelled Basis",TW,Taiwan,2018,2019,10,86,Total Supply,21,(MT),4700.0
577400,"Almonds, Shelled Basis",TW,Taiwan,2019,2020,10,20,Beginning Stocks,21,(MT),0.0
577400,"Almonds, Shelled Basis",TW,Taiwan,2019,2020,10,125,Domestic Consumption,21,(MT),4600.0
577400,"Almonds, Shelled Basis",TW,Taiwan,2019,2020,10,176,Ending Stocks,21,(MT),0.0
577400,"Almonds, Shelled Basis",TW,Taiwan,2019,2020,10,88,Exports,21,(MT),0.0
577400,"Almonds, Shelled Basis",TW,Taiwan,2019,2020,10,57,Imports,21,(MT),4600.0
577400,"Almonds, Shelled Basis",TW,Taiwan,2019,2020,10,28,Production,21,(MT),0.0
577400,"Almonds, Shelled Basis",TW,Taiwan,2019,2020,10,178,Total Distribution,21,(MT),4600.0
577400,"Almonds, Shelled Basis",TW,Taiwan,2019,2020,10,86,Total Supply,21,(MT),4600.0
577400,"Almonds, Shelled Basis",TW,Taiwan,2020,2020,10,20,Beginning Stocks,21,(MT),0.0
577400,"Almonds, Shelled Basis",TW,Taiwan,2020,2020,10,125,Domestic Consumption,21,(MT),5000.0
577400,"Almonds, Shelled Basis",TW,Taiwan,2020,2020,10,176,Ending Stocks,21,(MT),0.0
577400,"Almonds, Shelled Basis",TW,Taiwan,2020,2020,10,88,Exports,21,(MT),0.0
577400,"Almonds, Shelled Basis",TW,Taiwan,2020,2020,10,57,Imports,21,(MT),5000.0
577400,"Almonds, Shelled Basis",TW,Taiwan,2020,2020,10,28,Production,21,(MT),0.0
577400,"Almonds, Shelled Basis",TW,Taiwan,2020,2020,10,178,Total Distribution,21,(MT),5000.0
577400,"Almonds, Shelled Basis",TW,Taiwan,2020,2020,10,86,Total Supply,21,(MT),5000.0
577400,"Almonds, Shelled Basis",TH,Thailand,1999,2020,10,20,Beginning Stocks,21,(MT),0.0
577400,"Almonds, Shelled Basis",TH,Thailand,1999,2020,10,125,Domestic Consumption,21,(MT),0.0
577400,"Almonds, Shelled Basis",TH,Thailand,1999,2020,10,176,Ending Stocks,21,(MT),0.0
577400,"Almonds, Shelled Basis",TH,Thailand,1999,2020,10,88,Exports,21,(MT),0.0
577400,"Almonds, Shelled Basis",TH,Thailand,1999,2020,10,57,Imports,21,(MT),0.0
577400,"Almonds, Shelled Basis",TH,Thailand,1999,2020,10,28,Production,21,(MT),0.0
577400,"Almonds, Shelled Basis",TH,Thailand,1999,2020,10,178,Total Distribution,21,(MT),0.0
577400,"Almonds, Shelled Basis",TH,Thailand,1999,2020,10,86,Total Supply,21,(MT),0.0
577400,"Almonds, Shelled Basis",TH,Thailand,2000,2020,10,20,Beginning Stocks,21,(MT),0.0
577400,"Almonds, Shelled Basis",TH,Thailand,2000,2020,10,125,Domestic Consumption,21,(MT),0.0
577400,"Almonds, Shelled Basis",TH,Thailand,2000,2020,10,176,Ending Stocks,21,(MT),0.0
577400,"Almonds, Shelled Basis",TH,Thailand,2000,2020,10,88,Exports,21,(MT),0.0
577400,"Almonds, Shelled Basis",TH,Thailand,2000,2020,10,57,Imports,21,(MT),0.0
577400,"Almonds, Shelled Basis",TH,Thailand,2000,2020,10,28,Production,21,(MT),0.0
577400,"Almonds, Shelled Basis",TH,Thailand,2000,2020,10,178,Total Distribution,21,(MT),0.0
577400,"Almonds, Shelled Basis",TH,Thailand,2000,2020,10,86,Total Supply,21,(MT),0.0
577400,"Almonds, Shelled Basis",TH,Thailand,2001,2020,10,20,Beginning Stocks,21,(MT),0.0
577400,"Almonds, Shelled Basis",TH,Thailand,2001,2020,10,125,Domestic Consumption,21,(MT),0.0
577400,"Almonds, Shelled Basis",TH,Thailand,2001,2020,10,176,Ending Stocks,21,(MT),0.0
577400,"Almonds, Shelled Basis",TH,Thailand,2001,2020,10,88,Exports,21,(MT),0.0
577400,"Almonds, Shelled Basis",TH,Thailand,2001,2020,10,57,Imports,21,(MT),0.0
577400,"Almonds, Shelled Basis",TH,Thailand,2001,2020,10,28,Production,21,(MT),0.0
577400,"Almonds, Shelled Basis",TH,Thailand,2001,2020,10,178,Total Distribution,21,(MT),0.0
577400,"Almonds, Shelled Basis",TH,Thailand,2001,2020,10,86,Total Supply,21,(MT),0.0
577400,"Almonds, Shelled Basis",TH,Thailand,2002,2020,10,20,Beginning Stocks,21,(MT),0.0
577400,"Almonds, Shelled Basis",TH,Thailand,2002,2020,10,125,Domestic Consumption,21,(MT),0.0
577400,"Almonds, Shelled Basis",TH,Thailand,2002,2020,10,176,Ending Stocks,21,(MT),0.0
577400,"Almonds, Shelled Basis",TH,Thailand,2002,2020,10,88,Exports,21,(MT),0.0
577400,"Almonds, Shelled Basis",TH,Thailand,2002,2020,10,57,Imports,21,(MT),0.0
577400,"Almonds, Shelled Basis",TH,Thailand,2002,2020,10,28,Production,21,(MT),0.0
577400,"Almonds, Shelled Basis",TH,Thailand,2002,2020,10,178,Total Distribution,21,(MT),0.0
577400,"Almonds, Shelled Basis",TH,Thailand,2002,2020,10,86,Total Supply,21,(MT),0.0
577400,"Almonds, Shelled Basis",TH,Thailand,2003,2020,10,20,Beginning Stocks,21,(MT),0.0
577400,"Almonds, Shelled Basis",TH,Thailand,2003,2020,10,125,Domestic Consumption,21,(MT),0.0
577400,"Almonds, Shelled Basis",TH,Thailand,2003,2020,10,176,Ending Stocks,21,(MT),0.0
577400,"Almonds, Shelled Basis",TH,Thailand,2003,2020,10,88,Exports,21,(MT),0.0
577400,"Almonds, Shelled Basis",TH,Thailand,2003,2020,10,57,Imports,21,(MT),0.0
577400,"Almonds, Shelled Basis",TH,Thailand,2003,2020,10,28,Production,21,(MT),0.0
577400,"Almonds, Shelled Basis",TH,Thailand,2003,2020,10,178,Total Distribution,21,(MT),0.0
577400,"Almonds, Shelled Basis",TH,Thailand,2003,2020,10,86,Total Supply,21,(MT),0.0
577400,"Almonds, Shelled Basis",TH,Thailand,2004,2020,10,20,Beginning Stocks,21,(MT),0.0
577400,"Almonds, Shelled Basis",TH,Thailand,2004,2020,10,125,Domestic Consumption,21,(MT),0.0
577400,"Almonds, Shelled Basis",TH,Thailand,2004,2020,10,176,Ending Stocks,21,(MT),0.0
577400,"Almonds, Shelled Basis",TH,Thailand,2004,2020,10,88,Exports,21,(MT),0.0
577400,"Almonds, Shelled Basis",TH,Thailand,2004,2020,10,57,Imports,21,(MT),0.0
577400,"Almonds, Shelled Basis",TH,Thailand,2004,2020,10,28,Production,21,(MT),0.0
577400,"Almonds, Shelled Basis",TH,Thailand,2004,2020,10,178,Total Distribution,21,(MT),0.0
577400,"Almonds, Shelled Basis",TH,Thailand,2004,2020,10,86,Total Supply,21,(MT),0.0
577400,"Almonds, Shelled Basis",TH,Thailand,2005,2020,10,20,Beginning Stocks,21,(MT),0.0
577400,"Almonds, Shelled Basis",TH,Thailand,2005,2020,10,125,Domestic Consumption,21,(MT),0.0
577400,"Almonds, Shelled Basis",TH,Thailand,2005,2020,10,176,Ending Stocks,21,(MT),0.0
577400,"Almonds, Shelled Basis",TH,Thailand,2005,2020,10,88,Exports,21,(MT),0.0
577400,"Almonds, Shelled Basis",TH,Thailand,2005,2020,10,57,Imports,21,(MT),0.0
577400,"Almonds, Shelled Basis",TH,Thailand,2005,2020,10,28,Production,21,(MT),0.0
577400,"Almonds, Shelled Basis",TH,Thailand,2005,2020,10,178,Total Distribution,21,(MT),0.0
577400,"Almonds, Shelled Basis",TH,Thailand,2005,2020,10,86,Total Supply,21,(MT),0.0
577400,"Almonds, Shelled Basis",TH,Thailand,2006,2020,10,20,Beginning Stocks,21,(MT),0.0
577400,"Almonds, Shelled Basis",TH,Thailand,2006,2020,10,125,Domestic Consumption,21,(MT),0.0
577400,"Almonds, Shelled Basis",TH,Thailand,2006,2020,10,176,Ending Stocks,21,(MT),0.0
577400,"Almonds, Shelled Basis",TH,Thailand,2006,2020,10,88,Exports,21,(MT),0.0
577400,"Almonds, Shelled Basis",TH,Thailand,2006,2020,10,57,Imports,21,(MT),0.0
577400,"Almonds, Shelled Basis",TH,Thailand,2006,2020,10,28,Production,21,(MT),0.0
577400,"Almonds, Shelled Basis",TH,Thailand,2006,2020,10,178,Total Distribution,21,(MT),0.0
577400,"Almonds, Shelled Basis",TH,Thailand,2006,2020,10,86,Total Supply,21,(MT),0.0
577400,"Almonds, Shelled Basis",TH,Thailand,2007,2020,10,20,Beginning Stocks,21,(MT),0.0
577400,"Almonds, Shelled Basis",TH,Thailand,2007,2020,10,125,Domestic Consumption,21,(MT),1100.0
577400,"Almonds, Shelled Basis",TH,Thailand,2007,2020,10,176,Ending Stocks,21,(MT),0.0
577400,"Almonds, Shelled Basis",TH,Thailand,2007,2020,10,88,Exports,21,(MT),0.0
577400,"Almonds, Shelled Basis",TH,Thailand,2007,2020,10,57,Imports,21,(MT),1100.0
577400,"Almonds, Shelled Basis",TH,Thailand,2007,2020,10,28,Production,21,(MT),0.0
577400,"Almonds, Shelled Basis",TH,Thailand,2007,2020,10,178,Total Distribution,21,(MT),1100.0
577400,"Almonds, Shelled Basis",TH,Thailand,2007,2020,10,86,Total Supply,21,(MT),1100.0
577400,"Almonds, Shelled Basis",TH,Thailand,2008,2020,10,20,Beginning Stocks,21,(MT),0.0
577400,"Almonds, Shelled Basis",TH,Thailand,2008,2020,10,125,Domestic Consumption,21,(MT),1200.0
577400,"Almonds, Shelled Basis",TH,Thailand,2008,2020,10,176,Ending Stocks,21,(MT),0.0
577400,"Almonds, Shelled Basis",TH,Thailand,2008,2020,10,88,Exports,21,(MT),0.0
577400,"Almonds, Shelled Basis",TH,Thailand,2008,2020,10,57,Imports,21,(MT),1200.0
577400,"Almonds, Shelled Basis",TH,Thailand,2008,2020,10,28,Production,21,(MT),0.0
577400,"Almonds, Shelled Basis",TH,Thailand,2008,2020,10,178,Total Distribution,21,(MT),1200.0
577400,"Almonds, Shelled Basis",TH,Thailand,2008,2020,10,86,Total Supply,21,(MT),1200.0
577400,"Almonds, Shelled Basis",TH,Thailand,2009,2020,10,20,Beginning Stocks,21,(MT),0.0
577400,"Almonds, Shelled Basis",TH,Thailand,2009,2020,10,125,Domestic Consumption,21,(MT),2000.0
577400,"Almonds, Shelled Basis",TH,Thailand,2009,2020,10,176,Ending Stocks,21,(MT),0.0
577400,"Almonds, Shelled Basis",TH,Thailand,2009,2020,10,88,Exports,21,(MT),0.0
577400,"Almonds, Shelled Basis",TH,Thailand,2009,2020,10,57,Imports,21,(MT),2000.0
577400,"Almonds, Shelled Basis",TH,Thailand,2009,2020,10,28,Production,21,(MT),0.0
577400,"Almonds, Shelled Basis",TH,Thailand,2009,2020,10,178,Total Distribution,21,(MT),2000.0
577400,"Almonds, Shelled Basis",TH,Thailand,2009,2020,10,86,Total Supply,21,(MT),2000.0
577400,"Almonds, Shelled Basis",TH,Thailand,2010,2020,10,20,Beginning Stocks,21,(MT),0.0
577400,"Almonds, Shelled Basis",TH,Thailand,2010,2020,10,125,Domestic Consumption,21,(MT),2100.0
577400,"Almonds, Shelled Basis",TH,Thailand,2010,2020,10,176,Ending Stocks,21,(MT),0.0
577400,"Almonds, Shelled Basis",TH,Thailand,2010,2020,10,88,Exports,21,(MT),0.0
577400,"Almonds, Shelled Basis",TH,Thailand,2010,2020,10,57,Imports,21,(MT),2100.0
577400,"Almonds, Shelled Basis",TH,Thailand,2010,2020,10,28,Production,21,(MT),0.0
577400,"Almonds, Shelled Basis",TH,Thailand,2010,2020,10,178,Total Distribution,21,(MT),2100.0
577400,"Almonds, Shelled Basis",TH,Thailand,2010,2020,10,86,Total Supply,21,(MT),2100.0
577400,"Almonds, Shelled Basis",TH,Thailand,2011,2020,10,20,Beginning Stocks,21,(MT),0.0
577400,"Almonds, Shelled Basis",TH,Thailand,2011,2020,10,125,Domestic Consumption,21,(MT),2100.0
577400,"Almonds, Shelled Basis",TH,Thailand,2011,2020,10,176,Ending Stocks,21,(MT),0.0
577400,"Almonds, Shelled Basis",TH,Thailand,2011,2020,10,88,Exports,21,(MT),0.0
577400,"Almonds, Shelled Basis",TH,Thailand,2011,2020,10,57,Imports,21,(MT),2100.0
577400,"Almonds, Shelled Basis",TH,Thailand,2011,2020,10,28,Production,21,(MT),0.0
577400,"Almonds, Shelled Basis",TH,Thailand,2011,2020,10,178,Total Distribution,21,(MT),2100.0
577400,"Almonds, Shelled Basis",TH,Thailand,2011,2020,10,86,Total Supply,21,(MT),2100.0
577400,"Almonds, Shelled Basis",TH,Thailand,2012,2020,10,20,Beginning Stocks,21,(MT),0.0
577400,"Almonds, Shelled Basis",TH,Thailand,2012,2020,10,125,Domestic Consumption,21,(MT),2200.0
577400,"Almonds, Shelled Basis",TH,Thailand,2012,2020,10,176,Ending Stocks,21,(MT),0.0
577400,"Almonds, Shelled Basis",TH,Thailand,2012,2020,10,88,Exports,21,(MT),0.0
577400,"Almonds, Shelled Basis",TH,Thailand,2012,2020,10,57,Imports,21,(MT),2200.0
577400,"Almonds, Shelled Basis",TH,Thailand,2012,2020,10,28,Production,21,(MT),0.0
577400,"Almonds, Shelled Basis",TH,Thailand,2012,2020,10,178,Total Distribution,21,(MT),2200.0
577400,"Almonds, Shelled Basis",TH,Thailand,2012,2020,10,86,Total Supply,21,(MT),2200.0
577400,"Almonds, Shelled Basis",TH,Thailand,2013,2020,10,20,Beginning Stocks,21,(MT),0.0
577400,"Almonds, Shelled Basis",TH,Thailand,2013,2020,10,125,Domestic Consumption,21,(MT),2800.0
577400,"Almonds, Shelled Basis",TH,Thailand,2013,2020,10,176,Ending Stocks,21,(MT),0.0
577400,"Almonds, Shelled Basis",TH,Thailand,2013,2020,10,88,Exports,21,(MT),0.0
577400,"Almonds, Shelled Basis",TH,Thailand,2013,2020,10,57,Imports,21,(MT),2800.0
577400,"Almonds, Shelled Basis",TH,Thailand,2013,2020,10,28,Production,21,(MT),0.0
577400,"Almonds, Shelled Basis",TH,Thailand,2013,2020,10,178,Total Distribution,21,(MT),2800.0
577400,"Almonds, Shelled Basis",TH,Thailand,2013,2020,10,86,Total Supply,21,(MT),2800.0
577400,"Almonds, Shelled Basis",TH,Thailand,2014,2020,10,20,Beginning Stocks,21,(MT),0.0
577400,"Almonds, Shelled Basis",TH,Thailand,2014,2020,10,125,Domestic Consumption,21,(MT),3300.0
577400,"Almonds, Shelled Basis",TH,Thailand,2014,2020,10,176,Ending Stocks,21,(MT),0.0
577400,"Almonds, Shelled Basis",TH,Thailand,2014,2020,10,88,Exports,21,(MT),0.0
577400,"Almonds, Shelled Basis",TH,Thailand,2014,2020,10,57,Imports,21,(MT),3300.0
577400,"Almonds, Shelled Basis",TH,Thailand,2014,2020,10,28,Production,21,(MT),0.0
577400,"Almonds, Shelled Basis",TH,Thailand,2014,2020,10,178,Total Distribution,21,(MT),3300.0
577400,"Almonds, Shelled Basis",TH,Thailand,2014,2020,10,86,Total Supply,21,(MT),3300.0
577400,"Almonds, Shelled Basis",TH,Thailand,2015,2020,10,20,Beginning Stocks,21,(MT),0.0
577400,"Almonds, Shelled Basis",TH,Thailand,2015,2020,10,125,Domestic Consumption,21,(MT),3300.0
577400,"Almonds, Shelled Basis",TH,Thailand,2015,2020,10,176,Ending Stocks,21,(MT),0.0
577400,"Almonds, Shelled Basis",TH,Thailand,2015,2020,10,88,Exports,21,(MT),0.0
577400,"Almonds, Shelled Basis",TH,Thailand,2015,2020,10,57,Imports,21,(MT),3300.0
577400,"Almonds, Shelled Basis",TH,Thailand,2015,2020,10,28,Production,21,(MT),0.0
577400,"Almonds, Shelled Basis",TH,Thailand,2015,2020,10,178,Total Distribution,21,(MT),3300.0
577400,"Almonds, Shelled Basis",TH,Thailand,2015,2020,10,86,Total Supply,21,(MT),3300.0
577400,"Almonds, Shelled Basis",TH,Thailand,2016,2020,10,20,Beginning Stocks,21,(MT),0.0
577400,"Almonds, Shelled Basis",TH,Thailand,2016,2020,10,125,Domestic Consumption,21,(MT),3400.0
577400,"Almonds, Shelled Basis",TH,Thailand,2016,2020,10,176,Ending Stocks,21,(MT),0.0
577400,"Almonds, Shelled Basis",TH,Thailand,2016,2020,10,88,Exports,21,(MT),0.0
577400,"Almonds, Shelled Basis",TH,Thailand,2016,2020,10,57,Imports,21,(MT),3400.0
577400,"Almonds, Shelled Basis",TH,Thailand,2016,2020,10,28,Production,21,(MT),0.0
577400,"Almonds, Shelled Basis",TH,Thailand,2016,2020,10,178,Total Distribution,21,(MT),3400.0
577400,"Almonds, Shelled Basis",TH,Thailand,2016,2020,10,86,Total Supply,21,(MT),3400.0
577400,"Almonds, Shelled Basis",TH,Thailand,2017,2020,10,20,Beginning Stocks,21,(MT),0.0
577400,"Almonds, Shelled Basis",TH,Thailand,2017,2020,10,125,Domestic Consumption,21,(MT),3700.0
577400,"Almonds, Shelled Basis",TH,Thailand,2017,2020,10,176,Ending Stocks,21,(MT),0.0
577400,"Almonds, Shelled Basis",TH,Thailand,2017,2020,10,88,Exports,21,(MT),0.0
577400,"Almonds, Shelled Basis",TH,Thailand,2017,2020,10,57,Imports,21,(MT),3700.0
577400,"Almonds, Shelled Basis",TH,Thailand,2017,2020,10,28,Production,21,(MT),0.0
577400,"Almonds, Shelled Basis",TH,Thailand,2017,2020,10,178,Total Distribution,21,(MT),3700.0
577400,"Almonds, Shelled Basis",TH,Thailand,2017,2020,10,86,Total Supply,21,(MT),3700.0
577400,"Almonds, Shelled Basis",TH,Thailand,2018,2020,10,20,Beginning Stocks,21,(MT),0.0
577400,"Almonds, Shelled Basis",TH,Thailand,2018,2020,10,125,Domestic Consumption,21,(MT),7400.0
577400,"Almonds, Shelled Basis",TH,Thailand,2018,2020,10,176,Ending Stocks,21,(MT),0.0
577400,"Almonds, Shelled Basis",TH,Thailand,2018,2020,10,88,Exports,21,(MT),0.0
577400,"Almonds, Shelled Basis",TH,Thailand,2018,2020,10,57,Imports,21,(MT),7400.0
577400,"Almonds, Shelled Basis",TH,Thailand,2018,2020,10,28,Production,21,(MT),0.0
577400,"Almonds, Shelled Basis",TH,Thailand,2018,2020,10,178,Total Distribution,21,(MT),7400.0
577400,"Almonds, Shelled Basis",TH,Thailand,2018,2020,10,86,Total Supply,21,(MT),7400.0
577400,"Almonds, Shelled Basis",TH,Thailand,2019,2020,10,20,Beginning Stocks,21,(MT),0.0
577400,"Almonds, Shelled Basis",TH,Thailand,2019,2020,10,125,Domestic Consumption,21,(MT),6600.0
577400,"Almonds, Shelled Basis",TH,Thailand,2019,2020,10,176,Ending Stocks,21,(MT),0.0
577400,"Almonds, Shelled Basis",TH,Thailand,2019,2020,10,88,Exports,21,(MT),0.0
577400,"Almonds, Shelled Basis",TH,Thailand,2019,2020,10,57,Imports,21,(MT),6600.0
577400,"Almonds, Shelled Basis",TH,Thailand,2019,2020,10,28,Production,21,(MT),0.0
577400,"Almonds, Shelled Basis",TH,Thailand,2019,2020,10,178,Total Distribution,21,(MT),6600.0
577400,"Almonds, Shelled Basis",TH,Thailand,2019,2020,10,86,Total Supply,21,(MT),6600.0
577400,"Almonds, Shelled Basis",TH,Thailand,2020,2020,10,20,Beginning Stocks,21,(MT),0.0
577400,"Almonds, Shelled Basis",TH,Thailand,2020,2020,10,125,Domestic Consumption,21,(MT),7000.0
577400,"Almonds, Shelled Basis",TH,Thailand,2020,2020,10,176,Ending Stocks,21,(MT),0.0
577400,"Almonds, Shelled Basis",TH,Thailand,2020,2020,10,88,Exports,21,(MT),0.0
577400,"Almonds, Shelled Basis",TH,Thailand,2020,2020,10,57,Imports,21,(MT),7000.0
577400,"Almonds, Shelled Basis",TH,Thailand,2020,2020,10,28,Production,21,(MT),0.0
577400,"Almonds, Shelled Basis",TH,Thailand,2020,2020,10,178,Total Distribution,21,(MT),7000.0
577400,"Almonds, Shelled Basis",TH,Thailand,2020,2020,10,86,Total Supply,21,(MT),7000.0
577400,"Almonds, Shelled Basis",TS,Tunisia,1983,1984,0,20,Beginning Stocks,21,(MT),2000.0
577400,"Almonds, Shelled Basis",TS,Tunisia,1983,1984,0,125,Domestic Consumption,21,(MT),10000.0
577400,"Almonds, Shelled Basis",TS,Tunisia,1983,1984,0,176,Ending Stocks,21,(MT),4593.0
577400,"Almonds, Shelled Basis",TS,Tunisia,1983,1984,0,88,Exports,21,(MT),407.0
577400,"Almonds, Shelled Basis",TS,Tunisia,1983,1984,0,57,Imports,21,(MT),0.0
577400,"Almonds, Shelled Basis",TS,Tunisia,1983,1984,0,28,Production,21,(MT),13000.0
577400,"Almonds, Shelled Basis",TS,Tunisia,1983,1984,0,178,Total Distribution,21,(MT),15000.0
577400,"Almonds, Shelled Basis",TS,Tunisia,1983,1984,0,86,Total Supply,21,(MT),15000.0
577400,"Almonds, Shelled Basis",TS,Tunisia,1984,1985,0,20,Beginning Stocks,21,(MT),2014.0
577400,"Almonds, Shelled Basis",TS,Tunisia,1984,1985,0,125,Domestic Consumption,21,(MT),14261.0
577400,"Almonds, Shelled Basis",TS,Tunisia,1984,1985,0,176,Ending Stocks,21,(MT),2227.0
577400,"Almonds, Shelled Basis",TS,Tunisia,1984,1985,0,88,Exports,21,(MT),433.0
577400,"Almonds, Shelled Basis",TS,Tunisia,1984,1985,0,57,Imports,21,(MT),50.0
577400,"Almonds, Shelled Basis",TS,Tunisia,1984,1985,0,28,Production,21,(MT),14857.0
577400,"Almonds, Shelled Basis",TS,Tunisia,1984,1985,0,178,Total Distribution,21,(MT),16921.0
577400,"Almonds, Shelled Basis",TS,Tunisia,1984,1985,0,86,Total Supply,21,(MT),16921.0
577400,"Almonds, Shelled Basis",TS,Tunisia,1985,1986,0,20,Beginning Stocks,21,(MT),2227.0
577400,"Almonds, Shelled Basis",TS,Tunisia,1985,1986,0,125,Domestic Consumption,21,(MT),17654.0
577400,"Almonds, Shelled Basis",TS,Tunisia,1985,1986,0,176,Ending Stocks,21,(MT),2800.0
577400,"Almonds, Shelled Basis",TS,Tunisia,1985,1986,0,88,Exports,21,(MT),277.0
577400,"Almonds, Shelled Basis",TS,Tunisia,1985,1986,0,57,Imports,21,(MT),40.0
577400,"Almonds, Shelled Basis",TS,Tunisia,1985,1986,0,28,Production,21,(MT),18464.0
577400,"Almonds, Shelled Basis",TS,Tunisia,1985,1986,0,178,Total Distribution,21,(MT),20731.0
577400,"Almonds, Shelled Basis",TS,Tunisia,1985,1986,0,86,Total Supply,21,(MT),20731.0
577400,"Almonds, Shelled Basis",TS,Tunisia,1986,1987,0,20,Beginning Stocks,21,(MT),2800.0
577400,"Almonds, Shelled Basis",TS,Tunisia,1986,1987,0,125,Domestic Consumption,21,(MT),13718.0
577400,"Almonds, Shelled Basis",TS,Tunisia,1986,1987,0,176,Ending Stocks,21,(MT),1500.0
577400,"Almonds, Shelled Basis",TS,Tunisia,1986,1987,0,88,Exports,21,(MT),2756.0
577400,"Almonds, Shelled Basis",TS,Tunisia,1986,1987,0,57,Imports,21,(MT),174.0
577400,"Almonds, Shelled Basis",TS,Tunisia,1986,1987,0,28,Production,21,(MT),15000.0
577400,"Almonds, Shelled Basis",TS,Tunisia,1986,1987,0,178,Total Distribution,21,(MT),17974.0
577400,"Almonds, Shelled Basis",TS,Tunisia,1986,1987,0,86,Total Supply,21,(MT),17974.0
577400,"Almonds, Shelled Basis",TS,Tunisia,1987,1988,0,20,Beginning Stocks,21,(MT),1500.0
577400,"Almonds, Shelled Basis",TS,Tunisia,1987,1988,0,125,Domestic Consumption,21,(MT),15608.0
577400,"Almonds, Shelled Basis",TS,Tunisia,1987,1988,0,176,Ending Stocks,21,(MT),1500.0
577400,"Almonds, Shelled Basis",TS,Tunisia,1987,1988,0,88,Exports,21,(MT),821.0
577400,"Almonds, Shelled Basis",TS,Tunisia,1987,1988,0,57,Imports,21,(MT),0.0
577400,"Almonds, Shelled Basis",TS,Tunisia,1987,1988,0,28,Production,21,(MT),16429.0
577400,"Almonds, Shelled Basis",TS,Tunisia,1987,1988,0,178,Total Distribution,21,(MT),17929.0
577400,"Almonds, Shelled Basis",TS,Tunisia,1987,1988,0,86,Total Supply,21,(MT),17929.0
577400,"Almonds, Shelled Basis",TS,Tunisia,1988,1989,0,20,Beginning Stocks,21,(MT),1500.0
577400,"Almonds, Shelled Basis",TS,Tunisia,1988,1989,0,125,Domestic Consumption,21,(MT),12400.0
577400,"Almonds, Shelled Basis",TS,Tunisia,1988,1989,0,176,Ending Stocks,21,(MT),1200.0
577400,"Almonds, Shelled Basis",TS,Tunisia,1988,1989,0,88,Exports,21,(MT),500.0
577400,"Almonds, Shelled Basis",TS,Tunisia,1988,1989,0,57,Imports,21,(MT),100.0
577400,"Almonds, Shelled Basis",TS,Tunisia,1988,1989,0,28,Production,21,(MT),12500.0
577400,"Almonds, Shelled Basis",TS,Tunisia,1988,1989,0,178,Total Distribution,21,(MT),14100.0
577400,"Almonds, Shelled Basis",TS,Tunisia,1988,1989,0,86,Total Supply,21,(MT),14100.0
577400,"Almonds, Shelled Basis",TS,Tunisia,1991,1992,0,20,Beginning Stocks,21,(MT),3214.0
577400,"Almonds, Shelled Basis",TS,Tunisia,1991,1992,0,125,Domestic Consumption,21,(MT),14675.0
577400,"Almonds, Shelled Basis",TS,Tunisia,1991,1992,0,176,Ending Stocks,21,(MT),2857.0
577400,"Almonds, Shelled Basis",TS,Tunisia,1991,1992,0,88,Exports,21,(MT),423.0
577400,"Almonds, Shelled Basis",TS,Tunisia,1991,1992,0,57,Imports,21,(MT),98.0
577400,"Almonds, Shelled Basis",TS,Tunisia,1991,1992,0,28,Production,21,(MT),14643.0
577400,"Almonds, Shelled Basis",TS,Tunisia,1991,1992,0,178,Total Distribution,21,(MT),17955.0
577400,"Almonds, Shelled Basis",TS,Tunisia,1991,1992,0,86,Total Supply,21,(MT),17955.0
577400,"Almonds, Shelled Basis",TS,Tunisia,1992,1993,0,20,Beginning Stocks,21,(MT),2857.0
577400,"Almonds, Shelled Basis",TS,Tunisia,1992,1993,0,125,Domestic Consumption,21,(MT),15583.0
577400,"Almonds, Shelled Basis",TS,Tunisia,1992,1993,0,176,Ending Stocks,21,(MT),3214.0
577400,"Almonds, Shelled Basis",TS,Tunisia,1992,1993,0,88,Exports,21,(MT),364.0
577400,"Almonds, Shelled Basis",TS,Tunisia,1992,1993,0,57,Imports,21,(MT),233.0
577400,"Almonds, Shelled Basis",TS,Tunisia,1992,1993,0,28,Production,21,(MT),16071.0
577400,"Almonds, Shelled Basis",TS,Tunisia,1992,1993,0,178,Total Distribution,21,(MT),19161.0
577400,"Almonds, Shelled Basis",TS,Tunisia,1992,1993,0,86,Total Supply,21,(MT),19161.0
577400,"Almonds, Shelled Basis",TS,Tunisia,1993,1994,0,20,Beginning Stocks,21,(MT),3214.0
577400,"Almonds, Shelled Basis",TS,Tunisia,1993,1994,0,125,Domestic Consumption,21,(MT),16850.0
577400,"Almonds, Shelled Basis",TS,Tunisia,1993,1994,0,176,Ending Stocks,21,(MT),3014.0
577400,"Almonds, Shelled Basis",TS,Tunisia,1993,1994,0,88,Exports,21,(MT),350.0
577400,"Almonds, Shelled Basis",TS,Tunisia,1993,1994,0,57,Imports,21,(MT),200.0
577400,"Almonds, Shelled Basis",TS,Tunisia,1993,1994,0,28,Production,21,(MT),16800.0
577400,"Almonds, Shelled Basis",TS,Tunisia,1993,1994,0,178,Total Distribution,21,(MT),20214.0
577400,"Almonds, Shelled Basis",TS,Tunisia,1993,1994,0,86,Total Supply,21,(MT),20214.0
577400,"Almonds, Shelled Basis",TU,Turkey,1980,1981,0,20,Beginning Stocks,21,(MT),2000.0
577400,"Almonds, Shelled Basis",TU,Turkey,1980,1981,0,125,Domestic Consumption,21,(MT),26500.0
577400,"Almonds, Shelled Basis",TU,Turkey,1980,1981,0,176,Ending Stocks,21,(MT),5000.0
577400,"Almonds, Shelled Basis",TU,Turkey,1980,1981,0,88,Exports,21,(MT),2500.0
577400,"Almonds, Shelled Basis",TU,Turkey,1980,1981,0,57,Imports,21,(MT),0.0
577400,"Almonds, Shelled Basis",TU,Turkey,1980,1981,0,28,Production,21,(MT),32000.0
577400,"Almonds, Shelled Basis",TU,Turkey,1980,1981,0,178,Total Distribution,21,(MT),34000.0
577400,"Almonds, Shelled Basis",TU,Turkey,1980,1981,0,86,Total Supply,21,(MT),34000.0
577400,"Almonds, Shelled Basis",TU,Turkey,1981,1982,0,20,Beginning Stocks,21,(MT),5000.0
577400,"Almonds, Shelled Basis",TU,Turkey,1981,1982,0,125,Domestic Consumption,21,(MT),28400.0
577400,"Almonds, Shelled Basis",TU,Turkey,1981,1982,0,176,Ending Stocks,21,(MT),7000.0
577400,"Almonds, Shelled Basis",TU,Turkey,1981,1982,0,88,Exports,21,(MT),1600.0
577400,"Almonds, Shelled Basis",TU,Turkey,1981,1982,0,57,Imports,21,(MT),0.0
577400,"Almonds, Shelled Basis",TU,Turkey,1981,1982,0,28,Production,21,(MT),32000.0
577400,"Almonds, Shelled Basis",TU,Turkey,1981,1982,0,178,Total Distribution,21,(MT),37000.0
577400,"Almonds, Shelled Basis",TU,Turkey,1981,1982,0,86,Total Supply,21,(MT),37000.0
577400,"Almonds, Shelled Basis",TU,Turkey,1982,1983,0,20,Beginning Stocks,21,(MT),2300.0
577400,"Almonds, Shelled Basis",TU,Turkey,1982,1983,0,125,Domestic Consumption,21,(MT),10000.0
577400,"Almonds, Shelled Basis",TU,Turkey,1982,1983,0,176,Ending Stocks,21,(MT),4000.0
577400,"Almonds, Shelled Basis",TU,Turkey,1982,1983,0,88,Exports,21,(MT),300.0
577400,"Almonds, Shelled Basis",TU,Turkey,1982,1983,0,57,Imports,21,(MT),0.0
577400,"Almonds, Shelled Basis",TU,Turkey,1982,1983,0,28,Production,21,(MT),12000.0
577400,"Almonds, Shelled Basis",TU,Turkey,1982,1983,0,178,Total Distribution,21,(MT),14300.0
577400,"Almonds, Shelled Basis",TU,Turkey,1982,1983,0,86,Total Supply,21,(MT),14300.0
577400,"Almonds, Shelled Basis",TU,Turkey,1983,1984,0,20,Beginning Stocks,21,(MT),4000.0
577400,"Almonds, Shelled Basis",TU,Turkey,1983,1984,0,125,Domestic Consumption,21,(MT),10300.0
577400,"Almonds, Shelled Basis",TU,Turkey,1983,1984,0,176,Ending Stocks,21,(MT),5000.0
577400,"Almonds, Shelled Basis",TU,Turkey,1983,1984,0,88,Exports,21,(MT),2000.0
577400,"Almonds, Shelled Basis",TU,Turkey,1983,1984,0,57,Imports,21,(MT),0.0
577400,"Almonds, Shelled Basis",TU,Turkey,1983,1984,0,28,Production,21,(MT),13300.0
577400,"Almonds, Shelled Basis",TU,Turkey,1983,1984,0,178,Total Distribution,21,(MT),17300.0
577400,"Almonds, Shelled Basis",TU,Turkey,1983,1984,0,86,Total Supply,21,(MT),17300.0
577400,"Almonds, Shelled Basis",TU,Turkey,1984,1985,0,20,Beginning Stocks,21,(MT),5000.0
577400,"Almonds, Shelled Basis",TU,Turkey,1984,1985,0,125,Domestic Consumption,21,(MT),10000.0
577400,"Almonds, Shelled Basis",TU,Turkey,1984,1985,0,176,Ending Stocks,21,(MT),6000.0
577400,"Almonds, Shelled Basis",TU,Turkey,1984,1985,0,88,Exports,21,(MT),0.0
577400,"Almonds, Shelled Basis",TU,Turkey,1984,1985,0,57,Imports,21,(MT),0.0
577400,"Almonds, Shelled Basis",TU,Turkey,1984,1985,0,28,Production,21,(MT),11000.0
577400,"Almonds, Shelled Basis",TU,Turkey,1984,1985,0,178,Total Distribution,21,(MT),16000.0
577400,"Almonds, Shelled Basis",TU,Turkey,1984,1985,0,86,Total Supply,21,(MT),16000.0
577400,"Almonds, Shelled Basis",TU,Turkey,1985,1986,0,20,Beginning Stocks,21,(MT),6000.0
577400,"Almonds, Shelled Basis",TU,Turkey,1985,1986,0,125,Domestic Consumption,21,(MT),10000.0
577400,"Almonds, Shelled Basis",TU,Turkey,1985,1986,0,176,Ending Stocks,21,(MT),5000.0
577400,"Almonds, Shelled Basis",TU,Turkey,1985,1986,0,88,Exports,21,(MT),1000.0
577400,"Almonds, Shelled Basis",TU,Turkey,1985,1986,0,57,Imports,21,(MT),0.0
577400,"Almonds, Shelled Basis",TU,Turkey,1985,1986,0,28,Production,21,(MT),10000.0
577400,"Almonds, Shelled Basis",TU,Turkey,1985,1986,0,178,Total Distribution,21,(MT),16000.0
577400,"Almonds, Shelled Basis",TU,Turkey,1985,1986,0,86,Total Supply,21,(MT),16000.0
577400,"Almonds, Shelled Basis",TU,Turkey,1986,1987,0,20,Beginning Stocks,21,(MT),5000.0
577400,"Almonds, Shelled Basis",TU,Turkey,1986,1987,0,125,Domestic Consumption,21,(MT),12000.0
577400,"Almonds, Shelled Basis",TU,Turkey,1986,1987,0,176,Ending Stocks,21,(MT),4000.0
577400,"Almonds, Shelled Basis",TU,Turkey,1986,1987,0,88,Exports,21,(MT),1000.0
577400,"Almonds, Shelled Basis",TU,Turkey,1986,1987,0,57,Imports,21,(MT),0.0
577400,"Almonds, Shelled Basis",TU,Turkey,1986,1987,0,28,Production,21,(MT),12000.0
577400,"Almonds, Shelled Basis",TU,Turkey,1986,1987,0,178,Total Distribution,21,(MT),17000.0
577400,"Almonds, Shelled Basis",TU,Turkey,1986,1987,0,86,Total Supply,21,(MT),17000.0
577400,"Almonds, Shelled Basis",TU,Turkey,1987,1988,0,20,Beginning Stocks,21,(MT),4000.0
577400,"Almonds, Shelled Basis",TU,Turkey,1987,1988,0,125,Domestic Consumption,21,(MT),11000.0
577400,"Almonds, Shelled Basis",TU,Turkey,1987,1988,0,176,Ending Stocks,21,(MT),2000.0
577400,"Almonds, Shelled Basis",TU,Turkey,1987,1988,0,88,Exports,21,(MT),1000.0
577400,"Almonds, Shelled Basis",TU,Turkey,1987,1988,0,57,Imports,21,(MT),0.0
577400,"Almonds, Shelled Basis",TU,Turkey,1987,1988,0,28,Production,21,(MT),10000.0
577400,"Almonds, Shelled Basis",TU,Turkey,1987,1988,0,178,Total Distribution,21,(MT),14000.0
577400,"Almonds, Shelled Basis",TU,Turkey,1987,1988,0,86,Total Supply,21,(MT),14000.0
577400,"Almonds, Shelled Basis",TU,Turkey,1988,1989,0,20,Beginning Stocks,21,(MT),2000.0
577400,"Almonds, Shelled Basis",TU,Turkey,1988,1989,0,125,Domestic Consumption,21,(MT),13000.0
577400,"Almonds, Shelled Basis",TU,Turkey,1988,1989,0,176,Ending Stocks,21,(MT),2000.0
577400,"Almonds, Shelled Basis",TU,Turkey,1988,1989,0,88,Exports,21,(MT),1000.0
577400,"Almonds, Shelled Basis",TU,Turkey,1988,1989,0,57,Imports,21,(MT),0.0
577400,"Almonds, Shelled Basis",TU,Turkey,1988,1989,0,28,Production,21,(MT),14000.0
577400,"Almonds, Shelled Basis",TU,Turkey,1988,1989,0,178,Total Distribution,21,(MT),16000.0
577400,"Almonds, Shelled Basis",TU,Turkey,1988,1989,0,86,Total Supply,21,(MT),16000.0
577400,"Almonds, Shelled Basis",TU,Turkey,1989,1990,0,20,Beginning Stocks,21,(MT),2000.0
577400,"Almonds, Shelled Basis",TU,Turkey,1989,1990,0,125,Domestic Consumption,21,(MT),13497.0
577400,"Almonds, Shelled Basis",TU,Turkey,1989,1990,0,176,Ending Stocks,21,(MT),3000.0
577400,"Almonds, Shelled Basis",TU,Turkey,1989,1990,0,88,Exports,21,(MT),503.0
577400,"Almonds, Shelled Basis",TU,Turkey,1989,1990,0,57,Imports,21,(MT),0.0
577400,"Almonds, Shelled Basis",TU,Turkey,1989,1990,0,28,Production,21,(MT),15000.0
577400,"Almonds, Shelled Basis",TU,Turkey,1989,1990,0,178,Total Distribution,21,(MT),17000.0
577400,"Almonds, Shelled Basis",TU,Turkey,1989,1990,0,86,Total Supply,21,(MT),17000.0
577400,"Almonds, Shelled Basis",TU,Turkey,1990,1991,0,20,Beginning Stocks,21,(MT),3000.0
577400,"Almonds, Shelled Basis",TU,Turkey,1990,1991,0,125,Domestic Consumption,21,(MT),14725.0
577400,"Almonds, Shelled Basis",TU,Turkey,1990,1991,0,176,Ending Stocks,21,(MT),3000.0
577400,"Almonds, Shelled Basis",TU,Turkey,1990,1991,0,88,Exports,21,(MT),375.0
577400,"Almonds, Shelled Basis",TU,Turkey,1990,1991,0,57,Imports,21,(MT),100.0
577400,"Almonds, Shelled Basis",TU,Turkey,1990,1991,0,28,Production,21,(MT),15000.0
577400,"Almonds, Shelled Basis",TU,Turkey,1990,1991,0,178,Total Distribution,21,(MT),18100.0
577400,"Almonds, Shelled Basis",TU,Turkey,1990,1991,0,86,Total Supply,21,(MT),18100.0
577400,"Almonds, Shelled Basis",TU,Turkey,1991,1992,0,20,Beginning Stocks,21,(MT),3000.0
577400,"Almonds, Shelled Basis",TU,Turkey,1991,1992,0,125,Domestic Consumption,21,(MT),14968.0
577400,"Almonds, Shelled Basis",TU,Turkey,1991,1992,0,176,Ending Stocks,21,(MT),3300.0
577400,"Almonds, Shelled Basis",TU,Turkey,1991,1992,0,88,Exports,21,(MT),136.0
577400,"Almonds, Shelled Basis",TU,Turkey,1991,1992,0,57,Imports,21,(MT),104.0
577400,"Almonds, Shelled Basis",TU,Turkey,1991,1992,0,28,Production,21,(MT),15300.0
577400,"Almonds, Shelled Basis",TU,Turkey,1991,1992,0,178,Total Distribution,21,(MT),18404.0
577400,"Almonds, Shelled Basis",TU,Turkey,1991,1992,0,86,Total Supply,21,(MT),18404.0
577400,"Almonds, Shelled Basis",TU,Turkey,1992,1993,0,20,Beginning Stocks,21,(MT),3300.0
577400,"Almonds, Shelled Basis",TU,Turkey,1992,1993,0,125,Domestic Consumption,21,(MT),15957.0
577400,"Almonds, Shelled Basis",TU,Turkey,1992,1993,0,176,Ending Stocks,21,(MT),3000.0
577400,"Almonds, Shelled Basis",TU,Turkey,1992,1993,0,88,Exports,21,(MT),294.0
577400,"Almonds, Shelled Basis",TU,Turkey,1992,1993,0,57,Imports,21,(MT),251.0
577400,"Almonds, Shelled Basis",TU,Turkey,1992,1993,0,28,Production,21,(MT),15700.0
577400,"Almonds, Shelled Basis",TU,Turkey,1992,1993,0,178,Total Distribution,21,(MT),19251.0
577400,"Almonds, Shelled Basis",TU,Turkey,1992,1993,0,86,Total Supply,21,(MT),19251.0
577400,"Almonds, Shelled Basis",TU,Turkey,1993,1994,0,20,Beginning Stocks,21,(MT),3000.0
577400,"Almonds, Shelled Basis",TU,Turkey,1993,1994,0,125,Domestic Consumption,21,(MT),15850.0
577400,"Almonds, Shelled Basis",TU,Turkey,1993,1994,0,176,Ending Stocks,21,(MT),2900.0
577400,"Almonds, Shelled Basis",TU,Turkey,1993,1994,0,88,Exports,21,(MT),467.0
577400,"Almonds, Shelled Basis",TU,Turkey,1993,1994,0,57,Imports,21,(MT),217.0
577400,"Almonds, Shelled Basis",TU,Turkey,1993,1994,0,28,Production,21,(MT),16000.0
577400,"Almonds, Shelled Basis",TU,Turkey,1993,1994,0,178,Total Distribution,21,(MT),19217.0
577400,"Almonds, Shelled Basis",TU,Turkey,1993,1994,0,86,Total Supply,21,(MT),19217.0
577400,"Almonds, Shelled Basis",TU,Turkey,1994,1995,0,20,Beginning Stocks,21,(MT),2900.0
577400,"Almonds, Shelled Basis",TU,Turkey,1994,1995,0,125,Domestic Consumption,21,(MT),15788.0
577400,"Almonds, Shelled Basis",TU,Turkey,1994,1995,0,176,Ending Stocks,21,(MT),3000.0
577400,"Almonds, Shelled Basis",TU,Turkey,1994,1995,0,88,Exports,21,(MT),158.0
577400,"Almonds, Shelled Basis",TU,Turkey,1994,1995,0,57,Imports,21,(MT),346.0
577400,"Almonds, Shelled Basis",TU,Turkey,1994,1995,0,28,Production,21,(MT),15700.0
577400,"Almonds, Shelled Basis",TU,Turkey,1994,1995,0,178,Total Distribution,21,(MT),18946.0
577400,"Almonds, Shelled Basis",TU,Turkey,1994,1995,0,86,Total Supply,21,(MT),18946.0
577400,"Almonds, Shelled Basis",TU,Turkey,1995,1996,0,20,Beginning Stocks,21,(MT),3000.0
577400,"Almonds, Shelled Basis",TU,Turkey,1995,1996,0,125,Domestic Consumption,21,(MT),14357.0
577400,"Almonds, Shelled Basis",TU,Turkey,1995,1996,0,176,Ending Stocks,21,(MT),2500.0
577400,"Almonds, Shelled Basis",TU,Turkey,1995,1996,0,88,Exports,21,(MT),227.0
577400,"Almonds, Shelled Basis",TU,Turkey,1995,1996,0,57,Imports,21,(MT),384.0
577400,"Almonds, Shelled Basis",TU,Turkey,1995,1996,0,28,Production,21,(MT),13700.0
577400,"Almonds, Shelled Basis",TU,Turkey,1995,1996,0,178,Total Distribution,21,(MT),17084.0
577400,"Almonds, Shelled Basis",TU,Turkey,1995,1996,0,86,Total Supply,21,(MT),17084.0
577400,"Almonds, Shelled Basis",TU,Turkey,1996,1997,0,20,Beginning Stocks,21,(MT),2500.0
577400,"Almonds, Shelled Basis",TU,Turkey,1996,1997,0,125,Domestic Consumption,21,(MT),14706.0
577400,"Almonds, Shelled Basis",TU,Turkey,1996,1997,0,176,Ending Stocks,21,(MT),1600.0
577400,"Almonds, Shelled Basis",TU,Turkey,1996,1997,0,88,Exports,21,(MT),664.0
577400,"Almonds, Shelled Basis",TU,Turkey,1996,1997,0,57,Imports,21,(MT),170.0
577400,"Almonds, Shelled Basis",TU,Turkey,1996,1997,0,28,Production,21,(MT),14300.0
577400,"Almonds, Shelled Basis",TU,Turkey,1996,1997,0,178,Total Distribution,21,(MT),16970.0
577400,"Almonds, Shelled Basis",TU,Turkey,1996,1997,0,86,Total Supply,21,(MT),16970.0
577400,"Almonds, Shelled Basis",TU,Turkey,1997,1998,0,20,Beginning Stocks,21,(MT),1600.0
577400,"Almonds, Shelled Basis",TU,Turkey,1997,1998,0,125,Domestic Consumption,21,(MT),14500.0
577400,"Almonds, Shelled Basis",TU,Turkey,1997,1998,0,176,Ending Stocks,21,(MT),1000.0
577400,"Almonds, Shelled Basis",TU,Turkey,1997,1998,0,88,Exports,21,(MT),100.0
577400,"Almonds, Shelled Basis",TU,Turkey,1997,1998,0,57,Imports,21,(MT),3000.0
577400,"Almonds, Shelled Basis",TU,Turkey,1997,1998,0,28,Production,21,(MT),11000.0
577400,"Almonds, Shelled Basis",TU,Turkey,1997,1998,0,178,Total Distribution,21,(MT),15600.0
577400,"Almonds, Shelled Basis",TU,Turkey,1997,1998,0,86,Total Supply,21,(MT),15600.0
577400,"Almonds, Shelled Basis",TU,Turkey,1998,1999,0,20,Beginning Stocks,21,(MT),1000.0
577400,"Almonds, Shelled Basis",TU,Turkey,1998,1999,0,125,Domestic Consumption,21,(MT),13800.0
577400,"Almonds, Shelled Basis",TU,Turkey,1998,1999,0,176,Ending Stocks,21,(MT),1000.0
577400,"Almonds, Shelled Basis",TU,Turkey,1998,1999,0,88,Exports,21,(MT),200.0
577400,"Almonds, Shelled Basis",TU,Turkey,1998,1999,0,57,Imports,21,(MT),2000.0
577400,"Almonds, Shelled Basis",TU,Turkey,1998,1999,0,28,Production,21,(MT),12000.0
577400,"Almonds, Shelled Basis",TU,Turkey,1998,1999,0,178,Total Distribution,21,(MT),15000.0
577400,"Almonds, Shelled Basis",TU,Turkey,1998,1999,0,86,Total Supply,21,(MT),15000.0
577400,"Almonds, Shelled Basis",TU,Turkey,1999,2000,0,20,Beginning Stocks,21,(MT),1000.0
577400,"Almonds, Shelled Basis",TU,Turkey,1999,2000,0,125,Domestic Consumption,21,(MT),14800.0
577400,"Almonds, Shelled Basis",TU,Turkey,1999,2000,0,176,Ending Stocks,21,(MT),2000.0
577400,"Almonds, Shelled Basis",TU,Turkey,1999,2000,0,88,Exports,21,(MT),200.0
577400,"Almonds, Shelled Basis",TU,Turkey,1999,2000,0,57,Imports,21,(MT),2000.0
577400,"Almonds, Shelled Basis",TU,Turkey,1999,2000,0,28,Production,21,(MT),14000.0
577400,"Almonds, Shelled Basis",TU,Turkey,1999,2000,0,178,Total Distribution,21,(MT),17000.0
577400,"Almonds, Shelled Basis",TU,Turkey,1999,2000,0,86,Total Supply,21,(MT),17000.0
577400,"Almonds, Shelled Basis",TU,Turkey,2000,2001,0,20,Beginning Stocks,21,(MT),2000.0
577400,"Almonds, Shelled Basis",TU,Turkey,2000,2001,0,125,Domestic Consumption,21,(MT),16500.0
577400,"Almonds, Shelled Basis",TU,Turkey,2000,2001,0,176,Ending Stocks,21,(MT),3000.0
577400,"Almonds, Shelled Basis",TU,Turkey,2000,2001,0,88,Exports,21,(MT),500.0
577400,"Almonds, Shelled Basis",TU,Turkey,2000,2001,0,57,Imports,21,(MT),2500.0
577400,"Almonds, Shelled Basis",TU,Turkey,2000,2001,0,28,Production,21,(MT),15500.0
577400,"Almonds, Shelled Basis",TU,Turkey,2000,2001,0,178,Total Distribution,21,(MT),20000.0
577400,"Almonds, Shelled Basis",TU,Turkey,2000,2001,0,86,Total Supply,21,(MT),20000.0
577400,"Almonds, Shelled Basis",TU,Turkey,2001,2010,10,20,Beginning Stocks,21,(MT),3000.0
577400,"Almonds, Shelled Basis",TU,Turkey,2001,2010,10,125,Domestic Consumption,21,(MT),16000.0
577400,"Almonds, Shelled Basis",TU,Turkey,2001,2010,10,176,Ending Stocks,21,(MT),900.0
577400,"Almonds, Shelled Basis",TU,Turkey,2001,2010,10,88,Exports,21,(MT),500.0
577400,"Almonds, Shelled Basis",TU,Turkey,2001,2010,10,57,Imports,21,(MT),400.0
577400,"Almonds, Shelled Basis",TU,Turkey,2001,2010,10,28,Production,21,(MT),14000.0
577400,"Almonds, Shelled Basis",TU,Turkey,2001,2010,10,178,Total Distribution,21,(MT),17400.0
577400,"Almonds, Shelled Basis",TU,Turkey,2001,2010,10,86,Total Supply,21,(MT),17400.0
577400,"Almonds, Shelled Basis",TU,Turkey,2002,2014,10,20,Beginning Stocks,21,(MT),900.0
577400,"Almonds, Shelled Basis",TU,Turkey,2002,2014,10,125,Domestic Consumption,21,(MT),15300.0
577400,"Almonds, Shelled Basis",TU,Turkey,2002,2014,10,176,Ending Stocks,21,(MT),700.0
577400,"Almonds, Shelled Basis",TU,Turkey,2002,2014,10,88,Exports,21,(MT),300.0
577400,"Almonds, Shelled Basis",TU,Turkey,2002,2014,10,57,Imports,21,(MT),1400.0
577400,"Almonds, Shelled Basis",TU,Turkey,2002,2014,10,28,Production,21,(MT),14000.0
577400,"Almonds, Shelled Basis",TU,Turkey,2002,2014,10,178,Total Distribution,21,(MT),16300.0
577400,"Almonds, Shelled Basis",TU,Turkey,2002,2014,10,86,Total Supply,21,(MT),16300.0
577400,"Almonds, Shelled Basis",TU,Turkey,2003,2014,10,20,Beginning Stocks,21,(MT),700.0
577400,"Almonds, Shelled Basis",TU,Turkey,2003,2014,10,125,Domestic Consumption,21,(MT),16400.0
577400,"Almonds, Shelled Basis",TU,Turkey,2003,2014,10,176,Ending Stocks,21,(MT),300.0
577400,"Almonds, Shelled Basis",TU,Turkey,2003,2014,10,88,Exports,21,(MT),400.0
577400,"Almonds, Shelled Basis",TU,Turkey,2003,2014,10,57,Imports,21,(MT),2700.0
577400,"Almonds, Shelled Basis",TU,Turkey,2003,2014,10,28,Production,21,(MT),13700.0
577400,"Almonds, Shelled Basis",TU,Turkey,2003,2014,10,178,Total Distribution,21,(MT),17100.0
577400,"Almonds, Shelled Basis",TU,Turkey,2003,2014,10,86,Total Supply,21,(MT),17100.0
577400,"Almonds, Shelled Basis",TU,Turkey,2004,2014,10,20,Beginning Stocks,21,(MT),300.0
577400,"Almonds, Shelled Basis",TU,Turkey,2004,2014,10,125,Domestic Consumption,21,(MT),13300.0
577400,"Almonds, Shelled Basis",TU,Turkey,2004,2014,10,176,Ending Stocks,21,(MT),400.0
577400,"Almonds, Shelled Basis",TU,Turkey,2004,2014,10,88,Exports,21,(MT),800.0
577400,"Almonds, Shelled Basis",TU,Turkey,2004,2014,10,57,Imports,21,(MT),1900.0
577400,"Almonds, Shelled Basis",TU,Turkey,2004,2014,10,28,Production,21,(MT),12300.0
577400,"Almonds, Shelled Basis",TU,Turkey,2004,2014,10,178,Total Distribution,21,(MT),14500.0
577400,"Almonds, Shelled Basis",TU,Turkey,2004,2014,10,86,Total Supply,21,(MT),14500.0
577400,"Almonds, Shelled Basis",TU,Turkey,2005,2014,10,20,Beginning Stocks,21,(MT),400.0
577400,"Almonds, Shelled Basis",TU,Turkey,2005,2014,10,125,Domestic Consumption,21,(MT),15400.0
577400,"Almonds, Shelled Basis",TU,Turkey,2005,2014,10,176,Ending Stocks,21,(MT),300.0
577400,"Almonds, Shelled Basis",TU,Turkey,2005,2014,10,88,Exports,21,(MT),800.0
577400,"Almonds, Shelled Basis",TU,Turkey,2005,2014,10,57,Imports,21,(MT),2400.0
577400,"Almonds, Shelled Basis",TU,Turkey,2005,2014,10,28,Production,21,(MT),13700.0
577400,"Almonds, Shelled Basis",TU,Turkey,2005,2014,10,178,Total Distribution,21,(MT),16500.0
577400,"Almonds, Shelled Basis",TU,Turkey,2005,2014,10,86,Total Supply,21,(MT),16500.0
577400,"Almonds, Shelled Basis",TU,Turkey,2006,2014,10,20,Beginning Stocks,21,(MT),300.0
577400,"Almonds, Shelled Basis",TU,Turkey,2006,2014,10,125,Domestic Consumption,21,(MT),15800.0
577400,"Almonds, Shelled Basis",TU,Turkey,2006,2014,10,176,Ending Stocks,21,(MT),1800.0
577400,"Almonds, Shelled Basis",TU,Turkey,2006,2014,10,88,Exports,21,(MT),900.0
577400,"Almonds, Shelled Basis",TU,Turkey,2006,2014,10,57,Imports,21,(MT),3800.0
577400,"Almonds, Shelled Basis",TU,Turkey,2006,2014,10,28,Production,21,(MT),14400.0
577400,"Almonds, Shelled Basis",TU,Turkey,2006,2014,10,178,Total Distribution,21,(MT),18500.0
577400,"Almonds, Shelled Basis",TU,Turkey,2006,2014,10,86,Total Supply,21,(MT),18500.0
577400,"Almonds, Shelled Basis",TU,Turkey,2007,2014,10,20,Beginning Stocks,21,(MT),1800.0
577400,"Almonds, Shelled Basis",TU,Turkey,2007,2014,10,125,Domestic Consumption,21,(MT),20900.0
577400,"Almonds, Shelled Basis",TU,Turkey,2007,2014,10,176,Ending Stocks,21,(MT),1800.0
577400,"Almonds, Shelled Basis",TU,Turkey,2007,2014,10,88,Exports,21,(MT),2100.0
577400,"Almonds, Shelled Basis",TU,Turkey,2007,2014,10,57,Imports,21,(MT),7500.0
577400,"Almonds, Shelled Basis",TU,Turkey,2007,2014,10,28,Production,21,(MT),15500.0
577400,"Almonds, Shelled Basis",TU,Turkey,2007,2014,10,178,Total Distribution,21,(MT),24800.0
577400,"Almonds, Shelled Basis",TU,Turkey,2007,2014,10,86,Total Supply,21,(MT),24800.0
577400,"Almonds, Shelled Basis",TU,Turkey,2008,2014,10,20,Beginning Stocks,21,(MT),1800.0
577400,"Almonds, Shelled Basis",TU,Turkey,2008,2014,10,125,Domestic Consumption,21,(MT),25400.0
577400,"Almonds, Shelled Basis",TU,Turkey,2008,2014,10,176,Ending Stocks,21,(MT),2000.0
577400,"Almonds, Shelled Basis",TU,Turkey,2008,2014,10,88,Exports,21,(MT),3800.0
577400,"Almonds, Shelled Basis",TU,Turkey,2008,2014,10,57,Imports,21,(MT),13400.0
577400,"Almonds, Shelled Basis",TU,Turkey,2008,2014,10,28,Production,21,(MT),16000.0
577400,"Almonds, Shelled Basis",TU,Turkey,2008,2014,10,178,Total Distribution,21,(MT),31200.0
577400,"Almonds, Shelled Basis",TU,Turkey,2008,2014,10,86,Total Supply,21,(MT),31200.0
577400,"Almonds, Shelled Basis",TU,Turkey,2009,2014,10,20,Beginning Stocks,21,(MT),2000.0
577400,"Almonds, Shelled Basis",TU,Turkey,2009,2014,10,125,Domestic Consumption,21,(MT),27900.0
577400,"Almonds, Shelled Basis",TU,Turkey,2009,2014,10,176,Ending Stocks,21,(MT),2300.0
577400,"Almonds, Shelled Basis",TU,Turkey,2009,2014,10,88,Exports,21,(MT),3700.0
577400,"Almonds, Shelled Basis",TU,Turkey,2009,2014,10,57,Imports,21,(MT),15900.0
577400,"Almonds, Shelled Basis",TU,Turkey,2009,2014,10,28,Production,21,(MT),16000.0
577400,"Almonds, Shelled Basis",TU,Turkey,2009,2014,10,178,Total Distribution,21,(MT),33900.0
577400,"Almonds, Shelled Basis",TU,Turkey,2009,2014,10,86,Total Supply,21,(MT),33900.0
577400,"Almonds, Shelled Basis",TU,Turkey,2010,2014,10,20,Beginning Stocks,21,(MT),2300.0
577400,"Almonds, Shelled Basis",TU,Turkey,2010,2014,10,125,Domestic Consumption,21,(MT),27600.0
577400,"Almonds, Shelled Basis",TU,Turkey,2010,2014,10,176,Ending Stocks,21,(MT),300.0
577400,"Almonds, Shelled Basis",TU,Turkey,2010,2014,10,88,Exports,21,(MT),5400.0
577400,"Almonds, Shelled Basis",TU,Turkey,2010,2014,10,57,Imports,21,(MT),17000.0
577400,"Almonds, Shelled Basis",TU,Turkey,2010,2014,10,28,Production,21,(MT),14000.0
577400,"Almonds, Shelled Basis",TU,Turkey,2010,2014,10,178,Total Distribution,21,(MT),33300.0
577400,"Almonds, Shelled Basis",TU,Turkey,2010,2014,10,86,Total Supply,21,(MT),33300.0
577400,"Almonds, Shelled Basis",TU,Turkey,2011,2017,10,20,Beginning Stocks,21,(MT),300.0
577400,"Almonds, Shelled Basis",TU,Turkey,2011,2017,10,125,Domestic Consumption,21,(MT),36600.0
577400,"Almonds, Shelled Basis",TU,Turkey,2011,2017,10,176,Ending Stocks,21,(MT),300.0
577400,"Almonds, Shelled Basis",TU,Turkey,2011,2017,10,88,Exports,21,(MT),7400.0
577400,"Almonds, Shelled Basis",TU,Turkey,2011,2017,10,57,Imports,21,(MT),28000.0
577400,"Almonds, Shelled Basis",TU,Turkey,2011,2017,10,28,Production,21,(MT),16000.0
577400,"Almonds, Shelled Basis",TU,Turkey,2011,2017,10,178,Total Distribution,21,(MT),44300.0
577400,"Almonds, Shelled Basis",TU,Turkey,2011,2017,10,86,Total Supply,21,(MT),44300.0
577400,"Almonds, Shelled Basis",TU,Turkey,2012,2018,10,20,Beginning Stocks,21,(MT),300.0
577400,"Almonds, Shelled Basis",TU,Turkey,2012,2018,10,125,Domestic Consumption,21,(MT),29300.0
577400,"Almonds, Shelled Basis",TU,Turkey,2012,2018,10,176,Ending Stocks,21,(MT),500.0
577400,"Almonds, Shelled Basis",TU,Turkey,2012,2018,10,88,Exports,21,(MT),7800.0
577400,"Almonds, Shelled Basis",TU,Turkey,2012,2018,10,57,Imports,21,(MT),20300.0
577400,"Almonds, Shelled Basis",TU,Turkey,2012,2018,10,28,Production,21,(MT),17000.0
577400,"Almonds, Shelled Basis",TU,Turkey,2012,2018,10,178,Total Distribution,21,(MT),37600.0
577400,"Almonds, Shelled Basis",TU,Turkey,2012,2018,10,86,Total Supply,21,(MT),37600.0
577400,"Almonds, Shelled Basis",TU,Turkey,2013,2018,10,20,Beginning Stocks,21,(MT),500.0
577400,"Almonds, Shelled Basis",TU,Turkey,2013,2018,10,125,Domestic Consumption,21,(MT),33200.0
577400,"Almonds, Shelled Basis",TU,Turkey,2013,2018,10,176,Ending Stocks,21,(MT),500.0
577400,"Almonds, Shelled Basis",TU,Turkey,2013,2018,10,88,Exports,21,(MT),8300.0
577400,"Almonds, Shelled Basis",TU,Turkey,2013,2018,10,57,Imports,21,(MT),23500.0
577400,"Almonds, Shelled Basis",TU,Turkey,2013,2018,10,28,Production,21,(MT),18000.0
577400,"Almonds, Shelled Basis",TU,Turkey,2013,2018,10,178,Total Distribution,21,(MT),42000.0
577400,"Almonds, Shelled Basis",TU,Turkey,2013,2018,10,86,Total Supply,21,(MT),42000.0
577400,"Almonds, Shelled Basis",TU,Turkey,2014,2018,10,20,Beginning Stocks,21,(MT),500.0
577400,"Almonds, Shelled Basis",TU,Turkey,2014,2018,10,125,Domestic Consumption,21,(MT),30800.0
577400,"Almonds, Shelled Basis",TU,Turkey,2014,2018,10,176,Ending Stocks,21,(MT),500.0
577400,"Almonds, Shelled Basis",TU,Turkey,2014,2018,10,88,Exports,21,(MT),4800.0
577400,"Almonds, Shelled Basis",TU,Turkey,2014,2018,10,57,Imports,21,(MT),22600.0
577400,"Almonds, Shelled Basis",TU,Turkey,2014,2018,10,28,Production,21,(MT),13000.0
577400,"Almonds, Shelled Basis",TU,Turkey,2014,2018,10,178,Total Distribution,21,(MT),36100.0
577400,"Almonds, Shelled Basis",TU,Turkey,2014,2018,10,86,Total Supply,21,(MT),36100.0
577400,"Almonds, Shelled Basis",TU,Turkey,2015,2018,10,20,Beginning Stocks,21,(MT),500.0
577400,"Almonds, Shelled Basis",TU,Turkey,2015,2018,10,125,Domestic Consumption,21,(MT),28300.0
577400,"Almonds, Shelled Basis",TU,Turkey,2015,2018,10,176,Ending Stocks,21,(MT),500.0
577400,"Almonds, Shelled Basis",TU,Turkey,2015,2018,10,88,Exports,21,(MT),4800.0
577400,"Almonds, Shelled Basis",TU,Turkey,2015,2018,10,57,Imports,21,(MT),19100.0
577400,"Almonds, Shelled Basis",TU,Turkey,2015,2018,10,28,Production,21,(MT),14000.0
577400,"Almonds, Shelled Basis",TU,Turkey,2015,2018,10,178,Total Distribution,21,(MT),33600.0
577400,"Almonds, Shelled Basis",TU,Turkey,2015,2018,10,86,Total Supply,21,(MT),33600.0
577400,"Almonds, Shelled Basis",TU,Turkey,2016,2018,10,20,Beginning Stocks,21,(MT),500.0
577400,"Almonds, Shelled Basis",TU,Turkey,2016,2018,10,125,Domestic Consumption,21,(MT),35200.0
577400,"Almonds, Shelled Basis",TU,Turkey,2016,2018,10,176,Ending Stocks,21,(MT),500.0
577400,"Almonds, Shelled Basis",TU,Turkey,2016,2018,10,88,Exports,21,(MT),7400.0
577400,"Almonds, Shelled Basis",TU,Turkey,2016,2018,10,57,Imports,21,(MT),28600.0
577400,"Almonds, Shelled Basis",TU,Turkey,2016,2018,10,28,Production,21,(MT),14000.0
577400,"Almonds, Shelled Basis",TU,Turkey,2016,2018,10,178,Total Distribution,21,(MT),43100.0
577400,"Almonds, Shelled Basis",TU,Turkey,2016,2018,10,86,Total Supply,21,(MT),43100.0
577400,"Almonds, Shelled Basis",TU,Turkey,2017,2019,10,20,Beginning Stocks,21,(MT),500.0
577400,"Almonds, Shelled Basis",TU,Turkey,2017,2019,10,125,Domestic Consumption,21,(MT),32900.0
577400,"Almonds, Shelled Basis",TU,Turkey,2017,2019,10,176,Ending Stocks,21,(MT),400.0
577400,"Almonds, Shelled Basis",TU,Turkey,2017,2019,10,88,Exports,21,(MT),8300.0
577400,"Almonds, Shelled Basis",TU,Turkey,2017,2019,10,57,Imports,21,(MT),26100.0
577400,"Almonds, Shelled Basis",TU,Turkey,2017,2019,10,28,Production,21,(MT),15000.0
577400,"Almonds, Shelled Basis",TU,Turkey,2017,2019,10,178,Total Distribution,21,(MT),41600.0
577400,"Almonds, Shelled Basis",TU,Turkey,2017,2019,10,86,Total Supply,21,(MT),41600.0
577400,"Almonds, Shelled Basis",TU,Turkey,2018,2020,10,20,Beginning Stocks,21,(MT),400.0
577400,"Almonds, Shelled Basis",TU,Turkey,2018,2020,10,125,Domestic Consumption,21,(MT),27500.0
577400,"Almonds, Shelled Basis",TU,Turkey,2018,2020,10,176,Ending Stocks,21,(MT),400.0
577400,"Almonds, Shelled Basis",TU,Turkey,2018,2020,10,88,Exports,21,(MT),7000.0
577400,"Almonds, Shelled Basis",TU,Turkey,2018,2020,10,57,Imports,21,(MT),18500.0
577400,"Almonds, Shelled Basis",TU,Turkey,2018,2020,10,28,Production,21,(MT),16000.0
577400,"Almonds, Shelled Basis",TU,Turkey,2018,2020,10,178,Total Distribution,21,(MT),34900.0
577400,"Almonds, Shelled Basis",TU,Turkey,2018,2020,10,86,Total Supply,21,(MT),34900.0
577400,"Almonds, Shelled Basis",TU,Turkey,2019,2020,10,20,Beginning Stocks,21,(MT),400.0
577400,"Almonds, Shelled Basis",TU,Turkey,2019,2020,10,125,Domestic Consumption,21,(MT),33800.0
577400,"Almonds, Shelled Basis",TU,Turkey,2019,2020,10,176,Ending Stocks,21,(MT),300.0
577400,"Almonds, Shelled Basis",TU,Turkey,2019,2020,10,88,Exports,21,(MT),7100.0
577400,"Almonds, Shelled Basis",TU,Turkey,2019,2020,10,57,Imports,21,(MT),25800.0
577400,"Almonds, Shelled Basis",TU,Turkey,2019,2020,10,28,Production,21,(MT),15000.0
577400,"Almonds, Shelled Basis",TU,Turkey,2019,2020,10,178,Total Distribution,21,(MT),41200.0
577400,"Almonds, Shelled Basis",TU,Turkey,2019,2020,10,86,Total Supply,21,(MT),41200.0
577400,"Almonds, Shelled Basis",TU,Turkey,2020,2020,10,20,Beginning Stocks,21,(MT),300.0
577400,"Almonds, Shelled Basis",TU,Turkey,2020,2020,10,125,Domestic Consumption,21,(MT),38000.0
577400,"Almonds, Shelled Basis",TU,Turkey,2020,2020,10,176,Ending Stocks,21,(MT),300.0
577400,"Almonds, Shelled Basis",TU,Turkey,2020,2020,10,88,Exports,21,(MT),7000.0
577400,"Almonds, Shelled Basis",TU,Turkey,2020,2020,10,57,Imports,21,(MT),30000.0
577400,"Almonds, Shelled Basis",TU,Turkey,2020,2020,10,28,Production,21,(MT),15000.0
577400,"Almonds, Shelled Basis",TU,Turkey,2020,2020,10,178,Total Distribution,21,(MT),45300.0
577400,"Almonds, Shelled Basis",TU,Turkey,2020,2020,10,86,Total Supply,21,(MT),45300.0
577400,"Almonds, Shelled Basis",TC,United Arab Emirates,2001,2010,10,20,Beginning Stocks,21,(MT),0.0
577400,"Almonds, Shelled Basis",TC,United Arab Emirates,2001,2010,10,125,Domestic Consumption,21,(MT),11200.0
577400,"Almonds, Shelled Basis",TC,United Arab Emirates,2001,2010,10,176,Ending Stocks,21,(MT),0.0
577400,"Almonds, Shelled Basis",TC,United Arab Emirates,2001,2010,10,88,Exports,21,(MT),0.0
577400,"Almonds, Shelled Basis",TC,United Arab Emirates,2001,2010,10,57,Imports,21,(MT),11200.0
577400,"Almonds, Shelled Basis",TC,United Arab Emirates,2001,2010,10,28,Production,21,(MT),0.0
577400,"Almonds, Shelled Basis",TC,United Arab Emirates,2001,2010,10,178,Total Distribution,21,(MT),11200.0
577400,"Almonds, Shelled Basis",TC,United Arab Emirates,2001,2010,10,86,Total Supply,21,(MT),11200.0
577400,"Almonds, Shelled Basis",TC,United Arab Emirates,2002,2014,10,20,Beginning Stocks,21,(MT),0.0
577400,"Almonds, Shelled Basis",TC,United Arab Emirates,2002,2014,10,125,Domestic Consumption,21,(MT),14600.0
577400,"Almonds, Shelled Basis",TC,United Arab Emirates,2002,2014,10,176,Ending Stocks,21,(MT),0.0
577400,"Almonds, Shelled Basis",TC,United Arab Emirates,2002,2014,10,88,Exports,21,(MT),0.0
577400,"Almonds, Shelled Basis",TC,United Arab Emirates,2002,2014,10,57,Imports,21,(MT),14600.0
577400,"Almonds, Shelled Basis",TC,United Arab Emirates,2002,2014,10,28,Production,21,(MT),0.0
577400,"Almonds, Shelled Basis",TC,United Arab Emirates,2002,2014,10,178,Total Distribution,21,(MT),14600.0
577400,"Almonds, Shelled Basis",TC,United Arab Emirates,2002,2014,10,86,Total Supply,21,(MT),14600.0
577400,"Almonds, Shelled Basis",TC,United Arab Emirates,2003,2014,10,20,Beginning Stocks,21,(MT),0.0
577400,"Almonds, Shelled Basis",TC,United Arab Emirates,2003,2014,10,125,Domestic Consumption,21,(MT),11100.0
577400,"Almonds, Shelled Basis",TC,United Arab Emirates,2003,2014,10,176,Ending Stocks,21,(MT),0.0
577400,"Almonds, Shelled Basis",TC,United Arab Emirates,2003,2014,10,88,Exports,21,(MT),0.0
577400,"Almonds, Shelled Basis",TC,United Arab Emirates,2003,2014,10,57,Imports,21,(MT),11100.0
577400,"Almonds, Shelled Basis",TC,United Arab Emirates,2003,2014,10,28,Production,21,(MT),0.0
577400,"Almonds, Shelled Basis",TC,United Arab Emirates,2003,2014,10,178,Total Distribution,21,(MT),11100.0
577400,"Almonds, Shelled Basis",TC,United Arab Emirates,2003,2014,10,86,Total Supply,21,(MT),11100.0
577400,"Almonds, Shelled Basis",TC,United Arab Emirates,2004,2009,8,20,Beginning Stocks,21,(MT),0.0
577400,"Almonds, Shelled Basis",TC,United Arab Emirates,2004,2009,8,125,Domestic Consumption,21,(MT),14000.0
577400,"Almonds, Shelled Basis",TC,United Arab Emirates,2004,2009,8,176,Ending Stocks,21,(MT),0.0
577400,"Almonds, Shelled Basis",TC,United Arab Emirates,2004,2009,8,88,Exports,21,(MT),0.0
577400,"Almonds, Shelled Basis",TC,United Arab Emirates,2004,2009,8,57,Imports,21,(MT),14000.0
577400,"Almonds, Shelled Basis",TC,United Arab Emirates,2004,2009,8,28,Production,21,(MT),0.0
577400,"Almonds, Shelled Basis",TC,United Arab Emirates,2004,2009,8,178,Total Distribution,21,(MT),14000.0
577400,"Almonds, Shelled Basis",TC,United Arab Emirates,2004,2009,8,86,Total Supply,21,(MT),14000.0
577400,"Almonds, Shelled Basis",TC,United Arab Emirates,2005,2014,10,20,Beginning Stocks,21,(MT),0.0
577400,"Almonds, Shelled Basis",TC,United Arab Emirates,2005,2014,10,125,Domestic Consumption,21,(MT),10100.0
577400,"Almonds, Shelled Basis",TC,United Arab Emirates,2005,2014,10,176,Ending Stocks,21,(MT),0.0
577400,"Almonds, Shelled Basis",TC,United Arab Emirates,2005,2014,10,88,Exports,21,(MT),0.0
577400,"Almonds, Shelled Basis",TC,United Arab Emirates,2005,2014,10,57,Imports,21,(MT),10100.0
577400,"Almonds, Shelled Basis",TC,United Arab Emirates,2005,2014,10,28,Production,21,(MT),0.0
577400,"Almonds, Shelled Basis",TC,United Arab Emirates,2005,2014,10,178,Total Distribution,21,(MT),10100.0
577400,"Almonds, Shelled Basis",TC,United Arab Emirates,2005,2014,10,86,Total Supply,21,(MT),10100.0
577400,"Almonds, Shelled Basis",TC,United Arab Emirates,2006,2014,10,20,Beginning Stocks,21,(MT),0.0
577400,"Almonds, Shelled Basis",TC,United Arab Emirates,2006,2014,10,125,Domestic Consumption,21,(MT),15600.0
577400,"Almonds, Shelled Basis",TC,United Arab Emirates,2006,2014,10,176,Ending Stocks,21,(MT),0.0
577400,"Almonds, Shelled Basis",TC,United Arab Emirates,2006,2014,10,88,Exports,21,(MT),0.0
577400,"Almonds, Shelled Basis",TC,United Arab Emirates,2006,2014,10,57,Imports,21,(MT),15600.0
577400,"Almonds, Shelled Basis",TC,United Arab Emirates,2006,2014,10,28,Production,21,(MT),0.0
577400,"Almonds, Shelled Basis",TC,United Arab Emirates,2006,2014,10,178,Total Distribution,21,(MT),15600.0
577400,"Almonds, Shelled Basis",TC,United Arab Emirates,2006,2014,10,86,Total Supply,21,(MT),15600.0
577400,"Almonds, Shelled Basis",TC,United Arab Emirates,2007,2014,10,20,Beginning Stocks,21,(MT),0.0
577400,"Almonds, Shelled Basis",TC,United Arab Emirates,2007,2014,10,125,Domestic Consumption,21,(MT),21800.0
577400,"Almonds, Shelled Basis",TC,United Arab Emirates,2007,2014,10,176,Ending Stocks,21,(MT),0.0
577400,"Almonds, Shelled Basis",TC,United Arab Emirates,2007,2014,10,88,Exports,21,(MT),0.0
577400,"Almonds, Shelled Basis",TC,United Arab Emirates,2007,2014,10,57,Imports,21,(MT),21800.0
577400,"Almonds, Shelled Basis",TC,United Arab Emirates,2007,2014,10,28,Production,21,(MT),0.0
577400,"Almonds, Shelled Basis",TC,United Arab Emirates,2007,2014,10,178,Total Distribution,21,(MT),21800.0
577400,"Almonds, Shelled Basis",TC,United Arab Emirates,2007,2014,10,86,Total Supply,21,(MT),21800.0
577400,"Almonds, Shelled Basis",TC,United Arab Emirates,2008,2014,10,20,Beginning Stocks,21,(MT),0.0
577400,"Almonds, Shelled Basis",TC,United Arab Emirates,2008,2014,10,125,Domestic Consumption,21,(MT),35100.0
577400,"Almonds, Shelled Basis",TC,United Arab Emirates,2008,2014,10,176,Ending Stocks,21,(MT),0.0
577400,"Almonds, Shelled Basis",TC,United Arab Emirates,2008,2014,10,88,Exports,21,(MT),0.0
577400,"Almonds, Shelled Basis",TC,United Arab Emirates,2008,2014,10,57,Imports,21,(MT),35100.0
577400,"Almonds, Shelled Basis",TC,United Arab Emirates,2008,2014,10,28,Production,21,(MT),0.0
577400,"Almonds, Shelled Basis",TC,United Arab Emirates,2008,2014,10,178,Total Distribution,21,(MT),35100.0
577400,"Almonds, Shelled Basis",TC,United Arab Emirates,2008,2014,10,86,Total Supply,21,(MT),35100.0
577400,"Almonds, Shelled Basis",TC,United Arab Emirates,2009,2014,10,20,Beginning Stocks,21,(MT),0.0
577400,"Almonds, Shelled Basis",TC,United Arab Emirates,2009,2014,10,125,Domestic Consumption,21,(MT),33800.0
577400,"Almonds, Shelled Basis",TC,United Arab Emirates,2009,2014,10,176,Ending Stocks,21,(MT),0.0
577400,"Almonds, Shelled Basis",TC,United Arab Emirates,2009,2014,10,88,Exports,21,(MT),0.0
577400,"Almonds, Shelled Basis",TC,United Arab Emirates,2009,2014,10,57,Imports,21,(MT),33800.0
577400,"Almonds, Shelled Basis",TC,United Arab Emirates,2009,2014,10,28,Production,21,(MT),0.0
577400,"Almonds, Shelled Basis",TC,United Arab Emirates,2009,2014,10,178,Total Distribution,21,(MT),33800.0
577400,"Almonds, Shelled Basis",TC,United Arab Emirates,2009,2014,10,86,Total Supply,21,(MT),33800.0
577400,"Almonds, Shelled Basis",TC,United Arab Emirates,2010,2014,10,20,Beginning Stocks,21,(MT),0.0
577400,"Almonds, Shelled Basis",TC,United Arab Emirates,2010,2014,10,125,Domestic Consumption,21,(MT),42600.0
577400,"Almonds, Shelled Basis",TC,United Arab Emirates,2010,2014,10,176,Ending Stocks,21,(MT),0.0
577400,"Almonds, Shelled Basis",TC,United Arab Emirates,2010,2014,10,88,Exports,21,(MT),0.0
577400,"Almonds, Shelled Basis",TC,United Arab Emirates,2010,2014,10,57,Imports,21,(MT),42600.0
577400,"Almonds, Shelled Basis",TC,United Arab Emirates,2010,2014,10,28,Production,21,(MT),0.0
577400,"Almonds, Shelled Basis",TC,United Arab Emirates,2010,2014,10,178,Total Distribution,21,(MT),42600.0
577400,"Almonds, Shelled Basis",TC,United Arab Emirates,2010,2014,10,86,Total Supply,21,(MT),42600.0
577400,"Almonds, Shelled Basis",TC,United Arab Emirates,2011,2014,10,20,Beginning Stocks,21,(MT),0.0
577400,"Almonds, Shelled Basis",TC,United Arab Emirates,2011,2014,10,125,Domestic Consumption,21,(MT),55300.0
577400,"Almonds, Shelled Basis",TC,United Arab Emirates,2011,2014,10,176,Ending Stocks,21,(MT),0.0
577400,"Almonds, Shelled Basis",TC,United Arab Emirates,2011,2014,10,88,Exports,21,(MT),0.0
577400,"Almonds, Shelled Basis",TC,United Arab Emirates,2011,2014,10,57,Imports,21,(MT),55300.0
577400,"Almonds, Shelled Basis",TC,United Arab Emirates,2011,2014,10,28,Production,21,(MT),0.0
577400,"Almonds, Shelled Basis",TC,United Arab Emirates,2011,2014,10,178,Total Distribution,21,(MT),55300.0
577400,"Almonds, Shelled Basis",TC,United Arab Emirates,2011,2014,10,86,Total Supply,21,(MT),55300.0
577400,"Almonds, Shelled Basis",TC,United Arab Emirates,2012,2014,10,20,Beginning Stocks,21,(MT),0.0
577400,"Almonds, Shelled Basis",TC,United Arab Emirates,2012,2014,10,125,Domestic Consumption,21,(MT),43600.0
577400,"Almonds, Shelled Basis",TC,United Arab Emirates,2012,2014,10,176,Ending Stocks,21,(MT),0.0
577400,"Almonds, Shelled Basis",TC,United Arab Emirates,2012,2014,10,88,Exports,21,(MT),0.0
577400,"Almonds, Shelled Basis",TC,United Arab Emirates,2012,2014,10,57,Imports,21,(MT),43600.0
577400,"Almonds, Shelled Basis",TC,United Arab Emirates,2012,2014,10,28,Production,21,(MT),0.0
577400,"Almonds, Shelled Basis",TC,United Arab Emirates,2012,2014,10,178,Total Distribution,21,(MT),43600.0
577400,"Almonds, Shelled Basis",TC,United Arab Emirates,2012,2014,10,86,Total Supply,21,(MT),43600.0
577400,"Almonds, Shelled Basis",TC,United Arab Emirates,2013,2016,10,20,Beginning Stocks,21,(MT),0.0
577400,"Almonds, Shelled Basis",TC,United Arab Emirates,2013,2016,10,125,Domestic Consumption,21,(MT),54800.0
577400,"Almonds, Shelled Basis",TC,United Arab Emirates,2013,2016,10,176,Ending Stocks,21,(MT),0.0
577400,"Almonds, Shelled Basis",TC,United Arab Emirates,2013,2016,10,88,Exports,21,(MT),0.0
577400,"Almonds, Shelled Basis",TC,United Arab Emirates,2013,2016,10,57,Imports,21,(MT),54800.0
577400,"Almonds, Shelled Basis",TC,United Arab Emirates,2013,2016,10,28,Production,21,(MT),0.0
577400,"Almonds, Shelled Basis",TC,United Arab Emirates,2013,2016,10,178,Total Distribution,21,(MT),54800.0
577400,"Almonds, Shelled Basis",TC,United Arab Emirates,2013,2016,10,86,Total Supply,21,(MT),54800.0
577400,"Almonds, Shelled Basis",TC,United Arab Emirates,2014,2016,10,20,Beginning Stocks,21,(MT),0.0
577400,"Almonds, Shelled Basis",TC,United Arab Emirates,2014,2016,10,125,Domestic Consumption,21,(MT),61500.0
577400,"Almonds, Shelled Basis",TC,United Arab Emirates,2014,2016,10,176,Ending Stocks,21,(MT),0.0
577400,"Almonds, Shelled Basis",TC,United Arab Emirates,2014,2016,10,88,Exports,21,(MT),0.0
577400,"Almonds, Shelled Basis",TC,United Arab Emirates,2014,2016,10,57,Imports,21,(MT),61500.0
577400,"Almonds, Shelled Basis",TC,United Arab Emirates,2014,2016,10,28,Production,21,(MT),0.0
577400,"Almonds, Shelled Basis",TC,United Arab Emirates,2014,2016,10,178,Total Distribution,21,(MT),61500.0
577400,"Almonds, Shelled Basis",TC,United Arab Emirates,2014,2016,10,86,Total Supply,21,(MT),61500.0
577400,"Almonds, Shelled Basis",TC,United Arab Emirates,2015,2016,10,20,Beginning Stocks,21,(MT),0.0
577400,"Almonds, Shelled Basis",TC,United Arab Emirates,2015,2016,10,125,Domestic Consumption,21,(MT),35000.0
577400,"Almonds, Shelled Basis",TC,United Arab Emirates,2015,2016,10,176,Ending Stocks,21,(MT),0.0
577400,"Almonds, Shelled Basis",TC,United Arab Emirates,2015,2016,10,88,Exports,21,(MT),0.0
577400,"Almonds, Shelled Basis",TC,United Arab Emirates,2015,2016,10,57,Imports,21,(MT),35000.0
577400,"Almonds, Shelled Basis",TC,United Arab Emirates,2015,2016,10,28,Production,21,(MT),0.0
577400,"Almonds, Shelled Basis",TC,United Arab Emirates,2015,2016,10,178,Total Distribution,21,(MT),35000.0
577400,"Almonds, Shelled Basis",TC,United Arab Emirates,2015,2016,10,86,Total Supply,21,(MT),35000.0
577400,"Almonds, Shelled Basis",TC,United Arab Emirates,2016,2017,10,20,Beginning Stocks,21,(MT),0.0
577400,"Almonds, Shelled Basis",TC,United Arab Emirates,2016,2017,10,125,Domestic Consumption,21,(MT),36500.0
577400,"Almonds, Shelled Basis",TC,United Arab Emirates,2016,2017,10,176,Ending Stocks,21,(MT),0.0
577400,"Almonds, Shelled Basis",TC,United Arab Emirates,2016,2017,10,88,Exports,21,(MT),0.0
577400,"Almonds, Shelled Basis",TC,United Arab Emirates,2016,2017,10,57,Imports,21,(MT),36500.0
577400,"Almonds, Shelled Basis",TC,United Arab Emirates,2016,2017,10,28,Production,21,(MT),0.0
577400,"Almonds, Shelled Basis",TC,United Arab Emirates,2016,2017,10,178,Total Distribution,21,(MT),36500.0
577400,"Almonds, Shelled Basis",TC,United Arab Emirates,2016,2017,10,86,Total Supply,21,(MT),36500.0
577400,"Almonds, Shelled Basis",TC,United Arab Emirates,2017,2019,10,20,Beginning Stocks,21,(MT),0.0
577400,"Almonds, Shelled Basis",TC,United Arab Emirates,2017,2019,10,125,Domestic Consumption,21,(MT),38200.0
577400,"Almonds, Shelled Basis",TC,United Arab Emirates,2017,2019,10,176,Ending Stocks,21,(MT),0.0
577400,"Almonds, Shelled Basis",TC,United Arab Emirates,2017,2019,10,88,Exports,21,(MT),0.0
577400,"Almonds, Shelled Basis",TC,United Arab Emirates,2017,2019,10,57,Imports,21,(MT),38200.0
577400,"Almonds, Shelled Basis",TC,United Arab Emirates,2017,2019,10,28,Production,21,(MT),0.0
577400,"Almonds, Shelled Basis",TC,United Arab Emirates,2017,2019,10,178,Total Distribution,21,(MT),38200.0
577400,"Almonds, Shelled Basis",TC,United Arab Emirates,2017,2019,10,86,Total Supply,21,(MT),38200.0
577400,"Almonds, Shelled Basis",TC,United Arab Emirates,2018,2019,10,20,Beginning Stocks,21,(MT),0.0
577400,"Almonds, Shelled Basis",TC,United Arab Emirates,2018,2019,10,125,Domestic Consumption,21,(MT),36300.0
577400,"Almonds, Shelled Basis",TC,United Arab Emirates,2018,2019,10,176,Ending Stocks,21,(MT),0.0
577400,"Almonds, Shelled Basis",TC,United Arab Emirates,2018,2019,10,88,Exports,21,(MT),0.0
577400,"Almonds, Shelled Basis",TC,United Arab Emirates,2018,2019,10,57,Imports,21,(MT),36300.0
577400,"Almonds, Shelled Basis",TC,United Arab Emirates,2018,2019,10,28,Production,21,(MT),0.0
577400,"Almonds, Shelled Basis",TC,United Arab Emirates,2018,2019,10,178,Total Distribution,21,(MT),36300.0
577400,"Almonds, Shelled Basis",TC,United Arab Emirates,2018,2019,10,86,Total Supply,21,(MT),36300.0
577400,"Almonds, Shelled Basis",TC,United Arab Emirates,2019,2020,10,20,Beginning Stocks,21,(MT),0.0
577400,"Almonds, Shelled Basis",TC,United Arab Emirates,2019,2020,10,125,Domestic Consumption,21,(MT),40800.0
577400,"Almonds, Shelled Basis",TC,United Arab Emirates,2019,2020,10,176,Ending Stocks,21,(MT),0.0
577400,"Almonds, Shelled Basis",TC,United Arab Emirates,2019,2020,10,88,Exports,21,(MT),0.0
577400,"Almonds, Shelled Basis",TC,United Arab Emirates,2019,2020,10,57,Imports,21,(MT),40800.0
577400,"Almonds, Shelled Basis",TC,United Arab Emirates,2019,2020,10,28,Production,21,(MT),0.0
577400,"Almonds, Shelled Basis",TC,United Arab Emirates,2019,2020,10,178,Total Distribution,21,(MT),40800.0
577400,"Almonds, Shelled Basis",TC,United Arab Emirates,2019,2020,10,86,Total Supply,21,(MT),40800.0
577400,"Almonds, Shelled Basis",TC,United Arab Emirates,2020,2020,10,20,Beginning Stocks,21,(MT),0.0
577400,"Almonds, Shelled Basis",TC,United Arab Emirates,2020,2020,10,125,Domestic Consumption,21,(MT),45000.0
577400,"Almonds, Shelled Basis",TC,United Arab Emirates,2020,2020,10,176,Ending Stocks,21,(MT),0.0
577400,"Almonds, Shelled Basis",TC,United Arab Emirates,2020,2020,10,88,Exports,21,(MT),0.0
577400,"Almonds, Shelled Basis",TC,United Arab Emirates,2020,2020,10,57,Imports,21,(MT),45000.0
577400,"Almonds, Shelled Basis",TC,United Arab Emirates,2020,2020,10,28,Production,21,(MT),0.0
577400,"Almonds, Shelled Basis",TC,United Arab Emirates,2020,2020,10,178,Total Distribution,21,(MT),45000.0
577400,"Almonds, Shelled Basis",TC,United Arab Emirates,2020,2020,10,86,Total Supply,21,(MT),45000.0
577400,"Almonds, Shelled Basis",US,United States,1960,1961,0,20,Beginning Stocks,21,(MT),0.0
577400,"Almonds, Shelled Basis",US,United States,1960,1961,0,125,Domestic Consumption,21,(MT),0.0
577400,"Almonds, Shelled Basis",US,United States,1960,1961,0,176,Ending Stocks,21,(MT),0.0
577400,"Almonds, Shelled Basis",US,United States,1960,1961,0,88,Exports,21,(MT),0.0
577400,"Almonds, Shelled Basis",US,United States,1960,1961,0,57,Imports,21,(MT),0.0
577400,"Almonds, Shelled Basis",US,United States,1960,1961,0,28,Production,21,(MT),24.0
577400,"Almonds, Shelled Basis",US,United States,1960,1961,0,178,Total Distribution,21,(MT),0.0
577400,"Almonds, Shelled Basis",US,United States,1960,1961,0,86,Total Supply,21,(MT),24.0
577400,"Almonds, Shelled Basis",US,United States,1961,1962,0,20,Beginning Stocks,21,(MT),0.0
577400,"Almonds, Shelled Basis",US,United States,1961,1962,0,125,Domestic Consumption,21,(MT),0.0
577400,"Almonds, Shelled Basis",US,United States,1961,1962,0,176,Ending Stocks,21,(MT),0.0
577400,"Almonds, Shelled Basis",US,United States,1961,1962,0,88,Exports,21,(MT),0.0
577400,"Almonds, Shelled Basis",US,United States,1961,1962,0,57,Imports,21,(MT),0.0
577400,"Almonds, Shelled Basis",US,United States,1961,1962,0,28,Production,21,(MT),32.0
577400,"Almonds, Shelled Basis",US,United States,1961,1962,0,178,Total Distribution,21,(MT),0.0
577400,"Almonds, Shelled Basis",US,United States,1961,1962,0,86,Total Supply,21,(MT),32.0
577400,"Almonds, Shelled Basis",US,United States,1962,1963,0,20,Beginning Stocks,21,(MT),0.0
577400,"Almonds, Shelled Basis",US,United States,1962,1963,0,125,Domestic Consumption,21,(MT),0.0
577400,"Almonds, Shelled Basis",US,United States,1962,1963,0,176,Ending Stocks,21,(MT),0.0
577400,"Almonds, Shelled Basis",US,United States,1962,1963,0,88,Exports,21,(MT),0.0
577400,"Almonds, Shelled Basis",US,United States,1962,1963,0,57,Imports,21,(MT),0.0
577400,"Almonds, Shelled Basis",US,United States,1962,1963,0,28,Production,21,(MT),24.0
577400,"Almonds, Shelled Basis",US,United States,1962,1963,0,178,Total Distribution,21,(MT),0.0
577400,"Almonds, Shelled Basis",US,United States,1962,1963,0,86,Total Supply,21,(MT),24.0
577400,"Almonds, Shelled Basis",US,United States,1964,1965,0,20,Beginning Stocks,21,(MT),0.0
577400,"Almonds, Shelled Basis",US,United States,1964,1965,0,125,Domestic Consumption,21,(MT),0.0
577400,"Almonds, Shelled Basis",US,United States,1964,1965,0,176,Ending Stocks,21,(MT),0.0
577400,"Almonds, Shelled Basis",US,United States,1964,1965,0,88,Exports,21,(MT),0.0
577400,"Almonds, Shelled Basis",US,United States,1964,1965,0,57,Imports,21,(MT),0.0
577400,"Almonds, Shelled Basis",US,United States,1964,1965,0,28,Production,21,(MT),38.0
577400,"Almonds, Shelled Basis",US,United States,1964,1965,0,178,Total Distribution,21,(MT),0.0
577400,"Almonds, Shelled Basis",US,United States,1964,1965,0,86,Total Supply,21,(MT),38.0
577400,"Almonds, Shelled Basis",US,United States,1965,1966,0,20,Beginning Stocks,21,(MT),0.0
577400,"Almonds, Shelled Basis",US,United States,1965,1966,0,125,Domestic Consumption,21,(MT),0.0
577400,"Almonds, Shelled Basis",US,United States,1965,1966,0,176,Ending Stocks,21,(MT),0.0
577400,"Almonds, Shelled Basis",US,United States,1965,1966,0,88,Exports,21,(MT),0.0
577400,"Almonds, Shelled Basis",US,United States,1965,1966,0,57,Imports,21,(MT),0.0
577400,"Almonds, Shelled Basis",US,United States,1965,1966,0,28,Production,21,(MT),36.0
577400,"Almonds, Shelled Basis",US,United States,1965,1966,0,178,Total Distribution,21,(MT),0.0
577400,"Almonds, Shelled Basis",US,United States,1965,1966,0,86,Total Supply,21,(MT),36.0
577400,"Almonds, Shelled Basis",US,United States,1966,1967,0,20,Beginning Stocks,21,(MT),0.0
577400,"Almonds, Shelled Basis",US,United States,1966,1967,0,125,Domestic Consumption,21,(MT),0.0
577400,"Almonds, Shelled Basis",US,United States,1966,1967,0,176,Ending Stocks,21,(MT),0.0
577400,"Almonds, Shelled Basis",US,United States,1966,1967,0,88,Exports,21,(MT),0.0
577400,"Almonds, Shelled Basis",US,United States,1966,1967,0,57,Imports,21,(MT),0.0
577400,"Almonds, Shelled Basis",US,United States,1966,1967,0,28,Production,21,(MT),43.0
577400,"Almonds, Shelled Basis",US,United States,1966,1967,0,178,Total Distribution,21,(MT),0.0
577400,"Almonds, Shelled Basis",US,United States,1966,1967,0,86,Total Supply,21,(MT),43.0
577400,"Almonds, Shelled Basis",US,United States,1967,1968,0,20,Beginning Stocks,21,(MT),0.0
577400,"Almonds, Shelled Basis",US,United States,1967,1968,0,125,Domestic Consumption,21,(MT),0.0
577400,"Almonds, Shelled Basis",US,United States,1967,1968,0,176,Ending Stocks,21,(MT),0.0
577400,"Almonds, Shelled Basis",US,United States,1967,1968,0,88,Exports,21,(MT),0.0
577400,"Almonds, Shelled Basis",US,United States,1967,1968,0,57,Imports,21,(MT),0.0
577400,"Almonds, Shelled Basis",US,United States,1967,1968,0,28,Production,21,(MT),37000.0
577400,"Almonds, Shelled Basis",US,United States,1967,1968,0,178,Total Distribution,21,(MT),0.0
577400,"Almonds, Shelled Basis",US,United States,1967,1968,0,86,Total Supply,21,(MT),37000.0
577400,"Almonds, Shelled Basis",US,United States,1968,1969,0,20,Beginning Stocks,21,(MT),0.0
577400,"Almonds, Shelled Basis",US,United States,1968,1969,0,125,Domestic Consumption,21,(MT),0.0
577400,"Almonds, Shelled Basis",US,United States,1968,1969,0,176,Ending Stocks,21,(MT),0.0
577400,"Almonds, Shelled Basis",US,United States,1968,1969,0,88,Exports,21,(MT),0.0
577400,"Almonds, Shelled Basis",US,United States,1968,1969,0,57,Imports,21,(MT),0.0
577400,"Almonds, Shelled Basis",US,United States,1968,1969,0,28,Production,21,(MT),36000.0
577400,"Almonds, Shelled Basis",US,United States,1968,1969,0,178,Total Distribution,21,(MT),0.0
577400,"Almonds, Shelled Basis",US,United States,1968,1969,0,86,Total Supply,21,(MT),36000.0
577400,"Almonds, Shelled Basis",US,United States,1969,1970,0,20,Beginning Stocks,21,(MT),0.0
577400,"Almonds, Shelled Basis",US,United States,1969,1970,0,125,Domestic Consumption,21,(MT),0.0
577400,"Almonds, Shelled Basis",US,United States,1969,1970,0,176,Ending Stocks,21,(MT),0.0
577400,"Almonds, Shelled Basis",US,United States,1969,1970,0,88,Exports,21,(MT),0.0
577400,"Almonds, Shelled Basis",US,United States,1969,1970,0,57,Imports,21,(MT),0.0
577400,"Almonds, Shelled Basis",US,United States,1969,1970,0,28,Production,21,(MT),59000.0
577400,"Almonds, Shelled Basis",US,United States,1969,1970,0,178,Total Distribution,21,(MT),0.0
577400,"Almonds, Shelled Basis",US,United States,1969,1970,0,86,Total Supply,21,(MT),59000.0
577400,"Almonds, Shelled Basis",US,United States,1970,1971,0,20,Beginning Stocks,21,(MT),0.0
577400,"Almonds, Shelled Basis",US,United States,1970,1971,0,125,Domestic Consumption,21,(MT),0.0
577400,"Almonds, Shelled Basis",US,United States,1970,1971,0,176,Ending Stocks,21,(MT),0.0
577400,"Almonds, Shelled Basis",US,United States,1970,1971,0,88,Exports,21,(MT),0.0
577400,"Almonds, Shelled Basis",US,United States,1970,1971,0,57,Imports,21,(MT),0.0
577400,"Almonds, Shelled Basis",US,United States,1970,1971,0,28,Production,21,(MT),64000.0
577400,"Almonds, Shelled Basis",US,United States,1970,1971,0,178,Total Distribution,21,(MT),0.0
577400,"Almonds, Shelled Basis",US,United States,1970,1971,0,86,Total Supply,21,(MT),64000.0
577400,"Almonds, Shelled Basis",US,United States,1971,1972,0,20,Beginning Stocks,21,(MT),0.0
577400,"Almonds, Shelled Basis",US,United States,1971,1972,0,125,Domestic Consumption,21,(MT),0.0
577400,"Almonds, Shelled Basis",US,United States,1971,1972,0,176,Ending Stocks,21,(MT),0.0
577400,"Almonds, Shelled Basis",US,United States,1971,1972,0,88,Exports,21,(MT),0.0
577400,"Almonds, Shelled Basis",US,United States,1971,1972,0,57,Imports,21,(MT),0.0
577400,"Almonds, Shelled Basis",US,United States,1971,1972,0,28,Production,21,(MT),64000.0
577400,"Almonds, Shelled Basis",US,United States,1971,1972,0,178,Total Distribution,21,(MT),0.0
577400,"Almonds, Shelled Basis",US,United States,1971,1972,0,86,Total Supply,21,(MT),64000.0
577400,"Almonds, Shelled Basis",US,United States,1972,1973,0,20,Beginning Stocks,21,(MT),0.0
577400,"Almonds, Shelled Basis",US,United States,1972,1973,0,125,Domestic Consumption,21,(MT),38000.0
577400,"Almonds, Shelled Basis",US,United States,1972,1973,0,176,Ending Stocks,21,(MT),0.0
577400,"Almonds, Shelled Basis",US,United States,1972,1973,0,88,Exports,21,(MT),26000.0
577400,"Almonds, Shelled Basis",US,United States,1972,1973,0,57,Imports,21,(MT),0.0
577400,"Almonds, Shelled Basis",US,United States,1972,1973,0,28,Production,21,(MT),64000.0
577400,"Almonds, Shelled Basis",US,United States,1972,1973,0,178,Total Distribution,21,(MT),64000.0
577400,"Almonds, Shelled Basis",US,United States,1972,1973,0,86,Total Supply,21,(MT),64000.0
577400,"Almonds, Shelled Basis",US,United States,1973,1974,0,20,Beginning Stocks,21,(MT),0.0
577400,"Almonds, Shelled Basis",US,United States,1973,1974,0,125,Domestic Consumption,21,(MT),34000.0
577400,"Almonds, Shelled Basis",US,United States,1973,1974,0,176,Ending Stocks,21,(MT),0.0
577400,"Almonds, Shelled Basis",US,United States,1973,1974,0,88,Exports,21,(MT),32000.0
577400,"Almonds, Shelled Basis",US,United States,1973,1974,0,57,Imports,21,(MT),0.0
577400,"Almonds, Shelled Basis",US,United States,1973,1974,0,28,Production,21,(MT),66000.0
577400,"Almonds, Shelled Basis",US,United States,1973,1974,0,178,Total Distribution,21,(MT),66000.0
577400,"Almonds, Shelled Basis",US,United States,1973,1974,0,86,Total Supply,21,(MT),66000.0
577400,"Almonds, Shelled Basis",US,United States,1974,1975,0,20,Beginning Stocks,21,(MT),0.0
577400,"Almonds, Shelled Basis",US,United States,1974,1975,0,125,Domestic Consumption,21,(MT),53000.0
577400,"Almonds, Shelled Basis",US,United States,1974,1975,0,176,Ending Stocks,21,(MT),0.0
577400,"Almonds, Shelled Basis",US,United States,1974,1975,0,88,Exports,21,(MT),45000.0
577400,"Almonds, Shelled Basis",US,United States,1974,1975,0,57,Imports,21,(MT),0.0
577400,"Almonds, Shelled Basis",US,United States,1974,1975,0,28,Production,21,(MT),99000.0
577400,"Almonds, Shelled Basis",US,United States,1974,1975,0,178,Total Distribution,21,(MT),98000.0
577400,"Almonds, Shelled Basis",US,United States,1974,1975,0,86,Total Supply,21,(MT),99000.0
577400,"Almonds, Shelled Basis",US,United States,1975,1976,0,20,Beginning Stocks,21,(MT),0.0
577400,"Almonds, Shelled Basis",US,United States,1975,1976,0,125,Domestic Consumption,21,(MT),29000.0
577400,"Almonds, Shelled Basis",US,United States,1975,1976,0,176,Ending Stocks,21,(MT),0.0
577400,"Almonds, Shelled Basis",US,United States,1975,1976,0,88,Exports,21,(MT),48000.0
577400,"Almonds, Shelled Basis",US,United States,1975,1976,0,57,Imports,21,(MT),0.0
577400,"Almonds, Shelled Basis",US,United States,1975,1976,0,28,Production,21,(MT),77000.0
577400,"Almonds, Shelled Basis",US,United States,1975,1976,0,178,Total Distribution,21,(MT),77000.0
577400,"Almonds, Shelled Basis",US,United States,1975,1976,0,86,Total Supply,21,(MT),77000.0
577400,"Almonds, Shelled Basis",US,United States,1976,1977,0,20,Beginning Stocks,21,(MT),0.0
577400,"Almonds, Shelled Basis",US,United States,1976,1977,0,125,Domestic Consumption,21,(MT),72000.0
577400,"Almonds, Shelled Basis",US,United States,1976,1977,0,176,Ending Stocks,21,(MT),0.0
577400,"Almonds, Shelled Basis",US,United States,1976,1977,0,88,Exports,21,(MT),54000.0
577400,"Almonds, Shelled Basis",US,United States,1976,1977,0,57,Imports,21,(MT),0.0
577400,"Almonds, Shelled Basis",US,United States,1976,1977,0,28,Production,21,(MT),127000.0
577400,"Almonds, Shelled Basis",US,United States,1976,1977,0,178,Total Distribution,21,(MT),126000.0
577400,"Almonds, Shelled Basis",US,United States,1976,1977,0,86,Total Supply,21,(MT),127000.0
577400,"Almonds, Shelled Basis",US,United States,1981,1982,0,20,Beginning Stocks,21,(MT),46130.0
577400,"Almonds, Shelled Basis",US,United States,1981,1982,0,125,Domestic Consumption,21,(MT),37027.0
577400,"Almonds, Shelled Basis",US,United States,1981,1982,0,176,Ending Stocks,21,(MT),73000.0
577400,"Almonds, Shelled Basis",US,United States,1981,1982,0,88,Exports,21,(MT),93558.0
577400,"Almonds, Shelled Basis",US,United States,1981,1982,0,57,Imports,21,(MT),55.0
577400,"Almonds, Shelled Basis",US,United States,1981,1982,0,28,Production,21,(MT),157400.0
577400,"Almonds, Shelled Basis",US,United States,1981,1982,0,178,Total Distribution,21,(MT),203585.0
577400,"Almonds, Shelled Basis",US,United States,1981,1982,0,86,Total Supply,21,(MT),203585.0
577400,"Almonds, Shelled Basis",US,United States,1982,1983,0,20,Beginning Stocks,21,(MT),73000.0
577400,"Almonds, Shelled Basis",US,United States,1982,1983,0,125,Domestic Consumption,21,(MT),63897.0
577400,"Almonds, Shelled Basis",US,United States,1982,1983,0,176,Ending Stocks,21,(MT),73000.0
577400,"Almonds, Shelled Basis",US,United States,1982,1983,0,88,Exports,21,(MT),93558.0
577400,"Almonds, Shelled Basis",US,United States,1982,1983,0,57,Imports,21,(MT),55.0
577400,"Almonds, Shelled Basis",US,United States,1982,1983,0,28,Production,21,(MT),157400.0
577400,"Almonds, Shelled Basis",US,United States,1982,1983,0,178,Total Distribution,21,(MT),230455.0
577400,"Almonds, Shelled Basis",US,United States,1982,1983,0,86,Total Supply,21,(MT),230455.0
577400,"Almonds, Shelled Basis",US,United States,1983,1984,0,20,Beginning Stocks,21,(MT),73000.0
577400,"Almonds, Shelled Basis",US,United States,1983,1984,0,125,Domestic Consumption,21,(MT),59961.0
577400,"Almonds, Shelled Basis",US,United States,1983,1984,0,176,Ending Stocks,21,(MT),42382.0
577400,"Almonds, Shelled Basis",US,United States,1983,1984,0,88,Exports,21,(MT),80568.0
577400,"Almonds, Shelled Basis",US,United States,1983,1984,0,57,Imports,21,(MT),111.0
577400,"Almonds, Shelled Basis",US,United States,1983,1984,0,28,Production,21,(MT),109800.0
577400,"Almonds, Shelled Basis",US,United States,1983,1984,0,178,Total Distribution,21,(MT),182911.0
577400,"Almonds, Shelled Basis",US,United States,1983,1984,0,86,Total Supply,21,(MT),182911.0
577400,"Almonds, Shelled Basis",US,United States,1984,1985,0,20,Beginning Stocks,21,(MT),42382.0
577400,"Almonds, Shelled Basis",US,United States,1984,1985,0,125,Domestic Consumption,21,(MT),74984.0
577400,"Almonds, Shelled Basis",US,United States,1984,1985,0,176,Ending Stocks,21,(MT),102967.0
577400,"Almonds, Shelled Basis",US,United States,1984,1985,0,88,Exports,21,(MT),130835.0
577400,"Almonds, Shelled Basis",US,United States,1984,1985,0,57,Imports,21,(MT),144.0
577400,"Almonds, Shelled Basis",US,United States,1984,1985,0,28,Production,21,(MT),266260.0
577400,"Almonds, Shelled Basis",US,United States,1984,1985,0,178,Total Distribution,21,(MT),308786.0
577400,"Almonds, Shelled Basis",US,United States,1984,1985,0,86,Total Supply,21,(MT),308786.0
577400,"Almonds, Shelled Basis",US,United States,1985,1986,0,20,Beginning Stocks,21,(MT),102967.0
577400,"Almonds, Shelled Basis",US,United States,1985,1986,0,125,Domestic Consumption,21,(MT),82473.0
577400,"Almonds, Shelled Basis",US,United States,1985,1986,0,176,Ending Stocks,21,(MT),72354.0
577400,"Almonds, Shelled Basis",US,United States,1985,1986,0,88,Exports,21,(MT),159337.0
577400,"Almonds, Shelled Basis",US,United States,1985,1986,0,57,Imports,21,(MT),274.0
577400,"Almonds, Shelled Basis",US,United States,1985,1986,0,28,Production,21,(MT),210923.0
577400,"Almonds, Shelled Basis",US,United States,1985,1986,0,178,Total Distribution,21,(MT),314164.0
577400,"Almonds, Shelled Basis",US,United States,1985,1986,0,86,Total Supply,21,(MT),314164.0
577400,"Almonds, Shelled Basis",US,United States,1986,1987,0,20,Beginning Stocks,21,(MT),72354.0
577400,"Almonds, Shelled Basis",US,United States,1986,1987,0,125,Domestic Consumption,21,(MT),68373.0
577400,"Almonds, Shelled Basis",US,United States,1986,1987,0,176,Ending Stocks,21,(MT),35842.0
577400,"Almonds, Shelled Basis",US,United States,1986,1987,0,88,Exports,21,(MT),82385.0
577400,"Almonds, Shelled Basis",US,United States,1986,1987,0,57,Imports,21,(MT),847.0
577400,"Almonds, Shelled Basis",US,United States,1986,1987,0,28,Production,21,(MT),113399.0
577400,"Almonds, Shelled Basis",US,United States,1986,1987,0,178,Total Distribution,21,(MT),186600.0
577400,"Almonds, Shelled Basis",US,United States,1986,1987,0,86,Total Supply,21,(MT),186600.0
577400,"Almonds, Shelled Basis",US,United States,1987,1988,0,20,Beginning Stocks,21,(MT),35842.0
577400,"Almonds, Shelled Basis",US,United States,1987,1988,0,125,Domestic Consumption,21,(MT),75327.0
577400,"Almonds, Shelled Basis",US,United States,1987,1988,0,176,Ending Stocks,21,(MT),104459.0
577400,"Almonds, Shelled Basis",US,United States,1987,1988,0,88,Exports,21,(MT),155718.0
577400,"Almonds, Shelled Basis",US,United States,1987,1988,0,57,Imports,21,(MT),288.0
577400,"Almonds, Shelled Basis",US,United States,1987,1988,0,28,Production,21,(MT),299374.0
577400,"Almonds, Shelled Basis",US,United States,1987,1988,0,178,Total Distribution,21,(MT),335504.0
577400,"Almonds, Shelled Basis",US,United States,1987,1988,0,86,Total Supply,21,(MT),335504.0
577400,"Almonds, Shelled Basis",US,United States,1988,2013,11,20,Beginning Stocks,21,(MT),104459.0
577400,"Almonds, Shelled Basis",US,United States,1988,2013,11,125,Domestic Consumption,21,(MT),87913.0
577400,"Almonds, Shelled Basis",US,United States,1988,2013,11,176,Ending Stocks,21,(MT),116615.0
577400,"Almonds, Shelled Basis",US,United States,1988,2013,11,88,Exports,21,(MT),167831.0
577400,"Almonds, Shelled Basis",US,United States,1988,2013,11,57,Imports,21,(MT),300.0
577400,"Almonds, Shelled Basis",US,United States,1988,2013,11,28,Production,21,(MT),267600.0
577400,"Almonds, Shelled Basis",US,United States,1988,2013,11,178,Total Distribution,21,(MT),372359.0
577400,"Almonds, Shelled Basis",US,United States,1988,2013,11,86,Total Supply,21,(MT),372359.0
577400,"Almonds, Shelled Basis",US,United States,1989,1990,0,20,Beginning Stocks,21,(MT),116615.0
577400,"Almonds, Shelled Basis",US,United States,1989,1990,0,125,Domestic Consumption,21,(MT),91740.0
577400,"Almonds, Shelled Basis",US,United States,1989,1990,0,176,Ending Stocks,21,(MT),91946.0
577400,"Almonds, Shelled Basis",US,United States,1989,1990,0,88,Exports,21,(MT),155302.0
577400,"Almonds, Shelled Basis",US,United States,1989,1990,0,57,Imports,21,(MT),113.0
577400,"Almonds, Shelled Basis",US,United States,1989,1990,0,28,Production,21,(MT),222260.0
577400,"Almonds, Shelled Basis",US,United States,1989,1990,0,178,Total Distribution,21,(MT),338988.0
577400,"Almonds, Shelled Basis",US,United States,1989,1990,0,86,Total Supply,21,(MT),338988.0
577400,"Almonds, Shelled Basis",US,United States,1990,1991,0,20,Beginning Stocks,21,(MT),91946.0
577400,"Almonds, Shelled Basis",US,United States,1990,1991,0,125,Domestic Consumption,21,(MT),107328.0
577400,"Almonds, Shelled Basis",US,United States,1990,1991,0,176,Ending Stocks,21,(MT),120522.0
577400,"Almonds, Shelled Basis",US,United States,1990,1991,0,88,Exports,21,(MT),163525.0
577400,"Almonds, Shelled Basis",US,United States,1990,1991,0,57,Imports,21,(MT),59.0
577400,"Almonds, Shelled Basis",US,United States,1990,1991,0,28,Production,21,(MT),299370.0
577400,"Almonds, Shelled Basis",US,United States,1990,1991,0,178,Total Distribution,21,(MT),391375.0
577400,"Almonds, Shelled Basis",US,United States,1990,1991,0,86,Total Supply,21,(MT),391375.0
577400,"Almonds, Shelled Basis",US,United States,1991,1992,0,20,Beginning Stocks,21,(MT),120522.0
577400,"Almonds, Shelled Basis",US,United States,1991,1992,0,125,Domestic Consumption,21,(MT),104294.0
577400,"Almonds, Shelled Basis",US,United States,1991,1992,0,176,Ending Stocks,21,(MT),67178.0
577400,"Almonds, Shelled Basis",US,United States,1991,1992,0,88,Exports,21,(MT),171403.0
577400,"Almonds, Shelled Basis",US,United States,1991,1992,0,57,Imports,21,(MT),93.0
577400,"Almonds, Shelled Basis",US,United States,1991,1992,0,28,Production,21,(MT),222260.0
577400,"Almonds, Shelled Basis",US,United States,1991,1992,0,178,Total Distribution,21,(MT),342875.0
577400,"Almonds, Shelled Basis",US,United States,1991,1992,0,86,Total Supply,21,(MT),342875.0
577400,"Almonds, Shelled Basis",US,United States,1992,1993,0,20,Beginning Stocks,21,(MT),67178.0
577400,"Almonds, Shelled Basis",US,United States,1992,1993,0,125,Domestic Consumption,21,(MT),96548.0
577400,"Almonds, Shelled Basis",US,United States,1992,1993,0,176,Ending Stocks,21,(MT),60627.0
577400,"Almonds, Shelled Basis",US,United States,1992,1993,0,88,Exports,21,(MT),158690.0
577400,"Almonds, Shelled Basis",US,United States,1992,1993,0,57,Imports,21,(MT),116.0
577400,"Almonds, Shelled Basis",US,United States,1992,1993,0,28,Production,21,(MT),248571.0
577400,"Almonds, Shelled Basis",US,United States,1992,1993,0,178,Total Distribution,21,(MT),315865.0
577400,"Almonds, Shelled Basis",US,United States,1992,1993,0,86,Total Supply,21,(MT),315865.0
577400,"Almonds, Shelled Basis",US,United States,1993,1994,0,20,Beginning Stocks,21,(MT),60627.0
577400,"Almonds, Shelled Basis",US,United States,1993,1994,0,125,Domestic Consumption,21,(MT),77807.0
577400,"Almonds, Shelled Basis",US,United States,1993,1994,0,176,Ending Stocks,21,(MT),46539.0
577400,"Almonds, Shelled Basis",US,United States,1993,1994,0,88,Exports,21,(MT),158691.0
577400,"Almonds, Shelled Basis",US,United States,1993,1994,0,57,Imports,21,(MT),150.0
577400,"Almonds, Shelled Basis",US,United States,1993,1994,0,28,Production,21,(MT),222260.0
577400,"Almonds, Shelled Basis",US,United States,1993,1994,0,178,Total Distribution,21,(MT),283037.0
577400,"Almonds, Shelled Basis",US,United States,1993,1994,0,86,Total Supply,21,(MT),283037.0
577400,"Almonds, Shelled Basis",US,United States,1994,1995,0,20,Beginning Stocks,21,(MT),46539.0
577400,"Almonds, Shelled Basis",US,United States,1994,1995,0,125,Domestic Consumption,21,(MT),83939.0
577400,"Almonds, Shelled Basis",US,United States,1994,1995,0,176,Ending Stocks,21,(MT),92918.0
577400,"Almonds, Shelled Basis",US,United States,1994,1995,0,88,Exports,21,(MT),203255.0
577400,"Almonds, Shelled Basis",US,United States,1994,1995,0,57,Imports,21,(MT),179.0
577400,"Almonds, Shelled Basis",US,United States,1994,1995,0,28,Production,21,(MT),333394.0
577400,"Almonds, Shelled Basis",US,United States,1994,1995,0,178,Total Distribution,21,(MT),380112.0
577400,"Almonds, Shelled Basis",US,United States,1994,1995,0,86,Total Supply,21,(MT),380112.0
577400,"Almonds, Shelled Basis",US,United States,1995,1996,0,20,Beginning Stocks,21,(MT),92918.0
577400,"Almonds, Shelled Basis",US,United States,1995,1996,0,125,Domestic Consumption,21,(MT),66911.0
577400,"Almonds, Shelled Basis",US,United States,1995,1996,0,176,Ending Stocks,21,(MT),42093.0
577400,"Almonds, Shelled Basis",US,United States,1995,1996,0,88,Exports,21,(MT),151999.0
577400,"Almonds, Shelled Basis",US,United States,1995,1996,0,57,Imports,21,(MT),256.0
577400,"Almonds, Shelled Basis",US,United States,1995,1996,0,28,Production,21,(MT),167829.0
577400,"Almonds, Shelled Basis",US,United States,1995,1996,0,178,Total Distribution,21,(MT),261003.0
577400,"Almonds, Shelled Basis",US,United States,1995,1996,0,86,Total Supply,21,(MT),261003.0
577400,"Almonds, Shelled Basis",US,United States,1996,1997,0,20,Beginning Stocks,21,(MT),42093.0
577400,"Almonds, Shelled Basis",US,United States,1996,1997,0,125,Domestic Consumption,21,(MT),72011.0
577400,"Almonds, Shelled Basis",US,United States,1996,1997,0,176,Ending Stocks,21,(MT),21908.0
577400,"Almonds, Shelled Basis",US,United States,1996,1997,0,88,Exports,21,(MT),179577.0
577400,"Almonds, Shelled Basis",US,United States,1996,1997,0,57,Imports,21,(MT),71.0
577400,"Almonds, Shelled Basis",US,United States,1996,1997,0,28,Production,21,(MT),231332.0
577400,"Almonds, Shelled Basis",US,United States,1996,1997,0,178,Total Distribution,21,(MT),273496.0
577400,"Almonds, Shelled Basis",US,United States,1996,1997,0,86,Total Supply,21,(MT),273496.0
577400,"Almonds, Shelled Basis",US,United States,1997,1998,0,20,Beginning Stocks,21,(MT),21908.0
577400,"Almonds, Shelled Basis",US,United States,1997,1998,0,125,Domestic Consumption,21,(MT),82791.0
577400,"Almonds, Shelled Basis",US,United States,1997,1998,0,176,Ending Stocks,21,(MT),78017.0
577400,"Almonds, Shelled Basis",US,United States,1997,1998,0,88,Exports,21,(MT),205432.0
577400,"Almonds, Shelled Basis",US,United States,1997,1998,0,57,Imports,21,(MT),55.0
577400,"Almonds, Shelled Basis",US,United States,1997,1998,0,28,Production,21,(MT),344277.0
577400,"Almonds, Shelled Basis",US,United States,1997,1998,0,178,Total Distribution,21,(MT),366240.0
577400,"Almonds, Shelled Basis",US,United States,1997,1998,0,86,Total Supply,21,(MT),366240.0
577400,"Almonds, Shelled Basis",US,United States,1998,1999,0,20,Beginning Stocks,21,(MT),78017.0
577400,"Almonds, Shelled Basis",US,United States,1998,1999,0,125,Domestic Consumption,21,(MT),88414.0
577400,"Almonds, Shelled Basis",US,United States,1998,1999,0,176,Ending Stocks,21,(MT),41656.0
577400,"Almonds, Shelled Basis",US,United States,1998,1999,0,88,Exports,21,(MT),183917.0
577400,"Almonds, Shelled Basis",US,United States,1998,1999,0,57,Imports,21,(MT),86.0
577400,"Almonds, Shelled Basis",US,United States,1998,1999,0,28,Production,21,(MT),235884.0
577400,"Almonds, Shelled Basis",US,United States,1998,1999,0,178,Total Distribution,21,(MT),313987.0
577400,"Almonds, Shelled Basis",US,United States,1998,1999,0,86,Total Supply,21,(MT),313987.0
577400,"Almonds, Shelled Basis",US,United States,1999,2013,11,20,Beginning Stocks,21,(MT),41656.0
577400,"Almonds, Shelled Basis",US,United States,1999,2013,11,125,Domestic Consumption,21,(MT),111623.0
577400,"Almonds, Shelled Basis",US,United States,1999,2013,11,176,Ending Stocks,21,(MT),79765.0
577400,"Almonds, Shelled Basis",US,United States,1999,2013,11,88,Exports,21,(MT),228171.0
577400,"Almonds, Shelled Basis",US,United States,1999,2013,11,57,Imports,21,(MT),103.0
577400,"Almonds, Shelled Basis",US,United States,1999,2013,11,28,Production,21,(MT),377800.0
577400,"Almonds, Shelled Basis",US,United States,1999,2013,11,178,Total Distribution,21,(MT),419559.0
577400,"Almonds, Shelled Basis",US,United States,1999,2013,11,86,Total Supply,21,(MT),419559.0
577400,"Almonds, Shelled Basis",US,United States,2000,2013,11,20,Beginning Stocks,21,(MT),79765.0
577400,"Almonds, Shelled Basis",US,United States,2000,2013,11,125,Domestic Consumption,21,(MT),110220.0
577400,"Almonds, Shelled Basis",US,United States,2000,2013,11,176,Ending Stocks,21,(MT),48671.0
577400,"Almonds, Shelled Basis",US,United States,2000,2013,11,88,Exports,21,(MT),239802.0
577400,"Almonds, Shelled Basis",US,United States,2000,2013,11,57,Imports,21,(MT),28.0
577400,"Almonds, Shelled Basis",US,United States,2000,2013,11,28,Production,21,(MT),318900.0
577400,"Almonds, Shelled Basis",US,United States,2000,2013,11,178,Total Distribution,21,(MT),398693.0
577400,"Almonds, Shelled Basis",US,United States,2000,2013,11,86,Total Supply,21,(MT),398693.0
577400,"Almonds, Shelled Basis",US,United States,2001,2013,11,20,Beginning Stocks,21,(MT),48671.0
577400,"Almonds, Shelled Basis",US,United States,2001,2013,11,125,Domestic Consumption,21,(MT),123147.0
577400,"Almonds, Shelled Basis",US,United States,2001,2013,11,176,Ending Stocks,21,(MT),36706.0
577400,"Almonds, Shelled Basis",US,United States,2001,2013,11,88,Exports,21,(MT),265700.0
577400,"Almonds, Shelled Basis",US,United States,2001,2013,11,57,Imports,21,(MT),400.0
577400,"Almonds, Shelled Basis",US,United States,2001,2013,11,28,Production,21,(MT),376482.0
577400,"Almonds, Shelled Basis",US,United States,2001,2013,11,178,Total Distribution,21,(MT),425553.0
577400,"Almonds, Shelled Basis",US,United States,2001,2013,11,86,Total Supply,21,(MT),425553.0
577400,"Almonds, Shelled Basis",US,United States,2002,2014,10,20,Beginning Stocks,21,(MT),36706.0
577400,"Almonds, Shelled Basis",US,United States,2002,2014,10,125,Domestic Consumption,21,(MT),152918.0
577400,"Almonds, Shelled Basis",US,United States,2002,2014,10,176,Ending Stocks,21,(MT),73502.0
577400,"Almonds, Shelled Basis",US,United States,2002,2014,10,88,Exports,21,(MT),305547.0
577400,"Almonds, Shelled Basis",US,United States,2002,2014,10,57,Imports,21,(MT),845.0
577400,"Almonds, Shelled Basis",US,United States,2002,2014,10,28,Production,21,(MT),494416.0
577400,"Almonds, Shelled Basis",US,United States,2002,2014,10,178,Total Distribution,21,(MT),531967.0
577400,"Almonds, Shelled Basis",US,United States,2002,2014,10,86,Total Supply,21,(MT),531967.0
577400,"Almonds, Shelled Basis",US,United States,2003,2014,10,20,Beginning Stocks,21,(MT),73502.0
577400,"Almonds, Shelled Basis",US,United States,2003,2014,10,125,Domestic Consumption,21,(MT),161923.0
577400,"Almonds, Shelled Basis",US,United States,2003,2014,10,176,Ending Stocks,21,(MT),67558.0
577400,"Almonds, Shelled Basis",US,United States,2003,2014,10,88,Exports,21,(MT),317014.0
577400,"Almonds, Shelled Basis",US,United States,2003,2014,10,57,Imports,21,(MT),1257.0
577400,"Almonds, Shelled Basis",US,United States,2003,2014,10,28,Production,21,(MT),471736.0
577400,"Almonds, Shelled Basis",US,United States,2003,2014,10,178,Total Distribution,21,(MT),546495.0
577400,"Almonds, Shelled Basis",US,United States,2003,2014,10,86,Total Supply,21,(MT),546495.0
577400,"Almonds, Shelled Basis",US,United States,2004,2014,10,20,Beginning Stocks,21,(MT),67558.0
577400,"Almonds, Shelled Basis",US,United States,2004,2014,10,125,Domestic Consumption,21,(MT),140268.0
577400,"Almonds, Shelled Basis",US,United States,2004,2014,10,176,Ending Stocks,21,(MT),62452.0
577400,"Almonds, Shelled Basis",US,United States,2004,2014,10,88,Exports,21,(MT),323266.0
577400,"Almonds, Shelled Basis",US,United States,2004,2014,10,57,Imports,21,(MT),2568.0
577400,"Almonds, Shelled Basis",US,United States,2004,2014,10,28,Production,21,(MT),455860.0
577400,"Almonds, Shelled Basis",US,United States,2004,2014,10,178,Total Distribution,21,(MT),525986.0
577400,"Almonds, Shelled Basis",US,United States,2004,2014,10,86,Total Supply,21,(MT),525986.0
577400,"Almonds, Shelled Basis",US,United States,2005,2014,10,20,Beginning Stocks,21,(MT),62452.0
577400,"Almonds, Shelled Basis",US,United States,2005,2014,10,125,Domestic Consumption,21,(MT),100334.0
577400,"Almonds, Shelled Basis",US,United States,2005,2014,10,176,Ending Stocks,21,(MT),50903.0
577400,"Almonds, Shelled Basis",US,United States,2005,2014,10,88,Exports,21,(MT),330428.0
577400,"Almonds, Shelled Basis",US,United States,2005,2014,10,57,Imports,21,(MT),4176.0
577400,"Almonds, Shelled Basis",US,United States,2005,2014,10,28,Production,21,(MT),415037.0
577400,"Almonds, Shelled Basis",US,United States,2005,2014,10,178,Total Distribution,21,(MT),481665.0
577400,"Almonds, Shelled Basis",US,United States,2005,2014,10,86,Total Supply,21,(MT),481665.0
577400,"Almonds, Shelled Basis",US,United States,2006,2014,10,20,Beginning Stocks,21,(MT),50903.0
577400,"Almonds, Shelled Basis",US,United States,2006,2014,10,125,Domestic Consumption,21,(MT),153517.0
577400,"Almonds, Shelled Basis",US,United States,2006,2014,10,176,Ending Stocks,21,(MT),60759.0
577400,"Almonds, Shelled Basis",US,United States,2006,2014,10,88,Exports,21,(MT),348342.0
577400,"Almonds, Shelled Basis",US,United States,2006,2014,10,57,Imports,21,(MT),3692.0
577400,"Almonds, Shelled Basis",US,United States,2006,2014,10,28,Production,21,(MT),508023.0
577400,"Almonds, Shelled Basis",US,United States,2006,2014,10,178,Total Distribution,21,(MT),562618.0
577400,"Almonds, Shelled Basis",US,United States,2006,2014,10,86,Total Supply,21,(MT),562618.0
577400,"Almonds, Shelled Basis",US,United States,2007,2014,10,20,Beginning Stocks,21,(MT),60759.0
577400,"Almonds, Shelled Basis",US,United States,2007,2014,10,125,Domestic Consumption,21,(MT),185275.0
577400,"Almonds, Shelled Basis",US,United States,2007,2014,10,176,Ending Stocks,21,(MT),104849.0
577400,"Almonds, Shelled Basis",US,United States,2007,2014,10,88,Exports,21,(MT),404352.0
577400,"Almonds, Shelled Basis",US,United States,2007,2014,10,57,Imports,21,(MT),3224.0
577400,"Almonds, Shelled Basis",US,United States,2007,2014,10,28,Production,21,(MT),630493.0
577400,"Almonds, Shelled Basis",US,United States,2007,2014,10,178,Total Distribution,21,(MT),694476.0
577400,"Almonds, Shelled Basis",US,United States,2007,2014,10,86,Total Supply,21,(MT),694476.0
577400,"Almonds, Shelled Basis",US,United States,2008,2017,10,20,Beginning Stocks,21,(MT),104849.0
577400,"Almonds, Shelled Basis",US,United States,2008,2017,10,125,Domestic Consumption,21,(MT),214129.0
577400,"Almonds, Shelled Basis",US,United States,2008,2017,10,176,Ending Stocks,21,(MT),187667.0
577400,"Almonds, Shelled Basis",US,United States,2008,2017,10,88,Exports,21,(MT),444329.0
577400,"Almonds, Shelled Basis",US,United States,2008,2017,10,57,Imports,21,(MT),1920.0
577400,"Almonds, Shelled Basis",US,United States,2008,2017,10,28,Production,21,(MT),739356.0
577400,"Almonds, Shelled Basis",US,United States,2008,2017,10,178,Total Distribution,21,(MT),846125.0
577400,"Almonds, Shelled Basis",US,United States,2008,2017,10,86,Total Supply,21,(MT),846125.0
577400,"Almonds, Shelled Basis",US,United States,2009,2017,10,20,Beginning Stocks,21,(MT),187667.0
577400,"Almonds, Shelled Basis",US,United States,2009,2017,10,125,Domestic Consumption,21,(MT),216516.0
577400,"Almonds, Shelled Basis",US,United States,2009,2017,10,176,Ending Stocks,21,(MT),145719.0
577400,"Almonds, Shelled Basis",US,United States,2009,2017,10,88,Exports,21,(MT),467542.0
577400,"Almonds, Shelled Basis",US,United States,2009,2017,10,57,Imports,21,(MT),2545.0
577400,"Almonds, Shelled Basis",US,United States,2009,2017,10,28,Production,21,(MT),639565.0
577400,"Almonds, Shelled Basis",US,United States,2009,2017,10,178,Total Distribution,21,(MT),829777.0
577400,"Almonds, Shelled Basis",US,United States,2009,2017,10,86,Total Supply,21,(MT),829777.0
577400,"Almonds, Shelled Basis",US,United States,2010,2017,10,20,Beginning Stocks,21,(MT),145719.0
577400,"Almonds, Shelled Basis",US,United States,2010,2017,10,125,Domestic Consumption,21,(MT),239156.0
577400,"Almonds, Shelled Basis",US,United States,2010,2017,10,176,Ending Stocks,21,(MT),115194.0
577400,"Almonds, Shelled Basis",US,United States,2010,2017,10,88,Exports,21,(MT),538937.0
577400,"Almonds, Shelled Basis",US,United States,2010,2017,10,57,Imports,21,(MT),3677.0
577400,"Almonds, Shelled Basis",US,United States,2010,2017,10,28,Production,21,(MT),743891.0
577400,"Almonds, Shelled Basis",US,United States,2010,2017,10,178,Total Distribution,21,(MT),893287.0
577400,"Almonds, Shelled Basis",US,United States,2010,2017,10,86,Total Supply,21,(MT),893287.0
577400,"Almonds, Shelled Basis",US,United States,2011,2017,10,20,Beginning Stocks,21,(MT),115194.0
577400,"Almonds, Shelled Basis",US,United States,2011,2017,10,125,Domestic Consumption,21,(MT),275186.0
577400,"Almonds, Shelled Basis",US,United States,2011,2017,10,176,Ending Stocks,21,(MT),152059.0
577400,"Almonds, Shelled Basis",US,United States,2011,2017,10,88,Exports,21,(MT),615966.0
577400,"Almonds, Shelled Basis",US,United States,2011,2017,10,57,Imports,21,(MT),7224.0
577400,"Almonds, Shelled Basis",US,United States,2011,2017,10,28,Production,21,(MT),920793.0
577400,"Almonds, Shelled Basis",US,United States,2011,2017,10,178,Total Distribution,21,(MT),1043211.0
577400,"Almonds, Shelled Basis",US,United States,2011,2017,10,86,Total Supply,21,(MT),1043211.0
577400,"Almonds, Shelled Basis",US,United States,2012,2018,10,20,Beginning Stocks,21,(MT),152059.0
577400,"Almonds, Shelled Basis",US,United States,2012,2018,10,125,Domestic Consumption,21,(MT),302260.0
577400,"Almonds, Shelled Basis",US,United States,2012,2018,10,176,Ending Stocks,21,(MT),143891.0
577400,"Almonds, Shelled Basis",US,United States,2012,2018,10,88,Exports,21,(MT),581090.0
577400,"Almonds, Shelled Basis",US,United States,2012,2018,10,57,Imports,21,(MT),17892.0
577400,"Almonds, Shelled Basis",US,United States,2012,2018,10,28,Production,21,(MT),857290.0
577400,"Almonds, Shelled Basis",US,United States,2012,2018,10,178,Total Distribution,21,(MT),1027241.0
577400,"Almonds, Shelled Basis",US,United States,2012,2018,10,86,Total Supply,21,(MT),1027241.0
577400,"Almonds, Shelled Basis",US,United States,2013,2018,10,20,Beginning Stocks,21,(MT),143891.0
577400,"Almonds, Shelled Basis",US,United States,2013,2018,10,125,Domestic Consumption,21,(MT),305580.0
577400,"Almonds, Shelled Basis",US,United States,2013,2018,10,176,Ending Stocks,21,(MT),159013.0
577400,"Almonds, Shelled Basis",US,United States,2013,2018,10,88,Exports,21,(MT),606408.0
577400,"Almonds, Shelled Basis",US,United States,2013,2018,10,57,Imports,21,(MT),15390.0
577400,"Almonds, Shelled Basis",US,United States,2013,2018,10,28,Production,21,(MT),911720.0
577400,"Almonds, Shelled Basis",US,United States,2013,2018,10,178,Total Distribution,21,(MT),1071001.0
577400,"Almonds, Shelled Basis",US,United States,2013,2018,10,86,Total Supply,21,(MT),1071001.0
577400,"Almonds, Shelled Basis",US,United States,2014,2018,10,20,Beginning Stocks,21,(MT),159013.0
577400,"Almonds, Shelled Basis",US,United States,2014,2018,10,125,Domestic Consumption,21,(MT),274851.0
577400,"Almonds, Shelled Basis",US,United States,2014,2018,10,176,Ending Stocks,21,(MT),170829.0
577400,"Almonds, Shelled Basis",US,United States,2014,2018,10,88,Exports,21,(MT),575700.0
577400,"Almonds, Shelled Basis",US,United States,2014,2018,10,57,Imports,21,(MT),14147.0
577400,"Almonds, Shelled Basis",US,United States,2014,2018,10,28,Production,21,(MT),848220.0
577400,"Almonds, Shelled Basis",US,United States,2014,2018,10,178,Total Distribution,21,(MT),1021380.0
577400,"Almonds, Shelled Basis",US,United States,2014,2018,10,86,Total Supply,21,(MT),1021380.0
577400,"Almonds, Shelled Basis",US,United States,2015,2019,10,20,Beginning Stocks,21,(MT),170829.0
577400,"Almonds, Shelled Basis",US,United States,2015,2019,10,125,Domestic Consumption,21,(MT),283064.0
577400,"Almonds, Shelled Basis",US,United States,2015,2019,10,176,Ending Stocks,21,(MT),186881.0
577400,"Almonds, Shelled Basis",US,United States,2015,2019,10,88,Exports,21,(MT),577127.0
577400,"Almonds, Shelled Basis",US,United States,2015,2019,10,57,Imports,21,(MT),14413.0
577400,"Almonds, Shelled Basis",US,United States,2015,2019,10,28,Production,21,(MT),861830.0
577400,"Almonds, Shelled Basis",US,United States,2015,2019,10,178,Total Distribution,21,(MT),1047072.0
577400,"Almonds, Shelled Basis",US,United States,2015,2019,10,86,Total Supply,21,(MT),1047072.0
577400,"Almonds, Shelled Basis",US,United States,2016,2020,10,20,Beginning Stocks,21,(MT),186881.0
577400,"Almonds, Shelled Basis",US,United States,2016,2020,10,125,Domestic Consumption,21,(MT),337276.0
577400,"Almonds, Shelled Basis",US,United States,2016,2020,10,176,Ending Stocks,21,(MT),180837.0
577400,"Almonds, Shelled Basis",US,United States,2016,2020,10,88,Exports,21,(MT),651517.0
577400,"Almonds, Shelled Basis",US,United States,2016,2020,10,57,Imports,21,(MT),12059.0
577400,"Almonds, Shelled Basis",US,United States,2016,2020,10,28,Production,21,(MT),970690.0
577400,"Almonds, Shelled Basis",US,United States,2016,2020,10,178,Total Distribution,21,(MT),1169630.0
577400,"Almonds, Shelled Basis",US,United States,2016,2020,10,86,Total Supply,21,(MT),1169630.0
577400,"Almonds, Shelled Basis",US,United States,2017,2020,10,20,Beginning Stocks,21,(MT),180837.0
577400,"Almonds, Shelled Basis",US,United States,2017,2020,10,125,Domestic Consumption,21,(MT),366193.0
577400,"Almonds, Shelled Basis",US,United States,2017,2020,10,176,Ending Stocks,21,(MT),162846.0
577400,"Almonds, Shelled Basis",US,United States,2017,2020,10,88,Exports,21,(MT),696200.0
577400,"Almonds, Shelled Basis",US,United States,2017,2020,10,57,Imports,21,(MT),14752.0
577400,"Almonds, Shelled Basis",US,United States,2017,2020,10,28,Production,21,(MT),1029650.0
577400,"Almonds, Shelled Basis",US,United States,2017,2020,10,178,Total Distribution,21,(MT),1225239.0
577400,"Almonds, Shelled Basis",US,United States,2017,2020,10,86,Total Supply,21,(MT),1225239.0
577400,"Almonds, Shelled Basis",US,United States,2018,2020,10,20,Beginning Stocks,21,(MT),162846.0
577400,"Almonds, Shelled Basis",US,United States,2018,2020,10,125,Domestic Consumption,21,(MT),375664.0
577400,"Almonds, Shelled Basis",US,United States,2018,2020,10,176,Ending Stocks,21,(MT),144387.0
577400,"Almonds, Shelled Basis",US,United States,2018,2020,10,88,Exports,21,(MT),691629.0
577400,"Almonds, Shelled Basis",US,United States,2018,2020,10,57,Imports,21,(MT),14644.0
577400,"Almonds, Shelled Basis",US,United States,2018,2020,10,28,Production,21,(MT),1034190.0
577400,"Almonds, Shelled Basis",US,United States,2018,2020,10,178,Total Distribution,21,(MT),1211680.0
577400,"Almonds, Shelled Basis",US,United States,2018,2020,10,86,Total Supply,21,(MT),1211680.0
577400,"Almonds, Shelled Basis",US,United States,2019,2020,10,20,Beginning Stocks,21,(MT),144387.0
577400,"Almonds, Shelled Basis",US,United States,2019,2020,10,125,Domestic Consumption,21,(MT),377717.0
577400,"Almonds, Shelled Basis",US,United States,2019,2020,10,176,Ending Stocks,21,(MT),204162.0
577400,"Almonds, Shelled Basis",US,United States,2019,2020,10,88,Exports,21,(MT),731107.0
577400,"Almonds, Shelled Basis",US,United States,2019,2020,10,57,Imports,21,(MT),11939.0
577400,"Almonds, Shelled Basis",US,United States,2019,2020,10,28,Production,21,(MT),1156660.0
577400,"Almonds, Shelled Basis",US,United States,2019,2020,10,178,Total Distribution,21,(MT),1312986.0
577400,"Almonds, Shelled Basis",US,United States,2019,2020,10,86,Total Supply,21,(MT),1312986.0
577400,"Almonds, Shelled Basis",US,United States,2020,2020,10,20,Beginning Stocks,21,(MT),204162.0
577400,"Almonds, Shelled Basis",US,United States,2020,2020,10,125,Domestic Consumption,21,(MT),425000.0
577400,"Almonds, Shelled Basis",US,United States,2020,2020,10,176,Ending Stocks,21,(MT),324942.0
577400,"Almonds, Shelled Basis",US,United States,2020,2020,10,88,Exports,21,(MT),825000.0
577400,"Almonds, Shelled Basis",US,United States,2020,2020,10,57,Imports,21,(MT),10000.0
577400,"Almonds, Shelled Basis",US,United States,2020,2020,10,28,Production,21,(MT),1360780.0
577400,"Almonds, Shelled Basis",US,United States,2020,2020,10,178,Total Distribution,21,(MT),1574942.0
577400,"Almonds, Shelled Basis",US,United States,2020,2020,10,86,Total Supply,21,(MT),1574942.0
577400,"Almonds, Shelled Basis",VM,Vietnam,2001,2012,10,20,Beginning Stocks,21,(MT),0.0
577400,"Almonds, Shelled Basis",VM,Vietnam,2001,2012,10,125,Domestic Consumption,21,(MT),0.0
577400,"Almonds, Shelled Basis",VM,Vietnam,2001,2012,10,176,Ending Stocks,21,(MT),0.0
577400,"Almonds, Shelled Basis",VM,Vietnam,2001,2012,10,88,Exports,21,(MT),0.0
577400,"Almonds, Shelled Basis",VM,Vietnam,2001,2012,10,57,Imports,21,(MT),0.0
577400,"Almonds, Shelled Basis",VM,Vietnam,2001,2012,10,28,Production,21,(MT),0.0
577400,"Almonds, Shelled Basis",VM,Vietnam,2001,2012,10,178,Total Distribution,21,(MT),0.0
577400,"Almonds, Shelled Basis",VM,Vietnam,2001,2012,10,86,Total Supply,21,(MT),0.0
577400,"Almonds, Shelled Basis",VM,Vietnam,2002,2012,10,20,Beginning Stocks,21,(MT),0.0
577400,"Almonds, Shelled Basis",VM,Vietnam,2002,2012,10,125,Domestic Consumption,21,(MT),0.0
577400,"Almonds, Shelled Basis",VM,Vietnam,2002,2012,10,176,Ending Stocks,21,(MT),0.0
577400,"Almonds, Shelled Basis",VM,Vietnam,2002,2012,10,88,Exports,21,(MT),0.0
577400,"Almonds, Shelled Basis",VM,Vietnam,2002,2012,10,57,Imports,21,(MT),0.0
577400,"Almonds, Shelled Basis",VM,Vietnam,2002,2012,10,28,Production,21,(MT),0.0
577400,"Almonds, Shelled Basis",VM,Vietnam,2002,2012,10,178,Total Distribution,21,(MT),0.0
577400,"Almonds, Shelled Basis",VM,Vietnam,2002,2012,10,86,Total Supply,21,(MT),0.0
577400,"Almonds, Shelled Basis",VM,Vietnam,2003,2012,10,20,Beginning Stocks,21,(MT),0.0
577400,"Almonds, Shelled Basis",VM,Vietnam,2003,2012,10,125,Domestic Consumption,21,(MT),0.0
577400,"Almonds, Shelled Basis",VM,Vietnam,2003,2012,10,176,Ending Stocks,21,(MT),0.0
577400,"Almonds, Shelled Basis",VM,Vietnam,2003,2012,10,88,Exports,21,(MT),0.0
577400,"Almonds, Shelled Basis",VM,Vietnam,2003,2012,10,57,Imports,21,(MT),0.0
577400,"Almonds, Shelled Basis",VM,Vietnam,2003,2012,10,28,Production,21,(MT),0.0
577400,"Almonds, Shelled Basis",VM,Vietnam,2003,2012,10,178,Total Distribution,21,(MT),0.0
577400,"Almonds, Shelled Basis",VM,Vietnam,2003,2012,10,86,Total Supply,21,(MT),0.0
577400,"Almonds, Shelled Basis",VM,Vietnam,2004,2012,10,20,Beginning Stocks,21,(MT),0.0
577400,"Almonds, Shelled Basis",VM,Vietnam,2004,2012,10,125,Domestic Consumption,21,(MT),0.0
577400,"Almonds, Shelled Basis",VM,Vietnam,2004,2012,10,176,Ending Stocks,21,(MT),0.0
577400,"Almonds, Shelled Basis",VM,Vietnam,2004,2012,10,88,Exports,21,(MT),0.0
577400,"Almonds, Shelled Basis",VM,Vietnam,2004,2012,10,57,Imports,21,(MT),0.0
577400,"Almonds, Shelled Basis",VM,Vietnam,2004,2012,10,28,Production,21,(MT),0.0
577400,"Almonds, Shelled Basis",VM,Vietnam,2004,2012,10,178,Total Distribution,21,(MT),0.0
577400,"Almonds, Shelled Basis",VM,Vietnam,2004,2012,10,86,Total Supply,21,(MT),0.0
577400,"Almonds, Shelled Basis",VM,Vietnam,2005,2012,10,20,Beginning Stocks,21,(MT),0.0
577400,"Almonds, Shelled Basis",VM,Vietnam,2005,2012,10,125,Domestic Consumption,21,(MT),0.0
577400,"Almonds, Shelled Basis",VM,Vietnam,2005,2012,10,176,Ending Stocks,21,(MT),0.0
577400,"Almonds, Shelled Basis",VM,Vietnam,2005,2012,10,88,Exports,21,(MT),0.0
577400,"Almonds, Shelled Basis",VM,Vietnam,2005,2012,10,57,Imports,21,(MT),0.0
577400,"Almonds, Shelled Basis",VM,Vietnam,2005,2012,10,28,Production,21,(MT),0.0
577400,"Almonds, Shelled Basis",VM,Vietnam,2005,2012,10,178,Total Distribution,21,(MT),0.0
577400,"Almonds, Shelled Basis",VM,Vietnam,2005,2012,10,86,Total Supply,21,(MT),0.0
577400,"Almonds, Shelled Basis",VM,Vietnam,2006,2012,10,20,Beginning Stocks,21,(MT),0.0
577400,"Almonds, Shelled Basis",VM,Vietnam,2006,2012,10,125,Domestic Consumption,21,(MT),0.0
577400,"Almonds, Shelled Basis",VM,Vietnam,2006,2012,10,176,Ending Stocks,21,(MT),0.0
577400,"Almonds, Shelled Basis",VM,Vietnam,2006,2012,10,88,Exports,21,(MT),0.0
577400,"Almonds, Shelled Basis",VM,Vietnam,2006,2012,10,57,Imports,21,(MT),0.0
577400,"Almonds, Shelled Basis",VM,Vietnam,2006,2012,10,28,Production,21,(MT),0.0
577400,"Almonds, Shelled Basis",VM,Vietnam,2006,2012,10,178,Total Distribution,21,(MT),0.0
577400,"Almonds, Shelled Basis",VM,Vietnam,2006,2012,10,86,Total Supply,21,(MT),0.0
577400,"Almonds, Shelled Basis",VM,Vietnam,2007,2012,10,20,Beginning Stocks,21,(MT),0.0
577400,"Almonds, Shelled Basis",VM,Vietnam,2007,2012,10,125,Domestic Consumption,21,(MT),0.0
577400,"Almonds, Shelled Basis",VM,Vietnam,2007,2012,10,176,Ending Stocks,21,(MT),0.0
577400,"Almonds, Shelled Basis",VM,Vietnam,2007,2012,10,88,Exports,21,(MT),0.0
577400,"Almonds, Shelled Basis",VM,Vietnam,2007,2012,10,57,Imports,21,(MT),0.0
577400,"Almonds, Shelled Basis",VM,Vietnam,2007,2012,10,28,Production,21,(MT),0.0
577400,"Almonds, Shelled Basis",VM,Vietnam,2007,2012,10,178,Total Distribution,21,(MT),0.0
577400,"Almonds, Shelled Basis",VM,Vietnam,2007,2012,10,86,Total Supply,21,(MT),0.0
577400,"Almonds, Shelled Basis",VM,Vietnam,2008,2012,10,20,Beginning Stocks,21,(MT),0.0
577400,"Almonds, Shelled Basis",VM,Vietnam,2008,2012,10,125,Domestic Consumption,21,(MT),0.0
577400,"Almonds, Shelled Basis",VM,Vietnam,2008,2012,10,176,Ending Stocks,21,(MT),0.0
577400,"Almonds, Shelled Basis",VM,Vietnam,2008,2012,10,88,Exports,21,(MT),0.0
577400,"Almonds, Shelled Basis",VM,Vietnam,2008,2012,10,57,Imports,21,(MT),0.0
577400,"Almonds, Shelled Basis",VM,Vietnam,2008,2012,10,28,Production,21,(MT),0.0
577400,"Almonds, Shelled Basis",VM,Vietnam,2008,2012,10,178,Total Distribution,21,(MT),0.0
577400,"Almonds, Shelled Basis",VM,Vietnam,2008,2012,10,86,Total Supply,21,(MT),0.0
577400,"Almonds, Shelled Basis",VM,Vietnam,2009,2012,10,20,Beginning Stocks,21,(MT),0.0
577400,"Almonds, Shelled Basis",VM,Vietnam,2009,2012,10,125,Domestic Consumption,21,(MT),0.0
577400,"Almonds, Shelled Basis",VM,Vietnam,2009,2012,10,176,Ending Stocks,21,(MT),0.0
577400,"Almonds, Shelled Basis",VM,Vietnam,2009,2012,10,88,Exports,21,(MT),0.0
577400,"Almonds, Shelled Basis",VM,Vietnam,2009,2012,10,57,Imports,21,(MT),0.0
577400,"Almonds, Shelled Basis",VM,Vietnam,2009,2012,10,28,Production,21,(MT),0.0
577400,"Almonds, Shelled Basis",VM,Vietnam,2009,2012,10,178,Total Distribution,21,(MT),0.0
577400,"Almonds, Shelled Basis",VM,Vietnam,2009,2012,10,86,Total Supply,21,(MT),0.0
577400,"Almonds, Shelled Basis",VM,Vietnam,2010,2012,10,20,Beginning Stocks,21,(MT),0.0
577400,"Almonds, Shelled Basis",VM,Vietnam,2010,2012,10,125,Domestic Consumption,21,(MT),0.0
577400,"Almonds, Shelled Basis",VM,Vietnam,2010,2012,10,176,Ending Stocks,21,(MT),0.0
577400,"Almonds, Shelled Basis",VM,Vietnam,2010,2012,10,88,Exports,21,(MT),0.0
577400,"Almonds, Shelled Basis",VM,Vietnam,2010,2012,10,57,Imports,21,(MT),0.0
577400,"Almonds, Shelled Basis",VM,Vietnam,2010,2012,10,28,Production,21,(MT),0.0
577400,"Almonds, Shelled Basis",VM,Vietnam,2010,2012,10,178,Total Distribution,21,(MT),0.0
577400,"Almonds, Shelled Basis",VM,Vietnam,2010,2012,10,86,Total Supply,21,(MT),0.0
577400,"Almonds, Shelled Basis",VM,Vietnam,2011,2012,10,20,Beginning Stocks,21,(MT),0.0
577400,"Almonds, Shelled Basis",VM,Vietnam,2011,2012,10,125,Domestic Consumption,21,(MT),0.0
577400,"Almonds, Shelled Basis",VM,Vietnam,2011,2012,10,176,Ending Stocks,21,(MT),0.0
577400,"Almonds, Shelled Basis",VM,Vietnam,2011,2012,10,88,Exports,21,(MT),0.0
577400,"Almonds, Shelled Basis",VM,Vietnam,2011,2012,10,57,Imports,21,(MT),0.0
577400,"Almonds, Shelled Basis",VM,Vietnam,2011,2012,10,28,Production,21,(MT),0.0
577400,"Almonds, Shelled Basis",VM,Vietnam,2011,2012,10,178,Total Distribution,21,(MT),0.0
577400,"Almonds, Shelled Basis",VM,Vietnam,2011,2012,10,86,Total Supply,21,(MT),0.0
577400,"Almonds, Shelled Basis",VM,Vietnam,2012,2012,10,20,Beginning Stocks,21,(MT),0.0
577400,"Almonds, Shelled Basis",VM,Vietnam,2012,2012,10,125,Domestic Consumption,21,(MT),0.0
577400,"Almonds, Shelled Basis",VM,Vietnam,2012,2012,10,176,Ending Stocks,21,(MT),0.0
577400,"Almonds, Shelled Basis",VM,Vietnam,2012,2012,10,88,Exports,21,(MT),0.0
577400,"Almonds, Shelled Basis",VM,Vietnam,2012,2012,10,57,Imports,21,(MT),0.0
577400,"Almonds, Shelled Basis",VM,Vietnam,2012,2012,10,28,Production,21,(MT),0.0
577400,"Almonds, Shelled Basis",VM,Vietnam,2012,2012,10,178,Total Distribution,21,(MT),0.0
577400,"Almonds, Shelled Basis",VM,Vietnam,2012,2012,10,86,Total Supply,21,(MT),0.0
577400,"Almonds, Shelled Basis",VM,Vietnam,2013,2013,10,20,Beginning Stocks,21,(MT),0.0
577400,"Almonds, Shelled Basis",VM,Vietnam,2013,2013,10,125,Domestic Consumption,21,(MT),0.0
577400,"Almonds, Shelled Basis",VM,Vietnam,2013,2013,10,176,Ending Stocks,21,(MT),0.0
577400,"Almonds, Shelled Basis",VM,Vietnam,2013,2013,10,88,Exports,21,(MT),0.0
577400,"Almonds, Shelled Basis",VM,Vietnam,2013,2013,10,57,Imports,21,(MT),0.0
577400,"Almonds, Shelled Basis",VM,Vietnam,2013,2013,10,28,Production,21,(MT),0.0
577400,"Almonds, Shelled Basis",VM,Vietnam,2013,2013,10,178,Total Distribution,21,(MT),0.0
577400,"Almonds, Shelled Basis",VM,Vietnam,2013,2013,10,86,Total Supply,21,(MT),0.0
577400,"Almonds, Shelled Basis",VM,Vietnam,2014,2015,3,20,Beginning Stocks,21,(MT),0.0
577400,"Almonds, Shelled Basis",VM,Vietnam,2014,2015,3,125,Domestic Consumption,21,(MT),0.0
577400,"Almonds, Shelled Basis",VM,Vietnam,2014,2015,3,176,Ending Stocks,21,(MT),0.0
577400,"Almonds, Shelled Basis",VM,Vietnam,2014,2015,3,88,Exports,21,(MT),0.0
577400,"Almonds, Shelled Basis",VM,Vietnam,2014,2015,3,57,Imports,21,(MT),0.0
577400,"Almonds, Shelled Basis",VM,Vietnam,2014,2015,3,28,Production,21,(MT),0.0
577400,"Almonds, Shelled Basis",VM,Vietnam,2014,2015,3,178,Total Distribution,21,(MT),0.0
577400,"Almonds, Shelled Basis",VM,Vietnam,2014,2015,3,86,Total Supply,21,(MT),0.0
577400,"Almonds, Shelled Basis",VM,Vietnam,2015,2016,8,20,Beginning Stocks,21,(MT),0.0
577400,"Almonds, Shelled Basis",VM,Vietnam,2015,2016,8,125,Domestic Consumption,21,(MT),0.0
577400,"Almonds, Shelled Basis",VM,Vietnam,2015,2016,8,176,Ending Stocks,21,(MT),0.0
577400,"Almonds, Shelled Basis",VM,Vietnam,2015,2016,8,88,Exports,21,(MT),0.0
577400,"Almonds, Shelled Basis",VM,Vietnam,2015,2016,8,57,Imports,21,(MT),0.0
577400,"Almonds, Shelled Basis",VM,Vietnam,2015,2016,8,28,Production,21,(MT),0.0
577400,"Almonds, Shelled Basis",VM,Vietnam,2015,2016,8,178,Total Distribution,21,(MT),0.0
577400,"Almonds, Shelled Basis",VM,Vietnam,2015,2016,8,86,Total Supply,21,(MT),0.0
577400,"Almonds, Shelled Basis",VM,Vietnam,2016,2017,2,20,Beginning Stocks,21,(MT),0.0
577400,"Almonds, Shelled Basis",VM,Vietnam,2016,2017,2,125,Domestic Consumption,21,(MT),0.0
577400,"Almonds, Shelled Basis",VM,Vietnam,2016,2017,2,176,Ending Stocks,21,(MT),0.0
577400,"Almonds, Shelled Basis",VM,Vietnam,2016,2017,2,88,Exports,21,(MT),0.0
577400,"Almonds, Shelled Basis",VM,Vietnam,2016,2017,2,57,Imports,21,(MT),0.0
577400,"Almonds, Shelled Basis",VM,Vietnam,2016,2017,2,28,Production,21,(MT),0.0
577400,"Almonds, Shelled Basis",VM,Vietnam,2016,2017,2,178,Total Distribution,21,(MT),0.0
577400,"Almonds, Shelled Basis",VM,Vietnam,2016,2017,2,86,Total Supply,21,(MT),0.0
577400,"Almonds, Shelled Basis",VM,Vietnam,2017,2017,10,20,Beginning Stocks,21,(MT),0.0
577400,"Almonds, Shelled Basis",VM,Vietnam,2017,2017,10,125,Domestic Consumption,21,(MT),0.0
577400,"Almonds, Shelled Basis",VM,Vietnam,2017,2017,10,176,Ending Stocks,21,(MT),0.0
577400,"Almonds, Shelled Basis",VM,Vietnam,2017,2017,10,88,Exports,21,(MT),0.0
577400,"Almonds, Shelled Basis",VM,Vietnam,2017,2017,10,57,Imports,21,(MT),0.0
577400,"Almonds, Shelled Basis",VM,Vietnam,2017,2017,10,28,Production,21,(MT),0.0
577400,"Almonds, Shelled Basis",VM,Vietnam,2017,2017,10,178,Total Distribution,21,(MT),0.0
577400,"Almonds, Shelled Basis",VM,Vietnam,2017,2017,10,86,Total Supply,21,(MT),0.0
577400,"Almonds, Shelled Basis",VM,Vietnam,2018,2018,10,20,Beginning Stocks,21,(MT),0.0
577400,"Almonds, Shelled Basis",VM,Vietnam,2018,2018,10,125,Domestic Consumption,21,(MT),0.0
577400,"Almonds, Shelled Basis",VM,Vietnam,2018,2018,10,176,Ending Stocks,21,(MT),0.0
577400,"Almonds, Shelled Basis",VM,Vietnam,2018,2018,10,88,Exports,21,(MT),0.0
577400,"Almonds, Shelled Basis",VM,Vietnam,2018,2018,10,57,Imports,21,(MT),0.0
577400,"Almonds, Shelled Basis",VM,Vietnam,2018,2018,10,28,Production,21,(MT),0.0
577400,"Almonds, Shelled Basis",VM,Vietnam,2018,2018,10,178,Total Distribution,21,(MT),0.0
577400,"Almonds, Shelled Basis",VM,Vietnam,2018,2018,10,86,Total Supply,21,(MT),0.0
577400,"Almonds, Shelled Basis",VM,Vietnam,2019,2019,10,20,Beginning Stocks,21,(MT),0.0
577400,"Almonds, Shelled Basis",VM,Vietnam,2019,2019,10,125,Domestic Consumption,21,(MT),0.0
577400,"Almonds, Shelled Basis",VM,Vietnam,2019,2019,10,176,Ending Stocks,21,(MT),0.0
577400,"Almonds, Shelled Basis",VM,Vietnam,2019,2019,10,88,Exports,21,(MT),0.0
577400,"Almonds, Shelled Basis",VM,Vietnam,2019,2019,10,57,Imports,21,(MT),0.0
577400,"Almonds, Shelled Basis",VM,Vietnam,2019,2019,10,28,Production,21,(MT),0.0
577400,"Almonds, Shelled Basis",VM,Vietnam,2019,2019,10,178,Total Distribution,21,(MT),0.0
577400,"Almonds, Shelled Basis",VM,Vietnam,2019,2019,10,86,Total Supply,21,(MT),0.0
577400,"Almonds, Shelled Basis",VM,Vietnam,2020,2020,10,20,Beginning Stocks,21,(MT),0.0
577400,"Almonds, Shelled Basis",VM,Vietnam,2020,2020,10,125,Domestic Consumption,21,(MT),0.0
577400,"Almonds, Shelled Basis",VM,Vietnam,2020,2020,10,176,Ending Stocks,21,(MT),0.0
577400,"Almonds, Shelled Basis",VM,Vietnam,2020,2020,10,88,Exports,21,(MT),0.0
577400,"Almonds, Shelled Basis",VM,Vietnam,2020,2020,10,57,Imports,21,(MT),0.0
577400,"Almonds, Shelled Basis",VM,Vietnam,2020,2020,10,28,Production,21,(MT),0.0
577400,"Almonds, Shelled Basis",VM,Vietnam,2020,2020,10,178,Total Distribution,21,(MT),0.0
577400,"Almonds, Shelled Basis",VM,Vietnam,2020,2020,10,86,Total Supply,21,(MT),0.0
